observed_at,provider_event_id,date,home_team,away_team,market,selection,book,american_odds
2026-09-02T19:03:49+00:00,082f74fe6a8bc5826555b76e9e114dab,2026-09-12,Sunderland,Arsenal,1x2,away,BetRivers,-190
2026-09-02T19:03:49+00:00,082f74fe6a8bc5826555b76e9e114dab,2026-09-12,Sunderland,Arsenal,1x2,away,Bovada,-197
2026-09-02T19:03:49+00:00,082f74fe6a8bc5826555b76e9e114dab,2026-09-12,Sunderland,Arsenal,1x2,away,DraftKings,-205
2026-09-02T19:03:49+00:00,082f74fe6a8bc5826555b76e9e114dab,2026-09-12,Sunderland,Arsenal,1x2,away,FanDuel,-240
2026-09-02T19:03:49+00:00,082f74fe6a8bc5826555b76e9e114dab,2026-09-12,Sunderland,Arsenal,1x2,away,Fanatics,-200
2026-09-02T19:03:49+00:00,082f74fe6a8bc5826555b76e9e114dab,2026-09-12,Sunderland,Arsenal,1x2,away,MyBookie.ag,-210
2026-09-02T19:03:49+00:00,082f74fe6a8bc5826555b76e9e114dab,2026-09-12,Sunderland,Arsenal,1x2,draw,BetRivers,295
2026-09-02T19:03:49+00:00,082f74fe6a8bc5826555b76e9e114dab,2026-09-12,Sunderland,Arsenal,1x2,draw,Bovada,330
2026-09-02T19:03:49+00:00,082f74fe6a8bc5826555b76e9e114dab,2026-09-12,Sunderland,Arsenal,1x2,draw,DraftKings,320
2026-09-02T19:03:49+00:00,082f74fe6a8bc5826555b76e9e114dab,2026-09-12,Sunderland,Arsenal,1x2,draw,FanDuel,320
2026-09-02T19:03:49+00:00,082f74fe6a8bc5826555b76e9e114dab,2026-09-12,Sunderland,Arsenal,1x2,draw,Fanatics,310
2026-09-02T19:03:49+00:00,082f74fe6a8bc5826555b76e9e114dab,2026-09-12,Sunderland,Arsenal,1x2,draw,MyBookie.ag,310
2026-09-02T19:03:49+00:00,082f74fe6a8bc5826555b76e9e114dab,2026-09-12,Sunderland,Arsenal,1x2,home,BetRivers,540
2026-09-02T19:03:49+00:00,082f74fe6a8bc5826555b76e9e114dab,2026-09-12,Sunderland,Arsenal,1x2,home,Bovada,575
2026-09-02T19:03:49+00:00,082f74fe6a8bc5826555b76e9e114dab,2026-09-12,Sunderland,Arsenal,1x2,home,DraftKings,550
2026-09-02T19:03:49+00:00,082f74fe6a8bc5826555b76e9e114dab,2026-09-12,Sunderland,Arsenal,1x2,home,FanDuel,600
2026-09-02T19:03:49+00:00,082f74fe6a8bc5826555b76e9e114dab,2026-09-12,Sunderland,Arsenal,1x2,home,Fanatics,550
2026-09-02T19:03:49+00:00,082f74fe6a8bc5826555b76e9e114dab,2026-09-12,Sunderland,Arsenal,1x2,home,MyBookie.ag,530
2026-09-02T19:03:49+00:00,082f74fe6a8bc5826555b76e9e114dab,2026-09-12,Sunderland,Arsenal,btts,no,BetRivers,-139
2026-09-02T19:03:49+00:00,082f74fe6a8bc5826555b76e9e114dab,2026-09-12,Sunderland,Arsenal,btts,no,Bovada,-145
2026-09-02T19:03:49+00:00,082f74fe6a8bc5826555b76e9e114dab,2026-09-12,Sunderland,Arsenal,btts,no,DraftKings,-140
2026-09-02T19:03:49+00:00,082f74fe6a8bc5826555b76e9e114dab,2026-09-12,Sunderland,Arsenal,btts,no,FanDuel,-146
2026-09-02T19:03:49+00:00,082f74fe6a8bc5826555b76e9e114dab,2026-09-12,Sunderland,Arsenal,btts,no,Fanatics,-140
2026-09-02T19:03:49+00:00,082f74fe6a8bc5826555b76e9e114dab,2026-09-12,Sunderland,Arsenal,btts,yes,BetRivers,-104
2026-09-02T19:03:49+00:00,082f74fe6a8bc5826555b76e9e114dab,2026-09-12,Sunderland,Arsenal,btts,yes,Bovada,110
2026-09-02T19:03:49+00:00,082f74fe6a8bc5826555b76e9e114dab,2026-09-12,Sunderland,Arsenal,btts,yes,DraftKings,100
2026-09-02T19:03:49+00:00,082f74fe6a8bc5826555b76e9e114dab,2026-09-12,Sunderland,Arsenal,btts,yes,FanDuel,114
2026-09-02T19:03:49+00:00,082f74fe6a8bc5826555b76e9e114dab,2026-09-12,Sunderland,Arsenal,btts,yes,Fanatics,105
2026-09-02T19:03:49+00:00,082f74fe6a8bc5826555b76e9e114dab,2026-09-12,Sunderland,Arsenal,corners_1x2,away,BetRivers,-175
2026-09-02T19:03:49+00:00,082f74fe6a8bc5826555b76e9e114dab,2026-09-12,Sunderland,Arsenal,corners_1x2,draw,BetRivers,650
2026-09-02T19:03:49+00:00,082f74fe6a8bc5826555b76e9e114dab,2026-09-12,Sunderland,Arsenal,corners_1x2,home,BetRivers,165
2026-09-02T19:03:49+00:00,082f74fe6a8bc5826555b76e9e114dab,2026-09-12,Sunderland,Arsenal,corners_total_10_5,over,BetRivers,-104
2026-09-02T19:03:49+00:00,082f74fe6a8bc5826555b76e9e114dab,2026-09-12,Sunderland,Arsenal,corners_total_10_5,under,BetRivers,-141
2026-09-02T19:03:49+00:00,082f74fe6a8bc5826555b76e9e114dab,2026-09-12,Sunderland,Arsenal,corners_total_9_5,over,BetRivers,-162
2026-09-02T19:03:49+00:00,082f74fe6a8bc5826555b76e9e114dab,2026-09-12,Sunderland,Arsenal,corners_total_9_5,under,BetRivers,110
2026-09-02T19:03:49+00:00,082f74fe6a8bc5826555b76e9e114dab,2026-09-12,Sunderland,Arsenal,double_chance,draw_or_away,BetRivers,-1115
2026-09-02T19:03:49+00:00,082f74fe6a8bc5826555b76e9e114dab,2026-09-12,Sunderland,Arsenal,double_chance,draw_or_away,Bovada,-1000
2026-09-02T19:03:49+00:00,082f74fe6a8bc5826555b76e9e114dab,2026-09-12,Sunderland,Arsenal,double_chance,draw_or_away,DraftKings,-1000
2026-09-02T19:03:49+00:00,082f74fe6a8bc5826555b76e9e114dab,2026-09-12,Sunderland,Arsenal,double_chance,draw_or_away,FanDuel,-1000
2026-09-02T19:03:49+00:00,082f74fe6a8bc5826555b76e9e114dab,2026-09-12,Sunderland,Arsenal,double_chance,draw_or_away,Fanatics,-900
2026-09-02T19:03:49+00:00,082f74fe6a8bc5826555b76e9e114dab,2026-09-12,Sunderland,Arsenal,double_chance,home_or_away,BetRivers,-500
2026-09-02T19:03:49+00:00,082f74fe6a8bc5826555b76e9e114dab,2026-09-12,Sunderland,Arsenal,double_chance,home_or_away,Bovada,-420
2026-09-02T19:03:49+00:00,082f74fe6a8bc5826555b76e9e114dab,2026-09-12,Sunderland,Arsenal,double_chance,home_or_away,DraftKings,-500
2026-09-02T19:03:49+00:00,082f74fe6a8bc5826555b76e9e114dab,2026-09-12,Sunderland,Arsenal,double_chance,home_or_away,FanDuel,-450
2026-09-02T19:03:49+00:00,082f74fe6a8bc5826555b76e9e114dab,2026-09-12,Sunderland,Arsenal,double_chance,home_or_away,Fanatics,-400
2026-09-02T19:03:49+00:00,082f74fe6a8bc5826555b76e9e114dab,2026-09-12,Sunderland,Arsenal,double_chance,home_or_draw,BetRivers,132
2026-09-02T19:03:49+00:00,082f74fe6a8bc5826555b76e9e114dab,2026-09-12,Sunderland,Arsenal,double_chance,home_or_draw,Bovada,150
2026-09-02T19:03:49+00:00,082f74fe6a8bc5826555b76e9e114dab,2026-09-12,Sunderland,Arsenal,double_chance,home_or_draw,DraftKings,140
2026-09-02T19:03:49+00:00,082f74fe6a8bc5826555b76e9e114dab,2026-09-12,Sunderland,Arsenal,double_chance,home_or_draw,FanDuel,160
2026-09-02T19:03:49+00:00,082f74fe6a8bc5826555b76e9e114dab,2026-09-12,Sunderland,Arsenal,double_chance,home_or_draw,Fanatics,160
2026-09-02T19:03:49+00:00,082f74fe6a8bc5826555b76e9e114dab,2026-09-12,Sunderland,Arsenal,draw_no_bet,away,BetRivers,-625
2026-09-02T19:03:49+00:00,082f74fe6a8bc5826555b76e9e114dab,2026-09-12,Sunderland,Arsenal,draw_no_bet,away,Bovada,-600
2026-09-02T19:03:49+00:00,082f74fe6a8bc5826555b76e9e114dab,2026-09-12,Sunderland,Arsenal,draw_no_bet,away,DraftKings,-650
2026-09-02T19:03:49+00:00,082f74fe6a8bc5826555b76e9e114dab,2026-09-12,Sunderland,Arsenal,draw_no_bet,away,FanDuel,-650
2026-09-02T19:03:49+00:00,082f74fe6a8bc5826555b76e9e114dab,2026-09-12,Sunderland,Arsenal,draw_no_bet,away,Fanatics,-630
2026-09-02T19:03:49+00:00,082f74fe6a8bc5826555b76e9e114dab,2026-09-12,Sunderland,Arsenal,draw_no_bet,home,BetRivers,335
2026-09-02T19:03:49+00:00,082f74fe6a8bc5826555b76e9e114dab,2026-09-12,Sunderland,Arsenal,draw_no_bet,home,Bovada,410
2026-09-02T19:03:49+00:00,082f74fe6a8bc5826555b76e9e114dab,2026-09-12,Sunderland,Arsenal,draw_no_bet,home,DraftKings,380
2026-09-02T19:03:49+00:00,082f74fe6a8bc5826555b76e9e114dab,2026-09-12,Sunderland,Arsenal,draw_no_bet,home,FanDuel,470
2026-09-02T19:03:49+00:00,082f74fe6a8bc5826555b76e9e114dab,2026-09-12,Sunderland,Arsenal,draw_no_bet,home,Fanatics,400
2026-09-02T19:03:49+00:00,082f74fe6a8bc5826555b76e9e114dab,2026-09-12,Sunderland,Arsenal,total_2_5,over,BetRivers,-104
2026-09-02T19:03:49+00:00,082f74fe6a8bc5826555b76e9e114dab,2026-09-12,Sunderland,Arsenal,total_2_5,over,Bovada,100
2026-09-02T19:03:49+00:00,082f74fe6a8bc5826555b76e9e114dab,2026-09-12,Sunderland,Arsenal,total_2_5,over,DraftKings,-110
2026-09-02T19:03:49+00:00,082f74fe6a8bc5826555b76e9e114dab,2026-09-12,Sunderland,Arsenal,total_2_5,over,FanDuel,100
2026-09-02T19:03:49+00:00,082f74fe6a8bc5826555b76e9e114dab,2026-09-12,Sunderland,Arsenal,total_2_5,over,Fanatics,-105
2026-09-02T19:03:49+00:00,082f74fe6a8bc5826555b76e9e114dab,2026-09-12,Sunderland,Arsenal,total_2_5,over,MyBookie.ag,-107
2026-09-02T19:03:49+00:00,082f74fe6a8bc5826555b76e9e114dab,2026-09-12,Sunderland,Arsenal,total_2_5,under,BetRivers,-122
2026-09-02T19:03:49+00:00,082f74fe6a8bc5826555b76e9e114dab,2026-09-12,Sunderland,Arsenal,total_2_5,under,Bovada,-120
2026-09-02T19:03:49+00:00,082f74fe6a8bc5826555b76e9e114dab,2026-09-12,Sunderland,Arsenal,total_2_5,under,DraftKings,-125
2026-09-02T19:03:49+00:00,082f74fe6a8bc5826555b76e9e114dab,2026-09-12,Sunderland,Arsenal,total_2_5,under,FanDuel,-122
2026-09-02T19:03:49+00:00,082f74fe6a8bc5826555b76e9e114dab,2026-09-12,Sunderland,Arsenal,total_2_5,under,Fanatics,-125
2026-09-02T19:03:49+00:00,082f74fe6a8bc5826555b76e9e114dab,2026-09-12,Sunderland,Arsenal,total_2_5,under,MyBookie.ag,-129
2026-09-02T19:03:49+00:00,14f6639178a943ac614c7b872bf6e4d6,2026-09-12,Crystal Palace,Ipswich,1x2,away,BetRivers,290
2026-09-02T19:03:49+00:00,14f6639178a943ac614c7b872bf6e4d6,2026-09-12,Crystal Palace,Ipswich,1x2,away,Bovada,290
2026-09-02T19:03:49+00:00,14f6639178a943ac614c7b872bf6e4d6,2026-09-12,Crystal Palace,Ipswich,1x2,away,DraftKings,275
2026-09-02T19:03:49+00:00,14f6639178a943ac614c7b872bf6e4d6,2026-09-12,Crystal Palace,Ipswich,1x2,away,FanDuel,300
2026-09-02T19:03:49+00:00,14f6639178a943ac614c7b872bf6e4d6,2026-09-12,Crystal Palace,Ipswich,1x2,away,Fanatics,300
2026-09-02T19:03:49+00:00,14f6639178a943ac614c7b872bf6e4d6,2026-09-12,Crystal Palace,Ipswich,1x2,away,MyBookie.ag,290
2026-09-02T19:03:49+00:00,14f6639178a943ac614c7b872bf6e4d6,2026-09-12,Crystal Palace,Ipswich,1x2,draw,BetRivers,255
2026-09-02T19:03:49+00:00,14f6639178a943ac614c7b872bf6e4d6,2026-09-12,Crystal Palace,Ipswich,1x2,draw,Bovada,275
2026-09-02T19:03:49+00:00,14f6639178a943ac614c7b872bf6e4d6,2026-09-12,Crystal Palace,Ipswich,1x2,draw,DraftKings,265
2026-09-02T19:03:49+00:00,14f6639178a943ac614c7b872bf6e4d6,2026-09-12,Crystal Palace,Ipswich,1x2,draw,FanDuel,260
2026-09-02T19:03:49+00:00,14f6639178a943ac614c7b872bf6e4d6,2026-09-12,Crystal Palace,Ipswich,1x2,draw,Fanatics,250
2026-09-02T19:03:49+00:00,14f6639178a943ac614c7b872bf6e4d6,2026-09-12,Crystal Palace,Ipswich,1x2,draw,MyBookie.ag,250
2026-09-02T19:03:49+00:00,14f6639178a943ac614c7b872bf6e4d6,2026-09-12,Crystal Palace,Ipswich,1x2,home,BetRivers,-112
2026-09-02T19:03:49+00:00,14f6639178a943ac614c7b872bf6e4d6,2026-09-12,Crystal Palace,Ipswich,1x2,home,Bovada,-110
2026-09-02T19:03:49+00:00,14f6639178a943ac614c7b872bf6e4d6,2026-09-12,Crystal Palace,Ipswich,1x2,home,DraftKings,-115
2026-09-02T19:03:49+00:00,14f6639178a943ac614c7b872bf6e4d6,2026-09-12,Crystal Palace,Ipswich,1x2,home,FanDuel,-120
2026-09-02T19:03:49+00:00,14f6639178a943ac614c7b872bf6e4d6,2026-09-12,Crystal Palace,Ipswich,1x2,home,Fanatics,-105
2026-09-02T19:03:49+00:00,14f6639178a943ac614c7b872bf6e4d6,2026-09-12,Crystal Palace,Ipswich,1x2,home,MyBookie.ag,-116
2026-09-02T19:03:49+00:00,14f6639178a943ac614c7b872bf6e4d6,2026-09-12,Crystal Palace,Ipswich,btts,no,BetRivers,-110
2026-09-02T19:03:49+00:00,14f6639178a943ac614c7b872bf6e4d6,2026-09-12,Crystal Palace,Ipswich,btts,no,Bovada,-102
2026-09-02T19:03:49+00:00,14f6639178a943ac614c7b872bf6e4d6,2026-09-12,Crystal Palace,Ipswich,btts,no,DraftKings,100
2026-09-02T19:03:49+00:00,14f6639178a943ac614c7b872bf6e4d6,2026-09-12,Crystal Palace,Ipswich,btts,no,FanDuel,102
2026-09-02T19:03:49+00:00,14f6639178a943ac614c7b872bf6e4d6,2026-09-12,Crystal Palace,Ipswich,btts,no,Fanatics,-110
2026-09-02T19:03:49+00:00,14f6639178a943ac614c7b872bf6e4d6,2026-09-12,Crystal Palace,Ipswich,btts,yes,BetRivers,-132
2026-09-02T19:03:49+00:00,14f6639178a943ac614c7b872bf6e4d6,2026-09-12,Crystal Palace,Ipswich,btts,yes,Bovada,-128
2026-09-02T19:03:49+00:00,14f6639178a943ac614c7b872bf6e4d6,2026-09-12,Crystal Palace,Ipswich,btts,yes,DraftKings,-135
2026-09-02T19:03:49+00:00,14f6639178a943ac614c7b872bf6e4d6,2026-09-12,Crystal Palace,Ipswich,btts,yes,FanDuel,-130
2026-09-02T19:03:49+00:00,14f6639178a943ac614c7b872bf6e4d6,2026-09-12,Crystal Palace,Ipswich,btts,yes,Fanatics,-120
2026-09-02T19:03:49+00:00,14f6639178a943ac614c7b872bf6e4d6,2026-09-12,Crystal Palace,Ipswich,corners_1x2,away,BetRivers,170
2026-09-02T19:03:49+00:00,14f6639178a943ac614c7b872bf6e4d6,2026-09-12,Crystal Palace,Ipswich,corners_1x2,draw,BetRivers,650
2026-09-02T19:03:49+00:00,14f6639178a943ac614c7b872bf6e4d6,2026-09-12,Crystal Palace,Ipswich,corners_1x2,home,BetRivers,-175
2026-09-02T19:03:49+00:00,14f6639178a943ac614c7b872bf6e4d6,2026-09-12,Crystal Palace,Ipswich,corners_total_10_5,over,BetRivers,123
2026-09-02T19:03:49+00:00,14f6639178a943ac614c7b872bf6e4d6,2026-09-12,Crystal Palace,Ipswich,corners_total_10_5,under,BetRivers,-182
2026-09-02T19:03:49+00:00,14f6639178a943ac614c7b872bf6e4d6,2026-09-12,Crystal Palace,Ipswich,corners_total_9_5,over,BetRivers,-127
2026-09-02T19:03:49+00:00,14f6639178a943ac614c7b872bf6e4d6,2026-09-12,Crystal Palace,Ipswich,corners_total_9_5,under,BetRivers,-114
2026-09-02T19:03:49+00:00,14f6639178a943ac614c7b872bf6e4d6,2026-09-12,Crystal Palace,Ipswich,double_chance,draw_or_away,BetRivers,-124
2026-09-02T19:03:49+00:00,14f6639178a943ac614c7b872bf6e4d6,2026-09-12,Crystal Palace,Ipswich,double_chance,draw_or_away,Bovada,-117
2026-09-02T19:03:49+00:00,14f6639178a943ac614c7b872bf6e4d6,2026-09-12,Crystal Palace,Ipswich,double_chance,draw_or_away,DraftKings,-125
2026-09-02T19:03:49+00:00,14f6639178a943ac614c7b872bf6e4d6,2026-09-12,Crystal Palace,Ipswich,double_chance,draw_or_away,FanDuel,-120
2026-09-02T19:03:49+00:00,14f6639178a943ac614c7b872bf6e4d6,2026-09-12,Crystal Palace,Ipswich,double_chance,draw_or_away,Fanatics,-115
2026-09-02T19:03:49+00:00,14f6639178a943ac614c7b872bf6e4d6,2026-09-12,Crystal Palace,Ipswich,double_chance,home_or_away,BetRivers,-400
2026-09-02T19:03:49+00:00,14f6639178a943ac614c7b872bf6e4d6,2026-09-12,Crystal Palace,Ipswich,double_chance,home_or_away,Bovada,-345
2026-09-02T19:03:49+00:00,14f6639178a943ac614c7b872bf6e4d6,2026-09-12,Crystal Palace,Ipswich,double_chance,home_or_away,DraftKings,-390
2026-09-02T19:03:49+00:00,14f6639178a943ac614c7b872bf6e4d6,2026-09-12,Crystal Palace,Ipswich,double_chance,home_or_away,FanDuel,-360
2026-09-02T19:03:49+00:00,14f6639178a943ac614c7b872bf6e4d6,2026-09-12,Crystal Palace,Ipswich,double_chance,home_or_away,Fanatics,-350
2026-09-02T19:03:49+00:00,14f6639178a943ac614c7b872bf6e4d6,2026-09-12,Crystal Palace,Ipswich,double_chance,home_or_draw,BetRivers,-480
2026-09-02T19:03:49+00:00,14f6639178a943ac614c7b872bf6e4d6,2026-09-12,Crystal Palace,Ipswich,double_chance,home_or_draw,Bovada,-435
2026-09-02T19:03:49+00:00,14f6639178a943ac614c7b872bf6e4d6,2026-09-12,Crystal Palace,Ipswich,double_chance,home_or_draw,DraftKings,-400
2026-09-02T19:03:49+00:00,14f6639178a943ac614c7b872bf6e4d6,2026-09-12,Crystal Palace,Ipswich,double_chance,home_or_draw,FanDuel,-425
2026-09-02T19:03:49+00:00,14f6639178a943ac614c7b872bf6e4d6,2026-09-12,Crystal Palace,Ipswich,double_chance,home_or_draw,Fanatics,-400
2026-09-02T19:03:49+00:00,14f6639178a943ac614c7b872bf6e4d6,2026-09-12,Crystal Palace,Ipswich,draw_no_bet,away,BetRivers,175
2026-09-02T19:03:49+00:00,14f6639178a943ac614c7b872bf6e4d6,2026-09-12,Crystal Palace,Ipswich,draw_no_bet,away,Bovada,195
2026-09-02T19:03:49+00:00,14f6639178a943ac614c7b872bf6e4d6,2026-09-12,Crystal Palace,Ipswich,draw_no_bet,away,DraftKings,175
2026-09-02T19:03:49+00:00,14f6639178a943ac614c7b872bf6e4d6,2026-09-12,Crystal Palace,Ipswich,draw_no_bet,away,FanDuel,205
2026-09-02T19:03:49+00:00,14f6639178a943ac614c7b872bf6e4d6,2026-09-12,Crystal Palace,Ipswich,draw_no_bet,away,Fanatics,185
2026-09-02T19:03:49+00:00,14f6639178a943ac614c7b872bf6e4d6,2026-09-12,Crystal Palace,Ipswich,draw_no_bet,home,BetRivers,-265
2026-09-02T19:03:49+00:00,14f6639178a943ac614c7b872bf6e4d6,2026-09-12,Crystal Palace,Ipswich,draw_no_bet,home,Bovada,-245
2026-09-02T19:03:49+00:00,14f6639178a943ac614c7b872bf6e4d6,2026-09-12,Crystal Palace,Ipswich,draw_no_bet,home,DraftKings,-250
2026-09-02T19:03:49+00:00,14f6639178a943ac614c7b872bf6e4d6,2026-09-12,Crystal Palace,Ipswich,draw_no_bet,home,FanDuel,-250
2026-09-02T19:03:49+00:00,14f6639178a943ac614c7b872bf6e4d6,2026-09-12,Crystal Palace,Ipswich,draw_no_bet,home,Fanatics,-250
2026-09-02T19:03:49+00:00,14f6639178a943ac614c7b872bf6e4d6,2026-09-12,Crystal Palace,Ipswich,total_2_5,over,BetRivers,-108
2026-09-02T19:03:49+00:00,14f6639178a943ac614c7b872bf6e4d6,2026-09-12,Crystal Palace,Ipswich,total_2_5,over,Bovada,-110
2026-09-02T19:03:49+00:00,14f6639178a943ac614c7b872bf6e4d6,2026-09-12,Crystal Palace,Ipswich,total_2_5,over,DraftKings,-115
2026-09-02T19:03:49+00:00,14f6639178a943ac614c7b872bf6e4d6,2026-09-12,Crystal Palace,Ipswich,total_2_5,over,FanDuel,-110
2026-09-02T19:03:49+00:00,14f6639178a943ac614c7b872bf6e4d6,2026-09-12,Crystal Palace,Ipswich,total_2_5,over,Fanatics,-105
2026-09-02T19:03:49+00:00,14f6639178a943ac614c7b872bf6e4d6,2026-09-12,Crystal Palace,Ipswich,total_2_5,over,MyBookie.ag,-116
2026-09-02T19:03:49+00:00,14f6639178a943ac614c7b872bf6e4d6,2026-09-12,Crystal Palace,Ipswich,total_2_5,under,BetRivers,-118
2026-09-02T19:03:49+00:00,14f6639178a943ac614c7b872bf6e4d6,2026-09-12,Crystal Palace,Ipswich,total_2_5,under,Bovada,-110
2026-09-02T19:03:49+00:00,14f6639178a943ac614c7b872bf6e4d6,2026-09-12,Crystal Palace,Ipswich,total_2_5,under,DraftKings,-115
2026-09-02T19:03:49+00:00,14f6639178a943ac614c7b872bf6e4d6,2026-09-12,Crystal Palace,Ipswich,total_2_5,under,FanDuel,-110
2026-09-02T19:03:49+00:00,14f6639178a943ac614c7b872bf6e4d6,2026-09-12,Crystal Palace,Ipswich,total_2_5,under,Fanatics,-125
2026-09-02T19:03:49+00:00,14f6639178a943ac614c7b872bf6e4d6,2026-09-12,Crystal Palace,Ipswich,total_2_5,under,MyBookie.ag,-119
2026-09-02T19:03:49+00:00,21fd24ad6732df00774304a046d84fe9,2026-09-05,Hull,Aston Villa,1x2,away,BetMGM,-135
2026-09-02T19:03:49+00:00,21fd24ad6732df00774304a046d84fe9,2026-09-05,Hull,Aston Villa,1x2,away,BetOnline.ag,-109
2026-09-02T19:03:49+00:00,21fd24ad6732df00774304a046d84fe9,2026-09-05,Hull,Aston Villa,1x2,away,BetRivers,-108
2026-09-02T19:03:49+00:00,21fd24ad6732df00774304a046d84fe9,2026-09-05,Hull,Aston Villa,1x2,away,BetUS,-109
2026-09-02T19:03:49+00:00,21fd24ad6732df00774304a046d84fe9,2026-09-05,Hull,Aston Villa,1x2,away,Bovada,-115
2026-09-02T19:03:49+00:00,21fd24ad6732df00774304a046d84fe9,2026-09-05,Hull,Aston Villa,1x2,away,Caesars,-114
2026-09-02T19:03:49+00:00,21fd24ad6732df00774304a046d84fe9,2026-09-05,Hull,Aston Villa,1x2,away,DraftKings,-115
2026-09-02T19:03:49+00:00,21fd24ad6732df00774304a046d84fe9,2026-09-05,Hull,Aston Villa,1x2,away,FanDuel,-120
2026-09-02T19:03:49+00:00,21fd24ad6732df00774304a046d84fe9,2026-09-05,Hull,Aston Villa,1x2,away,Fanatics,-115
2026-09-02T19:03:49+00:00,21fd24ad6732df00774304a046d84fe9,2026-09-05,Hull,Aston Villa,1x2,away,LowVig.ag,-109
2026-09-02T19:03:49+00:00,21fd24ad6732df00774304a046d84fe9,2026-09-05,Hull,Aston Villa,1x2,away,MyBookie.ag,-117
2026-09-02T19:03:49+00:00,21fd24ad6732df00774304a046d84fe9,2026-09-05,Hull,Aston Villa,1x2,draw,BetMGM,240
2026-09-02T19:03:49+00:00,21fd24ad6732df00774304a046d84fe9,2026-09-05,Hull,Aston Villa,1x2,draw,BetOnline.ag,272
2026-09-02T19:03:49+00:00,21fd24ad6732df00774304a046d84fe9,2026-09-05,Hull,Aston Villa,1x2,draw,BetRivers,255
2026-09-02T19:03:49+00:00,21fd24ad6732df00774304a046d84fe9,2026-09-05,Hull,Aston Villa,1x2,draw,BetUS,272
2026-09-02T19:03:49+00:00,21fd24ad6732df00774304a046d84fe9,2026-09-05,Hull,Aston Villa,1x2,draw,Bovada,270
2026-09-02T19:03:49+00:00,21fd24ad6732df00774304a046d84fe9,2026-09-05,Hull,Aston Villa,1x2,draw,Caesars,260
2026-09-02T19:03:49+00:00,21fd24ad6732df00774304a046d84fe9,2026-09-05,Hull,Aston Villa,1x2,draw,DraftKings,270
2026-09-02T19:03:49+00:00,21fd24ad6732df00774304a046d84fe9,2026-09-05,Hull,Aston Villa,1x2,draw,FanDuel,260
2026-09-02T19:03:49+00:00,21fd24ad6732df00774304a046d84fe9,2026-09-05,Hull,Aston Villa,1x2,draw,Fanatics,260
2026-09-02T19:03:49+00:00,21fd24ad6732df00774304a046d84fe9,2026-09-05,Hull,Aston Villa,1x2,draw,LowVig.ag,272
2026-09-02T19:03:49+00:00,21fd24ad6732df00774304a046d84fe9,2026-09-05,Hull,Aston Villa,1x2,draw,MyBookie.ag,250
2026-09-02T19:03:49+00:00,21fd24ad6732df00774304a046d84fe9,2026-09-05,Hull,Aston Villa,1x2,home,BetMGM,290
2026-09-02T19:03:49+00:00,21fd24ad6732df00774304a046d84fe9,2026-09-05,Hull,Aston Villa,1x2,home,BetOnline.ag,309
2026-09-02T19:03:49+00:00,21fd24ad6732df00774304a046d84fe9,2026-09-05,Hull,Aston Villa,1x2,home,BetRivers,300
2026-09-02T19:03:49+00:00,21fd24ad6732df00774304a046d84fe9,2026-09-05,Hull,Aston Villa,1x2,home,BetUS,309
2026-09-02T19:03:49+00:00,21fd24ad6732df00774304a046d84fe9,2026-09-05,Hull,Aston Villa,1x2,home,Bovada,310
2026-09-02T19:03:49+00:00,21fd24ad6732df00774304a046d84fe9,2026-09-05,Hull,Aston Villa,1x2,home,Caesars,295
2026-09-02T19:03:49+00:00,21fd24ad6732df00774304a046d84fe9,2026-09-05,Hull,Aston Villa,1x2,home,DraftKings,310
2026-09-02T19:03:49+00:00,21fd24ad6732df00774304a046d84fe9,2026-09-05,Hull,Aston Villa,1x2,home,FanDuel,300
2026-09-02T19:03:49+00:00,21fd24ad6732df00774304a046d84fe9,2026-09-05,Hull,Aston Villa,1x2,home,Fanatics,310
2026-09-02T19:03:49+00:00,21fd24ad6732df00774304a046d84fe9,2026-09-05,Hull,Aston Villa,1x2,home,LowVig.ag,309
2026-09-02T19:03:49+00:00,21fd24ad6732df00774304a046d84fe9,2026-09-05,Hull,Aston Villa,1x2,home,MyBookie.ag,290
2026-09-02T19:03:49+00:00,21fd24ad6732df00774304a046d84fe9,2026-09-05,Hull,Aston Villa,btts,no,BetMGM,-102
2026-09-02T19:03:49+00:00,21fd24ad6732df00774304a046d84fe9,2026-09-05,Hull,Aston Villa,btts,no,BetOnline.ag,-102
2026-09-02T19:03:49+00:00,21fd24ad6732df00774304a046d84fe9,2026-09-05,Hull,Aston Villa,btts,no,BetRivers,100
2026-09-02T19:03:49+00:00,21fd24ad6732df00774304a046d84fe9,2026-09-05,Hull,Aston Villa,btts,no,Bovada,108
2026-09-02T19:03:49+00:00,21fd24ad6732df00774304a046d84fe9,2026-09-05,Hull,Aston Villa,btts,no,Caesars,101
2026-09-02T19:03:49+00:00,21fd24ad6732df00774304a046d84fe9,2026-09-05,Hull,Aston Villa,btts,no,DraftKings,105
2026-09-02T19:03:49+00:00,21fd24ad6732df00774304a046d84fe9,2026-09-05,Hull,Aston Villa,btts,no,FanDuel,108
2026-09-02T19:03:49+00:00,21fd24ad6732df00774304a046d84fe9,2026-09-05,Hull,Aston Villa,btts,no,Fanatics,105
2026-09-02T19:03:49+00:00,21fd24ad6732df00774304a046d84fe9,2026-09-05,Hull,Aston Villa,btts,no,MyBookie.ag,-102
2026-09-02T19:03:49+00:00,21fd24ad6732df00774304a046d84fe9,2026-09-05,Hull,Aston Villa,btts,yes,BetMGM,-140
2026-09-02T19:03:49+00:00,21fd24ad6732df00774304a046d84fe9,2026-09-05,Hull,Aston Villa,btts,yes,BetOnline.ag,-127
2026-09-02T19:03:49+00:00,21fd24ad6732df00774304a046d84fe9,2026-09-05,Hull,Aston Villa,btts,yes,BetRivers,-136
2026-09-02T19:03:49+00:00,21fd24ad6732df00774304a046d84fe9,2026-09-05,Hull,Aston Villa,btts,yes,Bovada,-140
2026-09-02T19:03:49+00:00,21fd24ad6732df00774304a046d84fe9,2026-09-05,Hull,Aston Villa,btts,yes,Caesars,-129
2026-09-02T19:03:49+00:00,21fd24ad6732df00774304a046d84fe9,2026-09-05,Hull,Aston Villa,btts,yes,DraftKings,-135
2026-09-02T19:03:49+00:00,21fd24ad6732df00774304a046d84fe9,2026-09-05,Hull,Aston Villa,btts,yes,FanDuel,-136
2026-09-02T19:03:49+00:00,21fd24ad6732df00774304a046d84fe9,2026-09-05,Hull,Aston Villa,btts,yes,Fanatics,-140
2026-09-02T19:03:49+00:00,21fd24ad6732df00774304a046d84fe9,2026-09-05,Hull,Aston Villa,btts,yes,MyBookie.ag,-135
2026-09-02T19:03:49+00:00,21fd24ad6732df00774304a046d84fe9,2026-09-05,Hull,Aston Villa,corners_1x2,away,BetMGM,-200
2026-09-02T19:03:49+00:00,21fd24ad6732df00774304a046d84fe9,2026-09-05,Hull,Aston Villa,corners_1x2,away,BetRivers,-210
2026-09-02T19:03:49+00:00,21fd24ad6732df00774304a046d84fe9,2026-09-05,Hull,Aston Villa,corners_1x2,away,Bovada,-200
2026-09-02T19:03:49+00:00,21fd24ad6732df00774304a046d84fe9,2026-09-05,Hull,Aston Villa,corners_1x2,away,DraftKings,-205
2026-09-02T19:03:49+00:00,21fd24ad6732df00774304a046d84fe9,2026-09-05,Hull,Aston Villa,corners_1x2,draw,BetMGM,675
2026-09-02T19:03:49+00:00,21fd24ad6732df00774304a046d84fe9,2026-09-05,Hull,Aston Villa,corners_1x2,draw,BetRivers,650
2026-09-02T19:03:49+00:00,21fd24ad6732df00774304a046d84fe9,2026-09-05,Hull,Aston Villa,corners_1x2,draw,Bovada,675
2026-09-02T19:03:49+00:00,21fd24ad6732df00774304a046d84fe9,2026-09-05,Hull,Aston Villa,corners_1x2,draw,DraftKings,650
2026-09-02T19:03:49+00:00,21fd24ad6732df00774304a046d84fe9,2026-09-05,Hull,Aston Villa,corners_1x2,home,BetMGM,210
2026-09-02T19:03:49+00:00,21fd24ad6732df00774304a046d84fe9,2026-09-05,Hull,Aston Villa,corners_1x2,home,BetRivers,205
2026-09-02T19:03:49+00:00,21fd24ad6732df00774304a046d84fe9,2026-09-05,Hull,Aston Villa,corners_1x2,home,Bovada,210
2026-09-02T19:03:49+00:00,21fd24ad6732df00774304a046d84fe9,2026-09-05,Hull,Aston Villa,corners_1x2,home,DraftKings,250
2026-09-02T19:03:49+00:00,21fd24ad6732df00774304a046d84fe9,2026-09-05,Hull,Aston Villa,corners_total_10_5,over,BetMGM,170
2026-09-02T19:03:49+00:00,21fd24ad6732df00774304a046d84fe9,2026-09-05,Hull,Aston Villa,corners_total_10_5,over,BetRivers,155
2026-09-02T19:03:49+00:00,21fd24ad6732df00774304a046d84fe9,2026-09-05,Hull,Aston Villa,corners_total_10_5,over,DraftKings,170
2026-09-02T19:03:49+00:00,21fd24ad6732df00774304a046d84fe9,2026-09-05,Hull,Aston Villa,corners_total_10_5,under,BetMGM,-250
2026-09-02T19:03:49+00:00,21fd24ad6732df00774304a046d84fe9,2026-09-05,Hull,Aston Villa,corners_total_10_5,under,BetRivers,-235
2026-09-02T19:03:49+00:00,21fd24ad6732df00774304a046d84fe9,2026-09-05,Hull,Aston Villa,corners_total_10_5,under,DraftKings,-240
2026-09-02T19:03:49+00:00,21fd24ad6732df00774304a046d84fe9,2026-09-05,Hull,Aston Villa,corners_total_9_5,over,BetMGM,105
2026-09-02T19:03:49+00:00,21fd24ad6732df00774304a046d84fe9,2026-09-05,Hull,Aston Villa,corners_total_9_5,over,BetRivers,-104
2026-09-02T19:03:49+00:00,21fd24ad6732df00774304a046d84fe9,2026-09-05,Hull,Aston Villa,corners_total_9_5,over,Bovada,108
2026-09-02T19:03:49+00:00,21fd24ad6732df00774304a046d84fe9,2026-09-05,Hull,Aston Villa,corners_total_9_5,over,Caesars,109
2026-09-02T19:03:49+00:00,21fd24ad6732df00774304a046d84fe9,2026-09-05,Hull,Aston Villa,corners_total_9_5,over,DraftKings,105
2026-09-02T19:03:49+00:00,21fd24ad6732df00774304a046d84fe9,2026-09-05,Hull,Aston Villa,corners_total_9_5,under,BetMGM,-145
2026-09-02T19:03:49+00:00,21fd24ad6732df00774304a046d84fe9,2026-09-05,Hull,Aston Villa,corners_total_9_5,under,BetRivers,-141
2026-09-02T19:03:49+00:00,21fd24ad6732df00774304a046d84fe9,2026-09-05,Hull,Aston Villa,corners_total_9_5,under,Bovada,-140
2026-09-02T19:03:49+00:00,21fd24ad6732df00774304a046d84fe9,2026-09-05,Hull,Aston Villa,corners_total_9_5,under,Caesars,-139
2026-09-02T19:03:49+00:00,21fd24ad6732df00774304a046d84fe9,2026-09-05,Hull,Aston Villa,corners_total_9_5,under,DraftKings,-145
2026-09-02T19:03:49+00:00,21fd24ad6732df00774304a046d84fe9,2026-09-05,Hull,Aston Villa,double_chance,draw_or_away,BetOnline.ag,-417
2026-09-02T19:03:49+00:00,21fd24ad6732df00774304a046d84fe9,2026-09-05,Hull,Aston Villa,double_chance,draw_or_away,BetRivers,-420
2026-09-02T19:03:49+00:00,21fd24ad6732df00774304a046d84fe9,2026-09-05,Hull,Aston Villa,double_chance,draw_or_away,Bovada,-435
2026-09-02T19:03:49+00:00,21fd24ad6732df00774304a046d84fe9,2026-09-05,Hull,Aston Villa,double_chance,draw_or_away,DraftKings,-400
2026-09-02T19:03:49+00:00,21fd24ad6732df00774304a046d84fe9,2026-09-05,Hull,Aston Villa,double_chance,draw_or_away,FanDuel,-425
2026-09-02T19:03:49+00:00,21fd24ad6732df00774304a046d84fe9,2026-09-05,Hull,Aston Villa,double_chance,draw_or_away,Fanatics,-400
2026-09-02T19:03:49+00:00,21fd24ad6732df00774304a046d84fe9,2026-09-05,Hull,Aston Villa,double_chance,draw_or_away,MyBookie.ag,-500
2026-09-02T19:03:49+00:00,21fd24ad6732df00774304a046d84fe9,2026-09-05,Hull,Aston Villa,double_chance,home_or_away,BetOnline.ag,-370
2026-09-02T19:03:49+00:00,21fd24ad6732df00774304a046d84fe9,2026-09-05,Hull,Aston Villa,double_chance,home_or_away,BetRivers,-345
2026-09-02T19:03:49+00:00,21fd24ad6732df00774304a046d84fe9,2026-09-05,Hull,Aston Villa,double_chance,home_or_away,Bovada,-360
2026-09-02T19:03:49+00:00,21fd24ad6732df00774304a046d84fe9,2026-09-05,Hull,Aston Villa,double_chance,home_or_away,DraftKings,-350
2026-09-02T19:03:49+00:00,21fd24ad6732df00774304a046d84fe9,2026-09-05,Hull,Aston Villa,double_chance,home_or_away,FanDuel,-350
2026-09-02T19:03:49+00:00,21fd24ad6732df00774304a046d84fe9,2026-09-05,Hull,Aston Villa,double_chance,home_or_away,Fanatics,-350
2026-09-02T19:03:49+00:00,21fd24ad6732df00774304a046d84fe9,2026-09-05,Hull,Aston Villa,double_chance,home_or_away,MyBookie.ag,-441
2026-09-02T19:03:49+00:00,21fd24ad6732df00774304a046d84fe9,2026-09-05,Hull,Aston Villa,double_chance,home_or_draw,BetOnline.ag,-108
2026-09-02T19:03:49+00:00,21fd24ad6732df00774304a046d84fe9,2026-09-05,Hull,Aston Villa,double_chance,home_or_draw,BetRivers,-117
2026-09-02T19:03:49+00:00,21fd24ad6732df00774304a046d84fe9,2026-09-05,Hull,Aston Villa,double_chance,home_or_draw,Bovada,-113
2026-09-02T19:03:49+00:00,21fd24ad6732df00774304a046d84fe9,2026-09-05,Hull,Aston Villa,double_chance,home_or_draw,DraftKings,-115
2026-09-02T19:03:49+00:00,21fd24ad6732df00774304a046d84fe9,2026-09-05,Hull,Aston Villa,double_chance,home_or_draw,FanDuel,-120
2026-09-02T19:03:49+00:00,21fd24ad6732df00774304a046d84fe9,2026-09-05,Hull,Aston Villa,double_chance,home_or_draw,Fanatics,-105
2026-09-02T19:03:49+00:00,21fd24ad6732df00774304a046d84fe9,2026-09-05,Hull,Aston Villa,double_chance,home_or_draw,MyBookie.ag,-151
2026-09-02T19:03:49+00:00,21fd24ad6732df00774304a046d84fe9,2026-09-05,Hull,Aston Villa,draw_no_bet,away,BetMGM,-295
2026-09-02T19:03:49+00:00,21fd24ad6732df00774304a046d84fe9,2026-09-05,Hull,Aston Villa,draw_no_bet,away,BetOnline.ag,-256
2026-09-02T19:03:49+00:00,21fd24ad6732df00774304a046d84fe9,2026-09-05,Hull,Aston Villa,draw_no_bet,away,BetRivers,-265
2026-09-02T19:03:49+00:00,21fd24ad6732df00774304a046d84fe9,2026-09-05,Hull,Aston Villa,draw_no_bet,away,Bovada,-250
2026-09-02T19:03:49+00:00,21fd24ad6732df00774304a046d84fe9,2026-09-05,Hull,Aston Villa,draw_no_bet,away,Caesars,-235
2026-09-02T19:03:49+00:00,21fd24ad6732df00774304a046d84fe9,2026-09-05,Hull,Aston Villa,draw_no_bet,away,DraftKings,-255
2026-09-02T19:03:49+00:00,21fd24ad6732df00774304a046d84fe9,2026-09-05,Hull,Aston Villa,draw_no_bet,away,FanDuel,-245
2026-09-02T19:03:49+00:00,21fd24ad6732df00774304a046d84fe9,2026-09-05,Hull,Aston Villa,draw_no_bet,away,Fanatics,-275
2026-09-02T19:03:49+00:00,21fd24ad6732df00774304a046d84fe9,2026-09-05,Hull,Aston Villa,draw_no_bet,away,MyBookie.ag,-250
2026-09-02T19:03:49+00:00,21fd24ad6732df00774304a046d84fe9,2026-09-05,Hull,Aston Villa,draw_no_bet,home,BetMGM,200
2026-09-02T19:03:49+00:00,21fd24ad6732df00774304a046d84fe9,2026-09-05,Hull,Aston Villa,draw_no_bet,home,BetOnline.ag,195
2026-09-02T19:03:49+00:00,21fd24ad6732df00774304a046d84fe9,2026-09-05,Hull,Aston Villa,draw_no_bet,home,BetRivers,175
2026-09-02T19:03:49+00:00,21fd24ad6732df00774304a046d84fe9,2026-09-05,Hull,Aston Villa,draw_no_bet,home,Bovada,200
2026-09-02T19:03:49+00:00,21fd24ad6732df00774304a046d84fe9,2026-09-05,Hull,Aston Villa,draw_no_bet,home,Caesars,175
2026-09-02T19:03:49+00:00,21fd24ad6732df00774304a046d84fe9,2026-09-05,Hull,Aston Villa,draw_no_bet,home,DraftKings,195
2026-09-02T19:03:49+00:00,21fd24ad6732df00774304a046d84fe9,2026-09-05,Hull,Aston Villa,draw_no_bet,home,FanDuel,205
2026-09-02T19:03:49+00:00,21fd24ad6732df00774304a046d84fe9,2026-09-05,Hull,Aston Villa,draw_no_bet,home,Fanatics,200
2026-09-02T19:03:49+00:00,21fd24ad6732df00774304a046d84fe9,2026-09-05,Hull,Aston Villa,draw_no_bet,home,MyBookie.ag,189
2026-09-02T19:03:49+00:00,21fd24ad6732df00774304a046d84fe9,2026-09-05,Hull,Aston Villa,total_2_5,over,BetMGM,-125
2026-09-02T19:03:49+00:00,21fd24ad6732df00774304a046d84fe9,2026-09-05,Hull,Aston Villa,total_2_5,over,BetOnline.ag,-113
2026-09-02T19:03:49+00:00,21fd24ad6732df00774304a046d84fe9,2026-09-05,Hull,Aston Villa,total_2_5,over,BetRivers,-112
2026-09-02T19:03:49+00:00,21fd24ad6732df00774304a046d84fe9,2026-09-05,Hull,Aston Villa,total_2_5,over,BetUS,-110
2026-09-02T19:03:49+00:00,21fd24ad6732df00774304a046d84fe9,2026-09-05,Hull,Aston Villa,total_2_5,over,Bovada,-118
2026-09-02T19:03:49+00:00,21fd24ad6732df00774304a046d84fe9,2026-09-05,Hull,Aston Villa,total_2_5,over,Caesars,-120
2026-09-02T19:03:49+00:00,21fd24ad6732df00774304a046d84fe9,2026-09-05,Hull,Aston Villa,total_2_5,over,DraftKings,-115
2026-09-02T19:03:49+00:00,21fd24ad6732df00774304a046d84fe9,2026-09-05,Hull,Aston Villa,total_2_5,over,FanDuel,-114
2026-09-02T19:03:49+00:00,21fd24ad6732df00774304a046d84fe9,2026-09-05,Hull,Aston Villa,total_2_5,over,Fanatics,-120
2026-09-02T19:03:49+00:00,21fd24ad6732df00774304a046d84fe9,2026-09-05,Hull,Aston Villa,total_2_5,over,LowVig.ag,-113
2026-09-02T19:03:49+00:00,21fd24ad6732df00774304a046d84fe9,2026-09-05,Hull,Aston Villa,total_2_5,over,MyBookie.ag,-122
2026-09-02T19:03:49+00:00,21fd24ad6732df00774304a046d84fe9,2026-09-05,Hull,Aston Villa,total_2_5,under,BetMGM,-110
2026-09-02T19:03:49+00:00,21fd24ad6732df00774304a046d84fe9,2026-09-05,Hull,Aston Villa,total_2_5,under,BetOnline.ag,-107
2026-09-02T19:03:49+00:00,21fd24ad6732df00774304a046d84fe9,2026-09-05,Hull,Aston Villa,total_2_5,under,BetRivers,-114
2026-09-02T19:03:49+00:00,21fd24ad6732df00774304a046d84fe9,2026-09-05,Hull,Aston Villa,total_2_5,under,BetUS,-110
2026-09-02T19:03:49+00:00,21fd24ad6732df00774304a046d84fe9,2026-09-05,Hull,Aston Villa,total_2_5,under,Bovada,-102
2026-09-02T19:03:49+00:00,21fd24ad6732df00774304a046d84fe9,2026-09-05,Hull,Aston Villa,total_2_5,under,Caesars,-108
2026-09-02T19:03:49+00:00,21fd24ad6732df00774304a046d84fe9,2026-09-05,Hull,Aston Villa,total_2_5,under,DraftKings,-110
2026-09-02T19:03:49+00:00,21fd24ad6732df00774304a046d84fe9,2026-09-05,Hull,Aston Villa,total_2_5,under,FanDuel,-106
2026-09-02T19:03:49+00:00,21fd24ad6732df00774304a046d84fe9,2026-09-05,Hull,Aston Villa,total_2_5,under,Fanatics,-110
2026-09-02T19:03:49+00:00,21fd24ad6732df00774304a046d84fe9,2026-09-05,Hull,Aston Villa,total_2_5,under,LowVig.ag,-107
2026-09-02T19:03:49+00:00,21fd24ad6732df00774304a046d84fe9,2026-09-05,Hull,Aston Villa,total_2_5,under,MyBookie.ag,-113
2026-09-02T19:03:49+00:00,29f81160baf6a97d6391d7172fad2425,2026-09-05,Brentford,Sunderland,1x2,away,BetMGM,380
2026-09-02T19:03:49+00:00,29f81160baf6a97d6391d7172fad2425,2026-09-05,Brentford,Sunderland,1x2,away,BetOnline.ag,459
2026-09-02T19:03:49+00:00,29f81160baf6a97d6391d7172fad2425,2026-09-05,Brentford,Sunderland,1x2,away,BetRivers,510
2026-09-02T19:03:49+00:00,29f81160baf6a97d6391d7172fad2425,2026-09-05,Brentford,Sunderland,1x2,away,BetUS,459
2026-09-02T19:03:49+00:00,29f81160baf6a97d6391d7172fad2425,2026-09-05,Brentford,Sunderland,1x2,away,Bovada,460
2026-09-02T19:03:49+00:00,29f81160baf6a97d6391d7172fad2425,2026-09-05,Brentford,Sunderland,1x2,away,Caesars,450
2026-09-02T19:03:49+00:00,29f81160baf6a97d6391d7172fad2425,2026-09-05,Brentford,Sunderland,1x2,away,DraftKings,450
2026-09-02T19:03:49+00:00,29f81160baf6a97d6391d7172fad2425,2026-09-05,Brentford,Sunderland,1x2,away,FanDuel,480
2026-09-02T19:03:49+00:00,29f81160baf6a97d6391d7172fad2425,2026-09-05,Brentford,Sunderland,1x2,away,Fanatics,450
2026-09-02T19:03:49+00:00,29f81160baf6a97d6391d7172fad2425,2026-09-05,Brentford,Sunderland,1x2,away,LowVig.ag,459
2026-09-02T19:03:49+00:00,29f81160baf6a97d6391d7172fad2425,2026-09-05,Brentford,Sunderland,1x2,away,MyBookie.ag,430
2026-09-02T19:03:49+00:00,29f81160baf6a97d6391d7172fad2425,2026-09-05,Brentford,Sunderland,1x2,draw,BetMGM,270
2026-09-02T19:03:49+00:00,29f81160baf6a97d6391d7172fad2425,2026-09-05,Brentford,Sunderland,1x2,draw,BetOnline.ag,305
2026-09-02T19:03:49+00:00,29f81160baf6a97d6391d7172fad2425,2026-09-05,Brentford,Sunderland,1x2,draw,BetRivers,310
2026-09-02T19:03:49+00:00,29f81160baf6a97d6391d7172fad2425,2026-09-05,Brentford,Sunderland,1x2,draw,BetUS,305
2026-09-02T19:03:49+00:00,29f81160baf6a97d6391d7172fad2425,2026-09-05,Brentford,Sunderland,1x2,draw,Bovada,300
2026-09-02T19:03:49+00:00,29f81160baf6a97d6391d7172fad2425,2026-09-05,Brentford,Sunderland,1x2,draw,Caesars,295
2026-09-02T19:03:49+00:00,29f81160baf6a97d6391d7172fad2425,2026-09-05,Brentford,Sunderland,1x2,draw,DraftKings,310
2026-09-02T19:03:49+00:00,29f81160baf6a97d6391d7172fad2425,2026-09-05,Brentford,Sunderland,1x2,draw,FanDuel,290
2026-09-02T19:03:49+00:00,29f81160baf6a97d6391d7172fad2425,2026-09-05,Brentford,Sunderland,1x2,draw,Fanatics,300
2026-09-02T19:03:49+00:00,29f81160baf6a97d6391d7172fad2425,2026-09-05,Brentford,Sunderland,1x2,draw,LowVig.ag,305
2026-09-02T19:03:49+00:00,29f81160baf6a97d6391d7172fad2425,2026-09-05,Brentford,Sunderland,1x2,draw,MyBookie.ag,290
2026-09-02T19:03:49+00:00,29f81160baf6a97d6391d7172fad2425,2026-09-05,Brentford,Sunderland,1x2,home,BetMGM,-185
2026-09-02T19:03:49+00:00,29f81160baf6a97d6391d7172fad2425,2026-09-05,Brentford,Sunderland,1x2,home,BetOnline.ag,-156
2026-09-02T19:03:49+00:00,29f81160baf6a97d6391d7172fad2425,2026-09-05,Brentford,Sunderland,1x2,home,BetRivers,-180
2026-09-02T19:03:49+00:00,29f81160baf6a97d6391d7172fad2425,2026-09-05,Brentford,Sunderland,1x2,home,BetUS,-156
2026-09-02T19:03:49+00:00,29f81160baf6a97d6391d7172fad2425,2026-09-05,Brentford,Sunderland,1x2,home,Bovada,-162
2026-09-02T19:03:49+00:00,29f81160baf6a97d6391d7172fad2425,2026-09-05,Brentford,Sunderland,1x2,home,Caesars,-170
2026-09-02T19:03:49+00:00,29f81160baf6a97d6391d7172fad2425,2026-09-05,Brentford,Sunderland,1x2,home,DraftKings,-165
2026-09-02T19:03:49+00:00,29f81160baf6a97d6391d7172fad2425,2026-09-05,Brentford,Sunderland,1x2,home,FanDuel,-175
2026-09-02T19:03:49+00:00,29f81160baf6a97d6391d7172fad2425,2026-09-05,Brentford,Sunderland,1x2,home,Fanatics,-170
2026-09-02T19:03:49+00:00,29f81160baf6a97d6391d7172fad2425,2026-09-05,Brentford,Sunderland,1x2,home,LowVig.ag,-156
2026-09-02T19:03:49+00:00,29f81160baf6a97d6391d7172fad2425,2026-09-05,Brentford,Sunderland,1x2,home,MyBookie.ag,-176
2026-09-02T19:03:49+00:00,29f81160baf6a97d6391d7172fad2425,2026-09-05,Brentford,Sunderland,btts,no,BetMGM,-112
2026-09-02T19:03:49+00:00,29f81160baf6a97d6391d7172fad2425,2026-09-05,Brentford,Sunderland,btts,no,BetOnline.ag,-110
2026-09-02T19:03:49+00:00,29f81160baf6a97d6391d7172fad2425,2026-09-05,Brentford,Sunderland,btts,no,BetRivers,-112
2026-09-02T19:03:49+00:00,29f81160baf6a97d6391d7172fad2425,2026-09-05,Brentford,Sunderland,btts,no,Bovada,-108
2026-09-02T19:03:49+00:00,29f81160baf6a97d6391d7172fad2425,2026-09-05,Brentford,Sunderland,btts,no,Caesars,-112
2026-09-02T19:03:49+00:00,29f81160baf6a97d6391d7172fad2425,2026-09-05,Brentford,Sunderland,btts,no,DraftKings,-105
2026-09-02T19:03:49+00:00,29f81160baf6a97d6391d7172fad2425,2026-09-05,Brentford,Sunderland,btts,no,FanDuel,-102
2026-09-02T19:03:49+00:00,29f81160baf6a97d6391d7172fad2425,2026-09-05,Brentford,Sunderland,btts,no,Fanatics,-115
2026-09-02T19:03:49+00:00,29f81160baf6a97d6391d7172fad2425,2026-09-05,Brentford,Sunderland,btts,no,MyBookie.ag,-116
2026-09-02T19:03:49+00:00,29f81160baf6a97d6391d7172fad2425,2026-09-05,Brentford,Sunderland,btts,yes,BetMGM,-125
2026-09-02T19:03:49+00:00,29f81160baf6a97d6391d7172fad2425,2026-09-05,Brentford,Sunderland,btts,yes,BetOnline.ag,-118
2026-09-02T19:03:49+00:00,29f81160baf6a97d6391d7172fad2425,2026-09-05,Brentford,Sunderland,btts,yes,BetRivers,-122
2026-09-02T19:03:49+00:00,29f81160baf6a97d6391d7172fad2425,2026-09-05,Brentford,Sunderland,btts,yes,Bovada,-122
2026-09-02T19:03:49+00:00,29f81160baf6a97d6391d7172fad2425,2026-09-05,Brentford,Sunderland,btts,yes,Caesars,-115
2026-09-02T19:03:49+00:00,29f81160baf6a97d6391d7172fad2425,2026-09-05,Brentford,Sunderland,btts,yes,DraftKings,-125
2026-09-02T19:03:49+00:00,29f81160baf6a97d6391d7172fad2425,2026-09-05,Brentford,Sunderland,btts,yes,FanDuel,-124
2026-09-02T19:03:49+00:00,29f81160baf6a97d6391d7172fad2425,2026-09-05,Brentford,Sunderland,btts,yes,Fanatics,-115
2026-09-02T19:03:49+00:00,29f81160baf6a97d6391d7172fad2425,2026-09-05,Brentford,Sunderland,btts,yes,MyBookie.ag,-119
2026-09-02T19:03:49+00:00,29f81160baf6a97d6391d7172fad2425,2026-09-05,Brentford,Sunderland,corners_1x2,away,BetMGM,210
2026-09-02T19:03:49+00:00,29f81160baf6a97d6391d7172fad2425,2026-09-05,Brentford,Sunderland,corners_1x2,away,BetRivers,250
2026-09-02T19:03:49+00:00,29f81160baf6a97d6391d7172fad2425,2026-09-05,Brentford,Sunderland,corners_1x2,away,Bovada,210
2026-09-02T19:03:49+00:00,29f81160baf6a97d6391d7172fad2425,2026-09-05,Brentford,Sunderland,corners_1x2,away,DraftKings,240
2026-09-02T19:03:49+00:00,29f81160baf6a97d6391d7172fad2425,2026-09-05,Brentford,Sunderland,corners_1x2,draw,BetMGM,700
2026-09-02T19:03:49+00:00,29f81160baf6a97d6391d7172fad2425,2026-09-05,Brentford,Sunderland,corners_1x2,draw,BetRivers,700
2026-09-02T19:03:49+00:00,29f81160baf6a97d6391d7172fad2425,2026-09-05,Brentford,Sunderland,corners_1x2,draw,Bovada,700
2026-09-02T19:03:49+00:00,29f81160baf6a97d6391d7172fad2425,2026-09-05,Brentford,Sunderland,corners_1x2,draw,DraftKings,700
2026-09-02T19:03:49+00:00,29f81160baf6a97d6391d7172fad2425,2026-09-05,Brentford,Sunderland,corners_1x2,home,BetMGM,-210
2026-09-02T19:03:49+00:00,29f81160baf6a97d6391d7172fad2425,2026-09-05,Brentford,Sunderland,corners_1x2,home,BetRivers,-275
2026-09-02T19:03:49+00:00,29f81160baf6a97d6391d7172fad2425,2026-09-05,Brentford,Sunderland,corners_1x2,home,Bovada,-205
2026-09-02T19:03:49+00:00,29f81160baf6a97d6391d7172fad2425,2026-09-05,Brentford,Sunderland,corners_1x2,home,DraftKings,-205
2026-09-02T19:03:49+00:00,29f81160baf6a97d6391d7172fad2425,2026-09-05,Brentford,Sunderland,corners_total_10_5,over,BetMGM,120
2026-09-02T19:03:49+00:00,29f81160baf6a97d6391d7172fad2425,2026-09-05,Brentford,Sunderland,corners_total_10_5,over,BetRivers,100
2026-09-02T19:03:49+00:00,29f81160baf6a97d6391d7172fad2425,2026-09-05,Brentford,Sunderland,corners_total_10_5,over,Bovada,120
2026-09-02T19:03:49+00:00,29f81160baf6a97d6391d7172fad2425,2026-09-05,Brentford,Sunderland,corners_total_10_5,over,DraftKings,120
2026-09-02T19:03:49+00:00,29f81160baf6a97d6391d7172fad2425,2026-09-05,Brentford,Sunderland,corners_total_10_5,under,BetMGM,-175
2026-09-02T19:03:49+00:00,29f81160baf6a97d6391d7172fad2425,2026-09-05,Brentford,Sunderland,corners_total_10_5,under,BetRivers,-143
2026-09-02T19:03:49+00:00,29f81160baf6a97d6391d7172fad2425,2026-09-05,Brentford,Sunderland,corners_total_10_5,under,Bovada,-160
2026-09-02T19:03:49+00:00,29f81160baf6a97d6391d7172fad2425,2026-09-05,Brentford,Sunderland,corners_total_10_5,under,DraftKings,-165
2026-09-02T19:03:49+00:00,29f81160baf6a97d6391d7172fad2425,2026-09-05,Brentford,Sunderland,corners_total_9_5,over,BetMGM,-135
2026-09-02T19:03:49+00:00,29f81160baf6a97d6391d7172fad2425,2026-09-05,Brentford,Sunderland,corners_total_9_5,over,BetRivers,-162
2026-09-02T19:03:49+00:00,29f81160baf6a97d6391d7172fad2425,2026-09-05,Brentford,Sunderland,corners_total_9_5,over,Bovada,-132
2026-09-02T19:03:49+00:00,29f81160baf6a97d6391d7172fad2425,2026-09-05,Brentford,Sunderland,corners_total_9_5,over,Caesars,-134
2026-09-02T19:03:49+00:00,29f81160baf6a97d6391d7172fad2425,2026-09-05,Brentford,Sunderland,corners_total_9_5,over,DraftKings,-135
2026-09-02T19:03:49+00:00,29f81160baf6a97d6391d7172fad2425,2026-09-05,Brentford,Sunderland,corners_total_9_5,over,MyBookie.ag,-138
2026-09-02T19:03:49+00:00,29f81160baf6a97d6391d7172fad2425,2026-09-05,Brentford,Sunderland,corners_total_9_5,under,BetMGM,-105
2026-09-02T19:03:49+00:00,29f81160baf6a97d6391d7172fad2425,2026-09-05,Brentford,Sunderland,corners_total_9_5,under,BetRivers,110
2026-09-02T19:03:49+00:00,29f81160baf6a97d6391d7172fad2425,2026-09-05,Brentford,Sunderland,corners_total_9_5,under,Bovada,102
2026-09-02T19:03:49+00:00,29f81160baf6a97d6391d7172fad2425,2026-09-05,Brentford,Sunderland,corners_total_9_5,under,Caesars,105
2026-09-02T19:03:49+00:00,29f81160baf6a97d6391d7172fad2425,2026-09-05,Brentford,Sunderland,corners_total_9_5,under,DraftKings,100
2026-09-02T19:03:49+00:00,29f81160baf6a97d6391d7172fad2425,2026-09-05,Brentford,Sunderland,corners_total_9_5,under,MyBookie.ag,100
2026-09-02T19:03:49+00:00,29f81160baf6a97d6391d7172fad2425,2026-09-05,Brentford,Sunderland,double_chance,draw_or_away,BetOnline.ag,128
2026-09-02T19:03:49+00:00,29f81160baf6a97d6391d7172fad2425,2026-09-05,Brentford,Sunderland,double_chance,draw_or_away,BetRivers,140
2026-09-02T19:03:49+00:00,29f81160baf6a97d6391d7172fad2425,2026-09-05,Brentford,Sunderland,double_chance,draw_or_away,Bovada,130
2026-09-02T19:03:49+00:00,29f81160baf6a97d6391d7172fad2425,2026-09-05,Brentford,Sunderland,double_chance,draw_or_away,DraftKings,130
2026-09-02T19:03:49+00:00,29f81160baf6a97d6391d7172fad2425,2026-09-05,Brentford,Sunderland,double_chance,draw_or_away,FanDuel,130
2026-09-02T19:03:49+00:00,29f81160baf6a97d6391d7172fad2425,2026-09-05,Brentford,Sunderland,double_chance,draw_or_away,Fanatics,135
2026-09-02T19:03:49+00:00,29f81160baf6a97d6391d7172fad2425,2026-09-05,Brentford,Sunderland,double_chance,draw_or_away,MyBookie.ag,-107
2026-09-02T19:03:49+00:00,29f81160baf6a97d6391d7172fad2425,2026-09-05,Brentford,Sunderland,double_chance,home_or_away,BetOnline.ag,-417
2026-09-02T19:03:49+00:00,29f81160baf6a97d6391d7172fad2425,2026-09-05,Brentford,Sunderland,double_chance,home_or_away,BetRivers,-435
2026-09-02T19:03:49+00:00,29f81160baf6a97d6391d7172fad2425,2026-09-05,Brentford,Sunderland,double_chance,home_or_away,Bovada,-420
2026-09-02T19:03:49+00:00,29f81160baf6a97d6391d7172fad2425,2026-09-05,Brentford,Sunderland,double_chance,home_or_away,DraftKings,-425
2026-09-02T19:03:49+00:00,29f81160baf6a97d6391d7172fad2425,2026-09-05,Brentford,Sunderland,double_chance,home_or_away,FanDuel,-390
2026-09-02T19:03:49+00:00,29f81160baf6a97d6391d7172fad2425,2026-09-05,Brentford,Sunderland,double_chance,home_or_away,Fanatics,-400
2026-09-02T19:03:49+00:00,29f81160baf6a97d6391d7172fad2425,2026-09-05,Brentford,Sunderland,double_chance,home_or_away,MyBookie.ag,-549
2026-09-02T19:03:49+00:00,29f81160baf6a97d6391d7172fad2425,2026-09-05,Brentford,Sunderland,double_chance,home_or_draw,BetOnline.ag,-714
2026-09-02T19:03:49+00:00,29f81160baf6a97d6391d7172fad2425,2026-09-05,Brentford,Sunderland,double_chance,home_or_draw,BetRivers,-835
2026-09-02T19:03:49+00:00,29f81160baf6a97d6391d7172fad2425,2026-09-05,Brentford,Sunderland,double_chance,home_or_draw,Bovada,-725
2026-09-02T19:03:49+00:00,29f81160baf6a97d6391d7172fad2425,2026-09-05,Brentford,Sunderland,double_chance,home_or_draw,DraftKings,-650
2026-09-02T19:03:49+00:00,29f81160baf6a97d6391d7172fad2425,2026-09-05,Brentford,Sunderland,double_chance,home_or_draw,FanDuel,-700
2026-09-02T19:03:49+00:00,29f81160baf6a97d6391d7172fad2425,2026-09-05,Brentford,Sunderland,double_chance,home_or_draw,Fanatics,-630
2026-09-02T19:03:49+00:00,29f81160baf6a97d6391d7172fad2425,2026-09-05,Brentford,Sunderland,double_chance,home_or_draw,MyBookie.ag,-800
2026-09-02T19:03:49+00:00,29f81160baf6a97d6391d7172fad2425,2026-09-05,Brentford,Sunderland,draw_no_bet,away,BetMGM,290
2026-09-02T19:03:49+00:00,29f81160baf6a97d6391d7172fad2425,2026-09-05,Brentford,Sunderland,draw_no_bet,away,BetOnline.ag,300
2026-09-02T19:03:49+00:00,29f81160baf6a97d6391d7172fad2425,2026-09-05,Brentford,Sunderland,draw_no_bet,away,BetRivers,310
2026-09-02T19:03:49+00:00,29f81160baf6a97d6391d7172fad2425,2026-09-05,Brentford,Sunderland,draw_no_bet,away,Bovada,325
2026-09-02T19:03:49+00:00,29f81160baf6a97d6391d7172fad2425,2026-09-05,Brentford,Sunderland,draw_no_bet,away,Caesars,275
2026-09-02T19:03:49+00:00,29f81160baf6a97d6391d7172fad2425,2026-09-05,Brentford,Sunderland,draw_no_bet,away,DraftKings,320
2026-09-02T19:03:49+00:00,29f81160baf6a97d6391d7172fad2425,2026-09-05,Brentford,Sunderland,draw_no_bet,away,FanDuel,360
2026-09-02T19:03:49+00:00,29f81160baf6a97d6391d7172fad2425,2026-09-05,Brentford,Sunderland,draw_no_bet,away,Fanatics,310
2026-09-02T19:03:49+00:00,29f81160baf6a97d6391d7172fad2425,2026-09-05,Brentford,Sunderland,draw_no_bet,away,MyBookie.ag,300
2026-09-02T19:03:49+00:00,29f81160baf6a97d6391d7172fad2425,2026-09-05,Brentford,Sunderland,draw_no_bet,home,BetMGM,-450
2026-09-02T19:03:49+00:00,29f81160baf6a97d6391d7172fad2425,2026-09-05,Brentford,Sunderland,draw_no_bet,home,BetOnline.ag,-435
2026-09-02T19:03:49+00:00,29f81160baf6a97d6391d7172fad2425,2026-09-05,Brentford,Sunderland,draw_no_bet,home,BetRivers,-560
2026-09-02T19:03:49+00:00,29f81160baf6a97d6391d7172fad2425,2026-09-05,Brentford,Sunderland,draw_no_bet,home,Bovada,-435
2026-09-02T19:03:49+00:00,29f81160baf6a97d6391d7172fad2425,2026-09-05,Brentford,Sunderland,draw_no_bet,home,Caesars,-380
2026-09-02T19:03:49+00:00,29f81160baf6a97d6391d7172fad2425,2026-09-05,Brentford,Sunderland,draw_no_bet,home,DraftKings,-450
2026-09-02T19:03:49+00:00,29f81160baf6a97d6391d7172fad2425,2026-09-05,Brentford,Sunderland,draw_no_bet,home,FanDuel,-460
2026-09-02T19:03:49+00:00,29f81160baf6a97d6391d7172fad2425,2026-09-05,Brentford,Sunderland,draw_no_bet,home,Fanatics,-450
2026-09-02T19:03:49+00:00,29f81160baf6a97d6391d7172fad2425,2026-09-05,Brentford,Sunderland,draw_no_bet,home,MyBookie.ag,-429
2026-09-02T19:03:49+00:00,29f81160baf6a97d6391d7172fad2425,2026-09-05,Brentford,Sunderland,total_2_5,over,BetMGM,-130
2026-09-02T19:03:49+00:00,29f81160baf6a97d6391d7172fad2425,2026-09-05,Brentford,Sunderland,total_2_5,over,BetOnline.ag,-119
2026-09-02T19:03:49+00:00,29f81160baf6a97d6391d7172fad2425,2026-09-05,Brentford,Sunderland,total_2_5,over,BetRivers,-129
2026-09-02T19:03:49+00:00,29f81160baf6a97d6391d7172fad2425,2026-09-05,Brentford,Sunderland,total_2_5,over,BetUS,-125
2026-09-02T19:03:49+00:00,29f81160baf6a97d6391d7172fad2425,2026-09-05,Brentford,Sunderland,total_2_5,over,Bovada,-122
2026-09-02T19:03:49+00:00,29f81160baf6a97d6391d7172fad2425,2026-09-05,Brentford,Sunderland,total_2_5,over,Caesars,-125
2026-09-02T19:03:49+00:00,29f81160baf6a97d6391d7172fad2425,2026-09-05,Brentford,Sunderland,total_2_5,over,DraftKings,-125
2026-09-02T19:03:49+00:00,29f81160baf6a97d6391d7172fad2425,2026-09-05,Brentford,Sunderland,total_2_5,over,FanDuel,-120
2026-09-02T19:03:49+00:00,29f81160baf6a97d6391d7172fad2425,2026-09-05,Brentford,Sunderland,total_2_5,over,Fanatics,-120
2026-09-02T19:03:49+00:00,29f81160baf6a97d6391d7172fad2425,2026-09-05,Brentford,Sunderland,total_2_5,over,LowVig.ag,-119
2026-09-02T19:03:49+00:00,29f81160baf6a97d6391d7172fad2425,2026-09-05,Brentford,Sunderland,total_2_5,over,MyBookie.ag,-130
2026-09-02T19:03:49+00:00,29f81160baf6a97d6391d7172fad2425,2026-09-05,Brentford,Sunderland,total_2_5,under,BetMGM,-108
2026-09-02T19:03:49+00:00,29f81160baf6a97d6391d7172fad2425,2026-09-05,Brentford,Sunderland,total_2_5,under,BetOnline.ag,-102
2026-09-02T19:03:49+00:00,29f81160baf6a97d6391d7172fad2425,2026-09-05,Brentford,Sunderland,total_2_5,under,BetRivers,102
2026-09-02T19:03:49+00:00,29f81160baf6a97d6391d7172fad2425,2026-09-05,Brentford,Sunderland,total_2_5,under,BetUS,105
2026-09-02T19:03:49+00:00,29f81160baf6a97d6391d7172fad2425,2026-09-05,Brentford,Sunderland,total_2_5,under,Bovada,102
2026-09-02T19:03:49+00:00,29f81160baf6a97d6391d7172fad2425,2026-09-05,Brentford,Sunderland,total_2_5,under,Caesars,-102
2026-09-02T19:03:49+00:00,29f81160baf6a97d6391d7172fad2425,2026-09-05,Brentford,Sunderland,total_2_5,under,DraftKings,100
2026-09-02T19:03:49+00:00,29f81160baf6a97d6391d7172fad2425,2026-09-05,Brentford,Sunderland,total_2_5,under,FanDuel,-102
2026-09-02T19:03:49+00:00,29f81160baf6a97d6391d7172fad2425,2026-09-05,Brentford,Sunderland,total_2_5,under,Fanatics,-110
2026-09-02T19:03:49+00:00,29f81160baf6a97d6391d7172fad2425,2026-09-05,Brentford,Sunderland,total_2_5,under,LowVig.ag,-102
2026-09-02T19:03:49+00:00,29f81160baf6a97d6391d7172fad2425,2026-09-05,Brentford,Sunderland,total_2_5,under,MyBookie.ag,-106
2026-09-02T19:03:49+00:00,3b81531990da7ea3e461c43e8827672b,2026-09-05,Brighton,Leeds,1x2,away,BetMGM,270
2026-09-02T19:03:49+00:00,3b81531990da7ea3e461c43e8827672b,2026-09-05,Brighton,Leeds,1x2,away,BetOnline.ag,302
2026-09-02T19:03:49+00:00,3b81531990da7ea3e461c43e8827672b,2026-09-05,Brighton,Leeds,1x2,away,BetRivers,310
2026-09-02T19:03:49+00:00,3b81531990da7ea3e461c43e8827672b,2026-09-05,Brighton,Leeds,1x2,away,BetUS,302
2026-09-02T19:03:49+00:00,3b81531990da7ea3e461c43e8827672b,2026-09-05,Brighton,Leeds,1x2,away,Bovada,300
2026-09-02T19:03:49+00:00,3b81531990da7ea3e461c43e8827672b,2026-09-05,Brighton,Leeds,1x2,away,Caesars,290
2026-09-02T19:03:49+00:00,3b81531990da7ea3e461c43e8827672b,2026-09-05,Brighton,Leeds,1x2,away,DraftKings,295
2026-09-02T19:03:49+00:00,3b81531990da7ea3e461c43e8827672b,2026-09-05,Brighton,Leeds,1x2,away,FanDuel,300
2026-09-02T19:03:49+00:00,3b81531990da7ea3e461c43e8827672b,2026-09-05,Brighton,Leeds,1x2,away,Fanatics,300
2026-09-02T19:03:49+00:00,3b81531990da7ea3e461c43e8827672b,2026-09-05,Brighton,Leeds,1x2,away,LowVig.ag,302
2026-09-02T19:03:49+00:00,3b81531990da7ea3e461c43e8827672b,2026-09-05,Brighton,Leeds,1x2,away,MyBookie.ag,280
2026-09-02T19:03:49+00:00,3b81531990da7ea3e461c43e8827672b,2026-09-05,Brighton,Leeds,1x2,draw,BetMGM,230
2026-09-02T19:03:49+00:00,3b81531990da7ea3e461c43e8827672b,2026-09-05,Brighton,Leeds,1x2,draw,BetOnline.ag,275
2026-09-02T19:03:49+00:00,3b81531990da7ea3e461c43e8827672b,2026-09-05,Brighton,Leeds,1x2,draw,BetRivers,250
2026-09-02T19:03:49+00:00,3b81531990da7ea3e461c43e8827672b,2026-09-05,Brighton,Leeds,1x2,draw,BetUS,275
2026-09-02T19:03:49+00:00,3b81531990da7ea3e461c43e8827672b,2026-09-05,Brighton,Leeds,1x2,draw,Bovada,265
2026-09-02T19:03:49+00:00,3b81531990da7ea3e461c43e8827672b,2026-09-05,Brighton,Leeds,1x2,draw,Caesars,255
2026-09-02T19:03:49+00:00,3b81531990da7ea3e461c43e8827672b,2026-09-05,Brighton,Leeds,1x2,draw,DraftKings,270
2026-09-02T19:03:49+00:00,3b81531990da7ea3e461c43e8827672b,2026-09-05,Brighton,Leeds,1x2,draw,FanDuel,260
2026-09-02T19:03:49+00:00,3b81531990da7ea3e461c43e8827672b,2026-09-05,Brighton,Leeds,1x2,draw,Fanatics,250
2026-09-02T19:03:49+00:00,3b81531990da7ea3e461c43e8827672b,2026-09-05,Brighton,Leeds,1x2,draw,LowVig.ag,275
2026-09-02T19:03:49+00:00,3b81531990da7ea3e461c43e8827672b,2026-09-05,Brighton,Leeds,1x2,draw,MyBookie.ag,248
2026-09-02T19:03:49+00:00,3b81531990da7ea3e461c43e8827672b,2026-09-05,Brighton,Leeds,1x2,home,BetMGM,-120
2026-09-02T19:03:49+00:00,3b81531990da7ea3e461c43e8827672b,2026-09-05,Brighton,Leeds,1x2,home,BetOnline.ag,-108
2026-09-02T19:03:49+00:00,3b81531990da7ea3e461c43e8827672b,2026-09-05,Brighton,Leeds,1x2,home,BetRivers,-109
2026-09-02T19:03:49+00:00,3b81531990da7ea3e461c43e8827672b,2026-09-05,Brighton,Leeds,1x2,home,BetUS,-108
2026-09-02T19:03:49+00:00,3b81531990da7ea3e461c43e8827672b,2026-09-05,Brighton,Leeds,1x2,home,Bovada,-110
2026-09-02T19:03:49+00:00,3b81531990da7ea3e461c43e8827672b,2026-09-05,Brighton,Leeds,1x2,home,Caesars,-110
2026-09-02T19:03:49+00:00,3b81531990da7ea3e461c43e8827672b,2026-09-05,Brighton,Leeds,1x2,home,DraftKings,-110
2026-09-02T19:03:49+00:00,3b81531990da7ea3e461c43e8827672b,2026-09-05,Brighton,Leeds,1x2,home,FanDuel,-120
2026-09-02T19:03:49+00:00,3b81531990da7ea3e461c43e8827672b,2026-09-05,Brighton,Leeds,1x2,home,Fanatics,-110
2026-09-02T19:03:49+00:00,3b81531990da7ea3e461c43e8827672b,2026-09-05,Brighton,Leeds,1x2,home,LowVig.ag,-108
2026-09-02T19:03:49+00:00,3b81531990da7ea3e461c43e8827672b,2026-09-05,Brighton,Leeds,1x2,home,MyBookie.ag,-112
2026-09-02T19:03:49+00:00,3b81531990da7ea3e461c43e8827672b,2026-09-05,Brighton,Leeds,btts,no,BetMGM,105
2026-09-02T19:03:49+00:00,3b81531990da7ea3e461c43e8827672b,2026-09-05,Brighton,Leeds,btts,no,BetOnline.ag,104
2026-09-02T19:03:49+00:00,3b81531990da7ea3e461c43e8827672b,2026-09-05,Brighton,Leeds,btts,no,BetRivers,100
2026-09-02T19:03:49+00:00,3b81531990da7ea3e461c43e8827672b,2026-09-05,Brighton,Leeds,btts,no,Bovada,110
2026-09-02T19:03:49+00:00,3b81531990da7ea3e461c43e8827672b,2026-09-05,Brighton,Leeds,btts,no,Caesars,103
2026-09-02T19:03:49+00:00,3b81531990da7ea3e461c43e8827672b,2026-09-05,Brighton,Leeds,btts,no,DraftKings,110
2026-09-02T19:03:49+00:00,3b81531990da7ea3e461c43e8827672b,2026-09-05,Brighton,Leeds,btts,no,FanDuel,116
2026-09-02T19:03:49+00:00,3b81531990da7ea3e461c43e8827672b,2026-09-05,Brighton,Leeds,btts,no,Fanatics,105
2026-09-02T19:03:49+00:00,3b81531990da7ea3e461c43e8827672b,2026-09-05,Brighton,Leeds,btts,no,MyBookie.ag,104
2026-09-02T19:03:49+00:00,3b81531990da7ea3e461c43e8827672b,2026-09-05,Brighton,Leeds,btts,yes,BetMGM,-145
2026-09-02T19:03:49+00:00,3b81531990da7ea3e461c43e8827672b,2026-09-05,Brighton,Leeds,btts,yes,BetOnline.ag,-135
2026-09-02T19:03:49+00:00,3b81531990da7ea3e461c43e8827672b,2026-09-05,Brighton,Leeds,btts,yes,BetRivers,-136
2026-09-02T19:03:49+00:00,3b81531990da7ea3e461c43e8827672b,2026-09-05,Brighton,Leeds,btts,yes,Bovada,-145
2026-09-02T19:03:49+00:00,3b81531990da7ea3e461c43e8827672b,2026-09-05,Brighton,Leeds,btts,yes,Caesars,-130
2026-09-02T19:03:49+00:00,3b81531990da7ea3e461c43e8827672b,2026-09-05,Brighton,Leeds,btts,yes,DraftKings,-140
2026-09-02T19:03:49+00:00,3b81531990da7ea3e461c43e8827672b,2026-09-05,Brighton,Leeds,btts,yes,FanDuel,-148
2026-09-02T19:03:49+00:00,3b81531990da7ea3e461c43e8827672b,2026-09-05,Brighton,Leeds,btts,yes,Fanatics,-140
2026-09-02T19:03:49+00:00,3b81531990da7ea3e461c43e8827672b,2026-09-05,Brighton,Leeds,btts,yes,MyBookie.ag,-143
2026-09-02T19:03:49+00:00,3b81531990da7ea3e461c43e8827672b,2026-09-05,Brighton,Leeds,corners_1x2,away,BetMGM,300
2026-09-02T19:03:49+00:00,3b81531990da7ea3e461c43e8827672b,2026-09-05,Brighton,Leeds,corners_1x2,away,BetRivers,245
2026-09-02T19:03:49+00:00,3b81531990da7ea3e461c43e8827672b,2026-09-05,Brighton,Leeds,corners_1x2,away,Bovada,300
2026-09-02T19:03:49+00:00,3b81531990da7ea3e461c43e8827672b,2026-09-05,Brighton,Leeds,corners_1x2,away,DraftKings,425
2026-09-02T19:03:49+00:00,3b81531990da7ea3e461c43e8827672b,2026-09-05,Brighton,Leeds,corners_1x2,away,FanDuel,350
2026-09-02T19:03:49+00:00,3b81531990da7ea3e461c43e8827672b,2026-09-05,Brighton,Leeds,corners_1x2,draw,BetMGM,775
2026-09-02T19:03:49+00:00,3b81531990da7ea3e461c43e8827672b,2026-09-05,Brighton,Leeds,corners_1x2,draw,BetRivers,700
2026-09-02T19:03:49+00:00,3b81531990da7ea3e461c43e8827672b,2026-09-05,Brighton,Leeds,corners_1x2,draw,Bovada,775
2026-09-02T19:03:49+00:00,3b81531990da7ea3e461c43e8827672b,2026-09-05,Brighton,Leeds,corners_1x2,draw,DraftKings,850
2026-09-02T19:03:49+00:00,3b81531990da7ea3e461c43e8827672b,2026-09-05,Brighton,Leeds,corners_1x2,draw,FanDuel,800
2026-09-02T19:03:49+00:00,3b81531990da7ea3e461c43e8827672b,2026-09-05,Brighton,Leeds,corners_1x2,home,BetMGM,-295
2026-09-02T19:03:49+00:00,3b81531990da7ea3e461c43e8827672b,2026-09-05,Brighton,Leeds,corners_1x2,home,BetRivers,-265
2026-09-02T19:03:49+00:00,3b81531990da7ea3e461c43e8827672b,2026-09-05,Brighton,Leeds,corners_1x2,home,Bovada,-290
2026-09-02T19:03:49+00:00,3b81531990da7ea3e461c43e8827672b,2026-09-05,Brighton,Leeds,corners_1x2,home,DraftKings,-360
2026-09-02T19:03:49+00:00,3b81531990da7ea3e461c43e8827672b,2026-09-05,Brighton,Leeds,corners_1x2,home,FanDuel,-320
2026-09-02T19:03:49+00:00,3b81531990da7ea3e461c43e8827672b,2026-09-05,Brighton,Leeds,corners_total_10_5,over,BetMGM,110
2026-09-02T19:03:49+00:00,3b81531990da7ea3e461c43e8827672b,2026-09-05,Brighton,Leeds,corners_total_10_5,over,BetRivers,123
2026-09-02T19:03:49+00:00,3b81531990da7ea3e461c43e8827672b,2026-09-05,Brighton,Leeds,corners_total_10_5,over,Bovada,113
2026-09-02T19:03:49+00:00,3b81531990da7ea3e461c43e8827672b,2026-09-05,Brighton,Leeds,corners_total_10_5,over,DraftKings,115
2026-09-02T19:03:49+00:00,3b81531990da7ea3e461c43e8827672b,2026-09-05,Brighton,Leeds,corners_total_10_5,over,FanDuel,102
2026-09-02T19:03:49+00:00,3b81531990da7ea3e461c43e8827672b,2026-09-05,Brighton,Leeds,corners_total_10_5,under,BetMGM,-155
2026-09-02T19:03:49+00:00,3b81531990da7ea3e461c43e8827672b,2026-09-05,Brighton,Leeds,corners_total_10_5,under,BetRivers,-180
2026-09-02T19:03:49+00:00,3b81531990da7ea3e461c43e8827672b,2026-09-05,Brighton,Leeds,corners_total_10_5,under,Bovada,-148
2026-09-02T19:03:49+00:00,3b81531990da7ea3e461c43e8827672b,2026-09-05,Brighton,Leeds,corners_total_10_5,under,DraftKings,-155
2026-09-02T19:03:49+00:00,3b81531990da7ea3e461c43e8827672b,2026-09-05,Brighton,Leeds,corners_total_10_5,under,FanDuel,-136
2026-09-02T19:03:49+00:00,3b81531990da7ea3e461c43e8827672b,2026-09-05,Brighton,Leeds,corners_total_9_5,over,BetMGM,-150
2026-09-02T19:03:49+00:00,3b81531990da7ea3e461c43e8827672b,2026-09-05,Brighton,Leeds,corners_total_9_5,over,BetRivers,-132
2026-09-02T19:03:49+00:00,3b81531990da7ea3e461c43e8827672b,2026-09-05,Brighton,Leeds,corners_total_9_5,over,Bovada,-140
2026-09-02T19:03:49+00:00,3b81531990da7ea3e461c43e8827672b,2026-09-05,Brighton,Leeds,corners_total_9_5,over,Caesars,-137
2026-09-02T19:03:49+00:00,3b81531990da7ea3e461c43e8827672b,2026-09-05,Brighton,Leeds,corners_total_9_5,over,DraftKings,-145
2026-09-02T19:03:49+00:00,3b81531990da7ea3e461c43e8827672b,2026-09-05,Brighton,Leeds,corners_total_9_5,over,FanDuel,-168
2026-09-02T19:03:49+00:00,3b81531990da7ea3e461c43e8827672b,2026-09-05,Brighton,Leeds,corners_total_9_5,over,MyBookie.ag,-138
2026-09-02T19:03:49+00:00,3b81531990da7ea3e461c43e8827672b,2026-09-05,Brighton,Leeds,corners_total_9_5,under,BetMGM,105
2026-09-02T19:03:49+00:00,3b81531990da7ea3e461c43e8827672b,2026-09-05,Brighton,Leeds,corners_total_9_5,under,BetRivers,-112
2026-09-02T19:03:49+00:00,3b81531990da7ea3e461c43e8827672b,2026-09-05,Brighton,Leeds,corners_total_9_5,under,Bovada,108
2026-09-02T19:03:49+00:00,3b81531990da7ea3e461c43e8827672b,2026-09-05,Brighton,Leeds,corners_total_9_5,under,Caesars,108
2026-09-02T19:03:49+00:00,3b81531990da7ea3e461c43e8827672b,2026-09-05,Brighton,Leeds,corners_total_9_5,under,DraftKings,105
2026-09-02T19:03:49+00:00,3b81531990da7ea3e461c43e8827672b,2026-09-05,Brighton,Leeds,corners_total_9_5,under,FanDuel,126
2026-09-02T19:03:49+00:00,3b81531990da7ea3e461c43e8827672b,2026-09-05,Brighton,Leeds,corners_total_9_5,under,MyBookie.ag,100
2026-09-02T19:03:49+00:00,3b81531990da7ea3e461c43e8827672b,2026-09-05,Brighton,Leeds,double_chance,draw_or_away,BetOnline.ag,-108
2026-09-02T19:03:49+00:00,3b81531990da7ea3e461c43e8827672b,2026-09-05,Brighton,Leeds,double_chance,draw_or_away,BetRivers,-115
2026-09-02T19:03:49+00:00,3b81531990da7ea3e461c43e8827672b,2026-09-05,Brighton,Leeds,double_chance,draw_or_away,Bovada,-117
2026-09-02T19:03:49+00:00,3b81531990da7ea3e461c43e8827672b,2026-09-05,Brighton,Leeds,double_chance,draw_or_away,DraftKings,-115
2026-09-02T19:03:49+00:00,3b81531990da7ea3e461c43e8827672b,2026-09-05,Brighton,Leeds,double_chance,draw_or_away,FanDuel,-120
2026-09-02T19:03:49+00:00,3b81531990da7ea3e461c43e8827672b,2026-09-05,Brighton,Leeds,double_chance,draw_or_away,Fanatics,-115
2026-09-02T19:03:49+00:00,3b81531990da7ea3e461c43e8827672b,2026-09-05,Brighton,Leeds,double_chance,draw_or_away,MyBookie.ag,-157
2026-09-02T19:03:49+00:00,3b81531990da7ea3e461c43e8827672b,2026-09-05,Brighton,Leeds,double_chance,home_or_away,BetOnline.ag,-345
2026-09-02T19:03:49+00:00,3b81531990da7ea3e461c43e8827672b,2026-09-05,Brighton,Leeds,double_chance,home_or_away,BetRivers,-335
2026-09-02T19:03:49+00:00,3b81531990da7ea3e461c43e8827672b,2026-09-05,Brighton,Leeds,double_chance,home_or_away,Bovada,-360
2026-09-02T19:03:49+00:00,3b81531990da7ea3e461c43e8827672b,2026-09-05,Brighton,Leeds,double_chance,home_or_away,DraftKings,-350
2026-09-02T19:03:49+00:00,3b81531990da7ea3e461c43e8827672b,2026-09-05,Brighton,Leeds,double_chance,home_or_away,FanDuel,-350
2026-09-02T19:03:49+00:00,3b81531990da7ea3e461c43e8827672b,2026-09-05,Brighton,Leeds,double_chance,home_or_away,Fanatics,-350
2026-09-02T19:03:49+00:00,3b81531990da7ea3e461c43e8827672b,2026-09-05,Brighton,Leeds,double_chance,home_or_away,MyBookie.ag,-429
2026-09-02T19:03:49+00:00,3b81531990da7ea3e461c43e8827672b,2026-09-05,Brighton,Leeds,double_chance,home_or_draw,BetOnline.ag,-435
2026-09-02T19:03:49+00:00,3b81531990da7ea3e461c43e8827672b,2026-09-05,Brighton,Leeds,double_chance,home_or_draw,BetRivers,-435
2026-09-02T19:03:49+00:00,3b81531990da7ea3e461c43e8827672b,2026-09-05,Brighton,Leeds,double_chance,home_or_draw,Bovada,-420
2026-09-02T19:03:49+00:00,3b81531990da7ea3e461c43e8827672b,2026-09-05,Brighton,Leeds,double_chance,home_or_draw,DraftKings,-390
2026-09-02T19:03:49+00:00,3b81531990da7ea3e461c43e8827672b,2026-09-05,Brighton,Leeds,double_chance,home_or_draw,FanDuel,-425
2026-09-02T19:03:49+00:00,3b81531990da7ea3e461c43e8827672b,2026-09-05,Brighton,Leeds,double_chance,home_or_draw,Fanatics,-400
2026-09-02T19:03:49+00:00,3b81531990da7ea3e461c43e8827672b,2026-09-05,Brighton,Leeds,double_chance,home_or_draw,MyBookie.ag,-490
2026-09-02T19:03:49+00:00,3b81531990da7ea3e461c43e8827672b,2026-09-05,Brighton,Leeds,draw_no_bet,away,BetMGM,180
2026-09-02T19:03:49+00:00,3b81531990da7ea3e461c43e8827672b,2026-09-05,Brighton,Leeds,draw_no_bet,away,BetOnline.ag,195
2026-09-02T19:03:49+00:00,3b81531990da7ea3e461c43e8827672b,2026-09-05,Brighton,Leeds,draw_no_bet,away,BetRivers,180
2026-09-02T19:03:49+00:00,3b81531990da7ea3e461c43e8827672b,2026-09-05,Brighton,Leeds,draw_no_bet,away,Bovada,193
2026-09-02T19:03:49+00:00,3b81531990da7ea3e461c43e8827672b,2026-09-05,Brighton,Leeds,draw_no_bet,away,Caesars,170
2026-09-02T19:03:49+00:00,3b81531990da7ea3e461c43e8827672b,2026-09-05,Brighton,Leeds,draw_no_bet,away,DraftKings,185
2026-09-02T19:03:49+00:00,3b81531990da7ea3e461c43e8827672b,2026-09-05,Brighton,Leeds,draw_no_bet,away,FanDuel,200
2026-09-02T19:03:49+00:00,3b81531990da7ea3e461c43e8827672b,2026-09-05,Brighton,Leeds,draw_no_bet,away,Fanatics,190
2026-09-02T19:03:49+00:00,3b81531990da7ea3e461c43e8827672b,2026-09-05,Brighton,Leeds,draw_no_bet,away,MyBookie.ag,180
2026-09-02T19:03:49+00:00,3b81531990da7ea3e461c43e8827672b,2026-09-05,Brighton,Leeds,draw_no_bet,home,BetMGM,-275
2026-09-02T19:03:49+00:00,3b81531990da7ea3e461c43e8827672b,2026-09-05,Brighton,Leeds,draw_no_bet,home,BetOnline.ag,-256
2026-09-02T19:03:49+00:00,3b81531990da7ea3e461c43e8827672b,2026-09-05,Brighton,Leeds,draw_no_bet,home,BetRivers,-275
2026-09-02T19:03:49+00:00,3b81531990da7ea3e461c43e8827672b,2026-09-05,Brighton,Leeds,draw_no_bet,home,Bovada,-240
2026-09-02T19:03:49+00:00,3b81531990da7ea3e461c43e8827672b,2026-09-05,Brighton,Leeds,draw_no_bet,home,Caesars,-235
2026-09-02T19:03:49+00:00,3b81531990da7ea3e461c43e8827672b,2026-09-05,Brighton,Leeds,draw_no_bet,home,DraftKings,-240
2026-09-02T19:03:49+00:00,3b81531990da7ea3e461c43e8827672b,2026-09-05,Brighton,Leeds,draw_no_bet,home,FanDuel,-245
2026-09-02T19:03:49+00:00,3b81531990da7ea3e461c43e8827672b,2026-09-05,Brighton,Leeds,draw_no_bet,home,Fanatics,-260
2026-09-02T19:03:49+00:00,3b81531990da7ea3e461c43e8827672b,2026-09-05,Brighton,Leeds,draw_no_bet,home,MyBookie.ag,-236
2026-09-02T19:03:49+00:00,3b81531990da7ea3e461c43e8827672b,2026-09-05,Brighton,Leeds,total_2_5,over,BetMGM,-125
2026-09-02T19:03:49+00:00,3b81531990da7ea3e461c43e8827672b,2026-09-05,Brighton,Leeds,total_2_5,over,BetOnline.ag,-120
2026-09-02T19:03:49+00:00,3b81531990da7ea3e461c43e8827672b,2026-09-05,Brighton,Leeds,total_2_5,over,BetRivers,-112
2026-09-02T19:03:49+00:00,3b81531990da7ea3e461c43e8827672b,2026-09-05,Brighton,Leeds,total_2_5,over,BetUS,-125
2026-09-02T19:03:49+00:00,3b81531990da7ea3e461c43e8827672b,2026-09-05,Brighton,Leeds,total_2_5,over,Bovada,-118
2026-09-02T19:03:49+00:00,3b81531990da7ea3e461c43e8827672b,2026-09-05,Brighton,Leeds,total_2_5,over,Caesars,-122
2026-09-02T19:03:49+00:00,3b81531990da7ea3e461c43e8827672b,2026-09-05,Brighton,Leeds,total_2_5,over,DraftKings,-115
2026-09-02T19:03:49+00:00,3b81531990da7ea3e461c43e8827672b,2026-09-05,Brighton,Leeds,total_2_5,over,FanDuel,-122
2026-09-02T19:03:49+00:00,3b81531990da7ea3e461c43e8827672b,2026-09-05,Brighton,Leeds,total_2_5,over,Fanatics,-115
2026-09-02T19:03:49+00:00,3b81531990da7ea3e461c43e8827672b,2026-09-05,Brighton,Leeds,total_2_5,over,LowVig.ag,-120
2026-09-02T19:03:49+00:00,3b81531990da7ea3e461c43e8827672b,2026-09-05,Brighton,Leeds,total_2_5,over,MyBookie.ag,-127
2026-09-02T19:03:49+00:00,3b81531990da7ea3e461c43e8827672b,2026-09-05,Brighton,Leeds,total_2_5,under,BetMGM,-110
2026-09-02T19:03:49+00:00,3b81531990da7ea3e461c43e8827672b,2026-09-05,Brighton,Leeds,total_2_5,under,BetOnline.ag,-102
2026-09-02T19:03:49+00:00,3b81531990da7ea3e461c43e8827672b,2026-09-05,Brighton,Leeds,total_2_5,under,BetRivers,-114
2026-09-02T19:03:49+00:00,3b81531990da7ea3e461c43e8827672b,2026-09-05,Brighton,Leeds,total_2_5,under,BetUS,105
2026-09-02T19:03:49+00:00,3b81531990da7ea3e461c43e8827672b,2026-09-05,Brighton,Leeds,total_2_5,under,Bovada,-102
2026-09-02T19:03:49+00:00,3b81531990da7ea3e461c43e8827672b,2026-09-05,Brighton,Leeds,total_2_5,under,Caesars,-106
2026-09-02T19:03:49+00:00,3b81531990da7ea3e461c43e8827672b,2026-09-05,Brighton,Leeds,total_2_5,under,DraftKings,-105
2026-09-02T19:03:49+00:00,3b81531990da7ea3e461c43e8827672b,2026-09-05,Brighton,Leeds,total_2_5,under,FanDuel,100
2026-09-02T19:03:49+00:00,3b81531990da7ea3e461c43e8827672b,2026-09-05,Brighton,Leeds,total_2_5,under,Fanatics,-115
2026-09-02T19:03:49+00:00,3b81531990da7ea3e461c43e8827672b,2026-09-05,Brighton,Leeds,total_2_5,under,LowVig.ag,-102
2026-09-02T19:03:49+00:00,3b81531990da7ea3e461c43e8827672b,2026-09-05,Brighton,Leeds,total_2_5,under,MyBookie.ag,-108
2026-09-02T19:03:49+00:00,3db5f919507eb8ab0c8c72bddaca8f08,2026-09-05,Man City,Coventry,1x2,away,BetMGM,950
2026-09-02T19:03:49+00:00,3db5f919507eb8ab0c8c72bddaca8f08,2026-09-05,Man City,Coventry,1x2,away,BetOnline.ag,1500
2026-09-02T19:03:49+00:00,3db5f919507eb8ab0c8c72bddaca8f08,2026-09-05,Man City,Coventry,1x2,away,BetRivers,1400
2026-09-02T19:03:49+00:00,3db5f919507eb8ab0c8c72bddaca8f08,2026-09-05,Man City,Coventry,1x2,away,BetUS,1500
2026-09-02T19:03:49+00:00,3db5f919507eb8ab0c8c72bddaca8f08,2026-09-05,Man City,Coventry,1x2,away,Bovada,1200
2026-09-02T19:03:49+00:00,3db5f919507eb8ab0c8c72bddaca8f08,2026-09-05,Man City,Coventry,1x2,away,Caesars,1200
2026-09-02T19:03:49+00:00,3db5f919507eb8ab0c8c72bddaca8f08,2026-09-05,Man City,Coventry,1x2,away,DraftKings,1300
2026-09-02T19:03:49+00:00,3db5f919507eb8ab0c8c72bddaca8f08,2026-09-05,Man City,Coventry,1x2,away,FanDuel,1200
2026-09-02T19:03:49+00:00,3db5f919507eb8ab0c8c72bddaca8f08,2026-09-05,Man City,Coventry,1x2,away,Fanatics,1400
2026-09-02T19:03:49+00:00,3db5f919507eb8ab0c8c72bddaca8f08,2026-09-05,Man City,Coventry,1x2,away,LowVig.ag,1500
2026-09-02T19:03:49+00:00,3db5f919507eb8ab0c8c72bddaca8f08,2026-09-05,Man City,Coventry,1x2,away,MyBookie.ag,1025
2026-09-02T19:03:49+00:00,3db5f919507eb8ab0c8c72bddaca8f08,2026-09-05,Man City,Coventry,1x2,draw,BetMGM,550
2026-09-02T19:03:49+00:00,3db5f919507eb8ab0c8c72bddaca8f08,2026-09-05,Man City,Coventry,1x2,draw,BetOnline.ag,700
2026-09-02T19:03:49+00:00,3db5f919507eb8ab0c8c72bddaca8f08,2026-09-05,Man City,Coventry,1x2,draw,BetRivers,650
2026-09-02T19:03:49+00:00,3db5f919507eb8ab0c8c72bddaca8f08,2026-09-05,Man City,Coventry,1x2,draw,BetUS,700
2026-09-02T19:03:49+00:00,3db5f919507eb8ab0c8c72bddaca8f08,2026-09-05,Man City,Coventry,1x2,draw,Bovada,700
2026-09-02T19:03:49+00:00,3db5f919507eb8ab0c8c72bddaca8f08,2026-09-05,Man City,Coventry,1x2,draw,Caesars,650
2026-09-02T19:03:49+00:00,3db5f919507eb8ab0c8c72bddaca8f08,2026-09-05,Man City,Coventry,1x2,draw,DraftKings,700
2026-09-02T19:03:49+00:00,3db5f919507eb8ab0c8c72bddaca8f08,2026-09-05,Man City,Coventry,1x2,draw,FanDuel,700
2026-09-02T19:03:49+00:00,3db5f919507eb8ab0c8c72bddaca8f08,2026-09-05,Man City,Coventry,1x2,draw,Fanatics,700
2026-09-02T19:03:49+00:00,3db5f919507eb8ab0c8c72bddaca8f08,2026-09-05,Man City,Coventry,1x2,draw,LowVig.ag,700
2026-09-02T19:03:49+00:00,3db5f919507eb8ab0c8c72bddaca8f08,2026-09-05,Man City,Coventry,1x2,draw,MyBookie.ag,620
2026-09-02T19:03:49+00:00,3db5f919507eb8ab0c8c72bddaca8f08,2026-09-05,Man City,Coventry,1x2,home,BetMGM,-600
2026-09-02T19:03:49+00:00,3db5f919507eb8ab0c8c72bddaca8f08,2026-09-05,Man City,Coventry,1x2,home,BetOnline.ag,-550
2026-09-02T19:03:49+00:00,3db5f919507eb8ab0c8c72bddaca8f08,2026-09-05,Man City,Coventry,1x2,home,BetRivers,-560
2026-09-02T19:03:49+00:00,3db5f919507eb8ab0c8c72bddaca8f08,2026-09-05,Man City,Coventry,1x2,home,BetUS,-550
2026-09-02T19:03:49+00:00,3db5f919507eb8ab0c8c72bddaca8f08,2026-09-05,Man City,Coventry,1x2,home,Bovada,-575
2026-09-02T19:03:49+00:00,3db5f919507eb8ab0c8c72bddaca8f08,2026-09-05,Man City,Coventry,1x2,home,Caesars,-590
2026-09-02T19:03:49+00:00,3db5f919507eb8ab0c8c72bddaca8f08,2026-09-05,Man City,Coventry,1x2,home,DraftKings,-575
2026-09-02T19:03:49+00:00,3db5f919507eb8ab0c8c72bddaca8f08,2026-09-05,Man City,Coventry,1x2,home,FanDuel,-750
2026-09-02T19:03:49+00:00,3db5f919507eb8ab0c8c72bddaca8f08,2026-09-05,Man City,Coventry,1x2,home,Fanatics,-630
2026-09-02T19:03:49+00:00,3db5f919507eb8ab0c8c72bddaca8f08,2026-09-05,Man City,Coventry,1x2,home,LowVig.ag,-550
2026-09-02T19:03:49+00:00,3db5f919507eb8ab0c8c72bddaca8f08,2026-09-05,Man City,Coventry,1x2,home,MyBookie.ag,-575
2026-09-02T19:03:49+00:00,3db5f919507eb8ab0c8c72bddaca8f08,2026-09-05,Man City,Coventry,btts,no,BetMGM,-125
2026-09-02T19:03:49+00:00,3db5f919507eb8ab0c8c72bddaca8f08,2026-09-05,Man City,Coventry,btts,no,BetOnline.ag,-120
2026-09-02T19:03:49+00:00,3db5f919507eb8ab0c8c72bddaca8f08,2026-09-05,Man City,Coventry,btts,no,BetRivers,-124
2026-09-02T19:03:49+00:00,3db5f919507eb8ab0c8c72bddaca8f08,2026-09-05,Man City,Coventry,btts,no,Bovada,-120
2026-09-02T19:03:49+00:00,3db5f919507eb8ab0c8c72bddaca8f08,2026-09-05,Man City,Coventry,btts,no,Caesars,-115
2026-09-02T19:03:49+00:00,3db5f919507eb8ab0c8c72bddaca8f08,2026-09-05,Man City,Coventry,btts,no,DraftKings,-115
2026-09-02T19:03:49+00:00,3db5f919507eb8ab0c8c72bddaca8f08,2026-09-05,Man City,Coventry,btts,no,FanDuel,-130
2026-09-02T19:03:49+00:00,3db5f919507eb8ab0c8c72bddaca8f08,2026-09-05,Man City,Coventry,btts,no,Fanatics,-120
2026-09-02T19:03:49+00:00,3db5f919507eb8ab0c8c72bddaca8f08,2026-09-05,Man City,Coventry,btts,no,MyBookie.ag,-118
2026-09-02T19:03:49+00:00,3db5f919507eb8ab0c8c72bddaca8f08,2026-09-05,Man City,Coventry,btts,yes,BetMGM,-112
2026-09-02T19:03:49+00:00,3db5f919507eb8ab0c8c72bddaca8f08,2026-09-05,Man City,Coventry,btts,yes,BetOnline.ag,-106
2026-09-02T19:03:49+00:00,3db5f919507eb8ab0c8c72bddaca8f08,2026-09-05,Man City,Coventry,btts,yes,BetRivers,-110
2026-09-02T19:03:49+00:00,3db5f919507eb8ab0c8c72bddaca8f08,2026-09-05,Man City,Coventry,btts,yes,Bovada,-110
2026-09-02T19:03:49+00:00,3db5f919507eb8ab0c8c72bddaca8f08,2026-09-05,Man City,Coventry,btts,yes,Caesars,-112
2026-09-02T19:03:49+00:00,3db5f919507eb8ab0c8c72bddaca8f08,2026-09-05,Man City,Coventry,btts,yes,DraftKings,-110
2026-09-02T19:03:49+00:00,3db5f919507eb8ab0c8c72bddaca8f08,2026-09-05,Man City,Coventry,btts,yes,FanDuel,104
2026-09-02T19:03:49+00:00,3db5f919507eb8ab0c8c72bddaca8f08,2026-09-05,Man City,Coventry,btts,yes,Fanatics,-110
2026-09-02T19:03:49+00:00,3db5f919507eb8ab0c8c72bddaca8f08,2026-09-05,Man City,Coventry,btts,yes,MyBookie.ag,-117
2026-09-02T19:03:49+00:00,3db5f919507eb8ab0c8c72bddaca8f08,2026-09-05,Man City,Coventry,corners_1x2,away,BetMGM,750
2026-09-02T19:03:49+00:00,3db5f919507eb8ab0c8c72bddaca8f08,2026-09-05,Man City,Coventry,corners_1x2,away,BetRivers,700
2026-09-02T19:03:49+00:00,3db5f919507eb8ab0c8c72bddaca8f08,2026-09-05,Man City,Coventry,corners_1x2,away,Bovada,750
2026-09-02T19:03:49+00:00,3db5f919507eb8ab0c8c72bddaca8f08,2026-09-05,Man City,Coventry,corners_1x2,away,DraftKings,1500
2026-09-02T19:03:49+00:00,3db5f919507eb8ab0c8c72bddaca8f08,2026-09-05,Man City,Coventry,corners_1x2,draw,BetMGM,1150
2026-09-02T19:03:49+00:00,3db5f919507eb8ab0c8c72bddaca8f08,2026-09-05,Man City,Coventry,corners_1x2,draw,BetRivers,1050
2026-09-02T19:03:49+00:00,3db5f919507eb8ab0c8c72bddaca8f08,2026-09-05,Man City,Coventry,corners_1x2,draw,Bovada,1200
2026-09-02T19:03:49+00:00,3db5f919507eb8ab0c8c72bddaca8f08,2026-09-05,Man City,Coventry,corners_1x2,draw,DraftKings,1800
2026-09-02T19:03:49+00:00,3db5f919507eb8ab0c8c72bddaca8f08,2026-09-05,Man City,Coventry,corners_1x2,home,BetMGM,-800
2026-09-02T19:03:49+00:00,3db5f919507eb8ab0c8c72bddaca8f08,2026-09-05,Man City,Coventry,corners_1x2,home,BetRivers,-1000
2026-09-02T19:03:49+00:00,3db5f919507eb8ab0c8c72bddaca8f08,2026-09-05,Man City,Coventry,corners_1x2,home,Bovada,-800
2026-09-02T19:03:49+00:00,3db5f919507eb8ab0c8c72bddaca8f08,2026-09-05,Man City,Coventry,corners_1x2,home,DraftKings,-2000
2026-09-02T19:03:49+00:00,3db5f919507eb8ab0c8c72bddaca8f08,2026-09-05,Man City,Coventry,corners_total_10_5,over,BetMGM,-102
2026-09-02T19:03:49+00:00,3db5f919507eb8ab0c8c72bddaca8f08,2026-09-05,Man City,Coventry,corners_total_10_5,over,BetRivers,-108
2026-09-02T19:03:49+00:00,3db5f919507eb8ab0c8c72bddaca8f08,2026-09-05,Man City,Coventry,corners_total_10_5,over,Bovada,-105
2026-09-02T19:03:49+00:00,3db5f919507eb8ab0c8c72bddaca8f08,2026-09-05,Man City,Coventry,corners_total_10_5,over,Caesars,-102
2026-09-02T19:03:49+00:00,3db5f919507eb8ab0c8c72bddaca8f08,2026-09-05,Man City,Coventry,corners_total_10_5,over,DraftKings,-105
2026-09-02T19:03:49+00:00,3db5f919507eb8ab0c8c72bddaca8f08,2026-09-05,Man City,Coventry,corners_total_10_5,over,MyBookie.ag,-110
2026-09-02T19:03:49+00:00,3db5f919507eb8ab0c8c72bddaca8f08,2026-09-05,Man City,Coventry,corners_total_10_5,under,BetMGM,-140
2026-09-02T19:03:49+00:00,3db5f919507eb8ab0c8c72bddaca8f08,2026-09-05,Man City,Coventry,corners_total_10_5,under,BetRivers,-136
2026-09-02T19:03:49+00:00,3db5f919507eb8ab0c8c72bddaca8f08,2026-09-05,Man City,Coventry,corners_total_10_5,under,Bovada,-125
2026-09-02T19:03:49+00:00,3db5f919507eb8ab0c8c72bddaca8f08,2026-09-05,Man City,Coventry,corners_total_10_5,under,Caesars,-125
2026-09-02T19:03:49+00:00,3db5f919507eb8ab0c8c72bddaca8f08,2026-09-05,Man City,Coventry,corners_total_10_5,under,DraftKings,-130
2026-09-02T19:03:49+00:00,3db5f919507eb8ab0c8c72bddaca8f08,2026-09-05,Man City,Coventry,corners_total_10_5,under,MyBookie.ag,-125
2026-09-02T19:03:49+00:00,3db5f919507eb8ab0c8c72bddaca8f08,2026-09-05,Man City,Coventry,corners_total_9_5,over,BetMGM,-165
2026-09-02T19:03:49+00:00,3db5f919507eb8ab0c8c72bddaca8f08,2026-09-05,Man City,Coventry,corners_total_9_5,over,BetRivers,-175
2026-09-02T19:03:49+00:00,3db5f919507eb8ab0c8c72bddaca8f08,2026-09-05,Man City,Coventry,corners_total_9_5,over,Bovada,-172
2026-09-02T19:03:49+00:00,3db5f919507eb8ab0c8c72bddaca8f08,2026-09-05,Man City,Coventry,corners_total_9_5,over,DraftKings,-175
2026-09-02T19:03:49+00:00,3db5f919507eb8ab0c8c72bddaca8f08,2026-09-05,Man City,Coventry,corners_total_9_5,under,BetMGM,115
2026-09-02T19:03:49+00:00,3db5f919507eb8ab0c8c72bddaca8f08,2026-09-05,Man City,Coventry,corners_total_9_5,under,BetRivers,117
2026-09-02T19:03:49+00:00,3db5f919507eb8ab0c8c72bddaca8f08,2026-09-05,Man City,Coventry,corners_total_9_5,under,Bovada,130
2026-09-02T19:03:49+00:00,3db5f919507eb8ab0c8c72bddaca8f08,2026-09-05,Man City,Coventry,corners_total_9_5,under,DraftKings,125
2026-09-02T19:03:49+00:00,3db5f919507eb8ab0c8c72bddaca8f08,2026-09-05,Man City,Coventry,double_chance,draw_or_away,BetOnline.ag,370
2026-09-02T19:03:49+00:00,3db5f919507eb8ab0c8c72bddaca8f08,2026-09-05,Man City,Coventry,double_chance,draw_or_away,BetRivers,380
2026-09-02T19:03:49+00:00,3db5f919507eb8ab0c8c72bddaca8f08,2026-09-05,Man City,Coventry,double_chance,draw_or_away,DraftKings,360
2026-09-02T19:03:49+00:00,3db5f919507eb8ab0c8c72bddaca8f08,2026-09-05,Man City,Coventry,double_chance,draw_or_away,FanDuel,460
2026-09-02T19:03:49+00:00,3db5f919507eb8ab0c8c72bddaca8f08,2026-09-05,Man City,Coventry,double_chance,draw_or_away,Fanatics,400
2026-09-02T19:03:49+00:00,3db5f919507eb8ab0c8c72bddaca8f08,2026-09-05,Man City,Coventry,double_chance,draw_or_away,MyBookie.ag,198
2026-09-02T19:03:49+00:00,3db5f919507eb8ab0c8c72bddaca8f08,2026-09-05,Man City,Coventry,double_chance,home_or_away,BetOnline.ag,-1429
2026-09-02T19:03:49+00:00,3db5f919507eb8ab0c8c72bddaca8f08,2026-09-05,Man City,Coventry,double_chance,home_or_away,BetRivers,-1250
2026-09-02T19:03:49+00:00,3db5f919507eb8ab0c8c72bddaca8f08,2026-09-05,Man City,Coventry,double_chance,home_or_away,DraftKings,-1400
2026-09-02T19:03:49+00:00,3db5f919507eb8ab0c8c72bddaca8f08,2026-09-05,Man City,Coventry,double_chance,home_or_away,FanDuel,-1250
2026-09-02T19:03:49+00:00,3db5f919507eb8ab0c8c72bddaca8f08,2026-09-05,Man City,Coventry,double_chance,home_or_away,Fanatics,-1100
2026-09-02T19:03:49+00:00,3db5f919507eb8ab0c8c72bddaca8f08,2026-09-05,Man City,Coventry,double_chance,home_or_away,MyBookie.ag,-1786
2026-09-02T19:03:49+00:00,3db5f919507eb8ab0c8c72bddaca8f08,2026-09-05,Man City,Coventry,double_chance,home_or_draw,BetOnline.ag,-5000
2026-09-02T19:03:49+00:00,3db5f919507eb8ab0c8c72bddaca8f08,2026-09-05,Man City,Coventry,double_chance,home_or_draw,BetRivers,-5000
2026-09-02T19:03:49+00:00,3db5f919507eb8ab0c8c72bddaca8f08,2026-09-05,Man City,Coventry,double_chance,home_or_draw,DraftKings,-3000
2026-09-02T19:03:49+00:00,3db5f919507eb8ab0c8c72bddaca8f08,2026-09-05,Man City,Coventry,double_chance,home_or_draw,FanDuel,-3000
2026-09-02T19:03:49+00:00,3db5f919507eb8ab0c8c72bddaca8f08,2026-09-05,Man City,Coventry,double_chance,home_or_draw,Fanatics,-2500
2026-09-02T19:03:49+00:00,3db5f919507eb8ab0c8c72bddaca8f08,2026-09-05,Man City,Coventry,double_chance,home_or_draw,MyBookie.ag,-3030
2026-09-02T19:03:49+00:00,3db5f919507eb8ab0c8c72bddaca8f08,2026-09-05,Man City,Coventry,draw_no_bet,away,BetMGM,875
2026-09-02T19:03:49+00:00,3db5f919507eb8ab0c8c72bddaca8f08,2026-09-05,Man City,Coventry,draw_no_bet,away,BetOnline.ag,900
2026-09-02T19:03:49+00:00,3db5f919507eb8ab0c8c72bddaca8f08,2026-09-05,Man City,Coventry,draw_no_bet,away,BetRivers,850
2026-09-02T19:03:49+00:00,3db5f919507eb8ab0c8c72bddaca8f08,2026-09-05,Man City,Coventry,draw_no_bet,away,Bovada,1000
2026-09-02T19:03:49+00:00,3db5f919507eb8ab0c8c72bddaca8f08,2026-09-05,Man City,Coventry,draw_no_bet,away,Caesars,700
2026-09-02T19:03:49+00:00,3db5f919507eb8ab0c8c72bddaca8f08,2026-09-05,Man City,Coventry,draw_no_bet,away,DraftKings,1000
2026-09-02T19:03:49+00:00,3db5f919507eb8ab0c8c72bddaca8f08,2026-09-05,Man City,Coventry,draw_no_bet,away,FanDuel,1340
2026-09-02T19:03:49+00:00,3db5f919507eb8ab0c8c72bddaca8f08,2026-09-05,Man City,Coventry,draw_no_bet,away,Fanatics,1050
2026-09-02T19:03:49+00:00,3db5f919507eb8ab0c8c72bddaca8f08,2026-09-05,Man City,Coventry,draw_no_bet,away,MyBookie.ag,780
2026-09-02T19:03:49+00:00,3db5f919507eb8ab0c8c72bddaca8f08,2026-09-05,Man City,Coventry,draw_no_bet,home,BetMGM,-2500
2026-09-02T19:03:49+00:00,3db5f919507eb8ab0c8c72bddaca8f08,2026-09-05,Man City,Coventry,draw_no_bet,home,BetOnline.ag,-3333
2026-09-02T19:03:49+00:00,3db5f919507eb8ab0c8c72bddaca8f08,2026-09-05,Man City,Coventry,draw_no_bet,home,BetRivers,-2500
2026-09-02T19:03:49+00:00,3db5f919507eb8ab0c8c72bddaca8f08,2026-09-05,Man City,Coventry,draw_no_bet,home,Bovada,-2500
2026-09-02T19:03:49+00:00,3db5f919507eb8ab0c8c72bddaca8f08,2026-09-05,Man City,Coventry,draw_no_bet,home,Caesars,-1600
2026-09-02T19:03:49+00:00,3db5f919507eb8ab0c8c72bddaca8f08,2026-09-05,Man City,Coventry,draw_no_bet,home,DraftKings,-2500
2026-09-02T19:03:49+00:00,3db5f919507eb8ab0c8c72bddaca8f08,2026-09-05,Man City,Coventry,draw_no_bet,home,FanDuel,-2300
2026-09-02T19:03:49+00:00,3db5f919507eb8ab0c8c72bddaca8f08,2026-09-05,Man City,Coventry,draw_no_bet,home,Fanatics,-2200
2026-09-02T19:03:49+00:00,3db5f919507eb8ab0c8c72bddaca8f08,2026-09-05,Man City,Coventry,draw_no_bet,home,MyBookie.ag,-1786
2026-09-02T19:03:49+00:00,3db5f919507eb8ab0c8c72bddaca8f08,2026-09-05,Man City,Coventry,total_2_5,over,BetMGM,-295
2026-09-02T19:03:49+00:00,3db5f919507eb8ab0c8c72bddaca8f08,2026-09-05,Man City,Coventry,total_2_5,over,BetRivers,-286
2026-09-02T19:03:49+00:00,3db5f919507eb8ab0c8c72bddaca8f08,2026-09-05,Man City,Coventry,total_2_5,over,Bovada,-275
2026-09-02T19:03:49+00:00,3db5f919507eb8ab0c8c72bddaca8f08,2026-09-05,Man City,Coventry,total_2_5,over,Caesars,-312
2026-09-02T19:03:49+00:00,3db5f919507eb8ab0c8c72bddaca8f08,2026-09-05,Man City,Coventry,total_2_5,over,DraftKings,-285
2026-09-02T19:03:49+00:00,3db5f919507eb8ab0c8c72bddaca8f08,2026-09-05,Man City,Coventry,total_2_5,over,FanDuel,-290
2026-09-02T19:03:49+00:00,3db5f919507eb8ab0c8c72bddaca8f08,2026-09-05,Man City,Coventry,total_2_5,over,Fanatics,-285
2026-09-02T19:03:49+00:00,3db5f919507eb8ab0c8c72bddaca8f08,2026-09-05,Man City,Coventry,total_2_5,under,BetMGM,200
2026-09-02T19:03:49+00:00,3db5f919507eb8ab0c8c72bddaca8f08,2026-09-05,Man City,Coventry,total_2_5,under,BetRivers,215
2026-09-02T19:03:49+00:00,3db5f919507eb8ab0c8c72bddaca8f08,2026-09-05,Man City,Coventry,total_2_5,under,Bovada,220
2026-09-02T19:03:49+00:00,3db5f919507eb8ab0c8c72bddaca8f08,2026-09-05,Man City,Coventry,total_2_5,under,Caesars,204
2026-09-02T19:03:49+00:00,3db5f919507eb8ab0c8c72bddaca8f08,2026-09-05,Man City,Coventry,total_2_5,under,DraftKings,225
2026-09-02T19:03:49+00:00,3db5f919507eb8ab0c8c72bddaca8f08,2026-09-05,Man City,Coventry,total_2_5,under,FanDuel,225
2026-09-02T19:03:49+00:00,3db5f919507eb8ab0c8c72bddaca8f08,2026-09-05,Man City,Coventry,total_2_5,under,Fanatics,210
2026-09-02T19:03:49+00:00,5163190733dcaaea80474e43cbe20a51,2026-09-12,Chelsea,Hull,1x2,away,BetRivers,950
2026-09-02T19:03:49+00:00,5163190733dcaaea80474e43cbe20a51,2026-09-12,Chelsea,Hull,1x2,away,Bovada,1100
2026-09-02T19:03:49+00:00,5163190733dcaaea80474e43cbe20a51,2026-09-12,Chelsea,Hull,1x2,away,DraftKings,1100
2026-09-02T19:03:49+00:00,5163190733dcaaea80474e43cbe20a51,2026-09-12,Chelsea,Hull,1x2,away,FanDuel,950
2026-09-02T19:03:49+00:00,5163190733dcaaea80474e43cbe20a51,2026-09-12,Chelsea,Hull,1x2,away,Fanatics,1200
2026-09-02T19:03:49+00:00,5163190733dcaaea80474e43cbe20a51,2026-09-12,Chelsea,Hull,1x2,away,MyBookie.ag,900
2026-09-02T19:03:49+00:00,5163190733dcaaea80474e43cbe20a51,2026-09-12,Chelsea,Hull,1x2,draw,BetRivers,525
2026-09-02T19:03:49+00:00,5163190733dcaaea80474e43cbe20a51,2026-09-12,Chelsea,Hull,1x2,draw,Bovada,500
2026-09-02T19:03:49+00:00,5163190733dcaaea80474e43cbe20a51,2026-09-12,Chelsea,Hull,1x2,draw,DraftKings,475
2026-09-02T19:03:49+00:00,5163190733dcaaea80474e43cbe20a51,2026-09-12,Chelsea,Hull,1x2,draw,FanDuel,500
2026-09-02T19:03:49+00:00,5163190733dcaaea80474e43cbe20a51,2026-09-12,Chelsea,Hull,1x2,draw,Fanatics,475
2026-09-02T19:03:49+00:00,5163190733dcaaea80474e43cbe20a51,2026-09-12,Chelsea,Hull,1x2,draw,MyBookie.ag,520
2026-09-02T19:03:49+00:00,5163190733dcaaea80474e43cbe20a51,2026-09-12,Chelsea,Hull,1x2,home,BetRivers,-420
2026-09-02T19:03:49+00:00,5163190733dcaaea80474e43cbe20a51,2026-09-12,Chelsea,Hull,1x2,home,Bovada,-400
2026-09-02T19:03:49+00:00,5163190733dcaaea80474e43cbe20a51,2026-09-12,Chelsea,Hull,1x2,home,DraftKings,-425
2026-09-02T19:03:49+00:00,5163190733dcaaea80474e43cbe20a51,2026-09-12,Chelsea,Hull,1x2,home,FanDuel,-475
2026-09-02T19:03:49+00:00,5163190733dcaaea80474e43cbe20a51,2026-09-12,Chelsea,Hull,1x2,home,Fanatics,-400
2026-09-02T19:03:49+00:00,5163190733dcaaea80474e43cbe20a51,2026-09-12,Chelsea,Hull,1x2,home,MyBookie.ag,-450
2026-09-02T19:03:49+00:00,5163190733dcaaea80474e43cbe20a51,2026-09-12,Chelsea,Hull,btts,no,BetRivers,-118
2026-09-02T19:03:49+00:00,5163190733dcaaea80474e43cbe20a51,2026-09-12,Chelsea,Hull,btts,no,Bovada,-118
2026-09-02T19:03:49+00:00,5163190733dcaaea80474e43cbe20a51,2026-09-12,Chelsea,Hull,btts,no,DraftKings,-115
2026-09-02T19:03:49+00:00,5163190733dcaaea80474e43cbe20a51,2026-09-12,Chelsea,Hull,btts,no,FanDuel,-108
2026-09-02T19:03:49+00:00,5163190733dcaaea80474e43cbe20a51,2026-09-12,Chelsea,Hull,btts,no,Fanatics,-105
2026-09-02T19:03:49+00:00,5163190733dcaaea80474e43cbe20a51,2026-09-12,Chelsea,Hull,btts,yes,BetRivers,-122
2026-09-02T19:03:49+00:00,5163190733dcaaea80474e43cbe20a51,2026-09-12,Chelsea,Hull,btts,yes,Bovada,-112
2026-09-02T19:03:49+00:00,5163190733dcaaea80474e43cbe20a51,2026-09-12,Chelsea,Hull,btts,yes,DraftKings,-120
2026-09-02T19:03:49+00:00,5163190733dcaaea80474e43cbe20a51,2026-09-12,Chelsea,Hull,btts,yes,FanDuel,-118
2026-09-02T19:03:49+00:00,5163190733dcaaea80474e43cbe20a51,2026-09-12,Chelsea,Hull,btts,yes,Fanatics,-125
2026-09-02T19:03:49+00:00,5163190733dcaaea80474e43cbe20a51,2026-09-12,Chelsea,Hull,corners_1x2,away,BetRivers,575
2026-09-02T19:03:49+00:00,5163190733dcaaea80474e43cbe20a51,2026-09-12,Chelsea,Hull,corners_1x2,draw,BetRivers,900
2026-09-02T19:03:49+00:00,5163190733dcaaea80474e43cbe20a51,2026-09-12,Chelsea,Hull,corners_1x2,home,BetRivers,-770
2026-09-02T19:03:49+00:00,5163190733dcaaea80474e43cbe20a51,2026-09-12,Chelsea,Hull,corners_total_10_5,over,BetRivers,128
2026-09-02T19:03:49+00:00,5163190733dcaaea80474e43cbe20a51,2026-09-12,Chelsea,Hull,corners_total_10_5,under,BetRivers,-190
2026-09-02T19:03:49+00:00,5163190733dcaaea80474e43cbe20a51,2026-09-12,Chelsea,Hull,corners_total_9_5,over,BetRivers,-121
2026-09-02T19:03:49+00:00,5163190733dcaaea80474e43cbe20a51,2026-09-12,Chelsea,Hull,corners_total_9_5,under,BetRivers,-121
2026-09-02T19:03:49+00:00,5163190733dcaaea80474e43cbe20a51,2026-09-12,Chelsea,Hull,double_chance,draw_or_away,BetRivers,260
2026-09-02T19:03:49+00:00,5163190733dcaaea80474e43cbe20a51,2026-09-12,Chelsea,Hull,double_chance,draw_or_away,Bovada,305
2026-09-02T19:03:49+00:00,5163190733dcaaea80474e43cbe20a51,2026-09-12,Chelsea,Hull,double_chance,draw_or_away,DraftKings,255
2026-09-02T19:03:49+00:00,5163190733dcaaea80474e43cbe20a51,2026-09-12,Chelsea,Hull,double_chance,draw_or_away,FanDuel,310
2026-09-02T19:03:49+00:00,5163190733dcaaea80474e43cbe20a51,2026-09-12,Chelsea,Hull,double_chance,draw_or_away,Fanatics,300
2026-09-02T19:03:49+00:00,5163190733dcaaea80474e43cbe20a51,2026-09-12,Chelsea,Hull,double_chance,home_or_away,BetRivers,-1115
2026-09-02T19:03:49+00:00,5163190733dcaaea80474e43cbe20a51,2026-09-12,Chelsea,Hull,double_chance,home_or_away,Bovada,-950
2026-09-02T19:03:49+00:00,5163190733dcaaea80474e43cbe20a51,2026-09-12,Chelsea,Hull,double_chance,home_or_away,DraftKings,-1000
2026-09-02T19:03:49+00:00,5163190733dcaaea80474e43cbe20a51,2026-09-12,Chelsea,Hull,double_chance,home_or_away,FanDuel,-800
2026-09-02T19:03:49+00:00,5163190733dcaaea80474e43cbe20a51,2026-09-12,Chelsea,Hull,double_chance,home_or_away,Fanatics,-700
2026-09-02T19:03:49+00:00,5163190733dcaaea80474e43cbe20a51,2026-09-12,Chelsea,Hull,double_chance,home_or_draw,BetRivers,-2500
2026-09-02T19:03:49+00:00,5163190733dcaaea80474e43cbe20a51,2026-09-12,Chelsea,Hull,double_chance,home_or_draw,Bovada,-3500
2026-09-02T19:03:49+00:00,5163190733dcaaea80474e43cbe20a51,2026-09-12,Chelsea,Hull,double_chance,home_or_draw,DraftKings,-3000
2026-09-02T19:03:49+00:00,5163190733dcaaea80474e43cbe20a51,2026-09-12,Chelsea,Hull,double_chance,home_or_draw,FanDuel,-2000
2026-09-02T19:03:49+00:00,5163190733dcaaea80474e43cbe20a51,2026-09-12,Chelsea,Hull,double_chance,home_or_draw,Fanatics,-2000
2026-09-02T19:03:49+00:00,5163190733dcaaea80474e43cbe20a51,2026-09-12,Chelsea,Hull,draw_no_bet,away,BetRivers,600
2026-09-02T19:03:49+00:00,5163190733dcaaea80474e43cbe20a51,2026-09-12,Chelsea,Hull,draw_no_bet,away,Bovada,875
2026-09-02T19:03:49+00:00,5163190733dcaaea80474e43cbe20a51,2026-09-12,Chelsea,Hull,draw_no_bet,away,DraftKings,750
2026-09-02T19:03:49+00:00,5163190733dcaaea80474e43cbe20a51,2026-09-12,Chelsea,Hull,draw_no_bet,away,FanDuel,960
2026-09-02T19:03:49+00:00,5163190733dcaaea80474e43cbe20a51,2026-09-12,Chelsea,Hull,draw_no_bet,away,Fanatics,850
2026-09-02T19:03:49+00:00,5163190733dcaaea80474e43cbe20a51,2026-09-12,Chelsea,Hull,draw_no_bet,home,BetRivers,-1667
2026-09-02T19:03:49+00:00,5163190733dcaaea80474e43cbe20a51,2026-09-12,Chelsea,Hull,draw_no_bet,home,Bovada,-1800
2026-09-02T19:03:49+00:00,5163190733dcaaea80474e43cbe20a51,2026-09-12,Chelsea,Hull,draw_no_bet,home,DraftKings,-2500
2026-09-02T19:03:49+00:00,5163190733dcaaea80474e43cbe20a51,2026-09-12,Chelsea,Hull,draw_no_bet,home,FanDuel,-1500
2026-09-02T19:03:49+00:00,5163190733dcaaea80474e43cbe20a51,2026-09-12,Chelsea,Hull,draw_no_bet,home,Fanatics,-1700
2026-09-02T19:03:49+00:00,5163190733dcaaea80474e43cbe20a51,2026-09-12,Chelsea,Hull,total_2_5,over,BetRivers,-235
2026-09-02T19:03:49+00:00,5163190733dcaaea80474e43cbe20a51,2026-09-12,Chelsea,Hull,total_2_5,over,Bovada,-220
2026-09-02T19:03:49+00:00,5163190733dcaaea80474e43cbe20a51,2026-09-12,Chelsea,Hull,total_2_5,over,DraftKings,-255
2026-09-02T19:03:49+00:00,5163190733dcaaea80474e43cbe20a51,2026-09-12,Chelsea,Hull,total_2_5,over,FanDuel,-240
2026-09-02T19:03:49+00:00,5163190733dcaaea80474e43cbe20a51,2026-09-12,Chelsea,Hull,total_2_5,over,Fanatics,-240
2026-09-02T19:03:49+00:00,5163190733dcaaea80474e43cbe20a51,2026-09-12,Chelsea,Hull,total_2_5,under,BetRivers,180
2026-09-02T19:03:49+00:00,5163190733dcaaea80474e43cbe20a51,2026-09-12,Chelsea,Hull,total_2_5,under,Bovada,178
2026-09-02T19:03:49+00:00,5163190733dcaaea80474e43cbe20a51,2026-09-12,Chelsea,Hull,total_2_5,under,DraftKings,180
2026-09-02T19:03:49+00:00,5163190733dcaaea80474e43cbe20a51,2026-09-12,Chelsea,Hull,total_2_5,under,FanDuel,190
2026-09-02T19:03:49+00:00,5163190733dcaaea80474e43cbe20a51,2026-09-12,Chelsea,Hull,total_2_5,under,Fanatics,175
2026-09-02T19:03:49+00:00,625c096fabb6047cbeb082dab9affce4,2026-09-04,Ipswich,Liverpool,1x2,away,BetMGM,-210
2026-09-02T19:03:49+00:00,625c096fabb6047cbeb082dab9affce4,2026-09-04,Ipswich,Liverpool,1x2,away,BetOnline.ag,-182
2026-09-02T19:03:49+00:00,625c096fabb6047cbeb082dab9affce4,2026-09-04,Ipswich,Liverpool,1x2,away,BetRivers,-195
2026-09-02T19:03:49+00:00,625c096fabb6047cbeb082dab9affce4,2026-09-04,Ipswich,Liverpool,1x2,away,BetUS,-180
2026-09-02T19:03:49+00:00,625c096fabb6047cbeb082dab9affce4,2026-09-04,Ipswich,Liverpool,1x2,away,Bovada,-182
2026-09-02T19:03:49+00:00,625c096fabb6047cbeb082dab9affce4,2026-09-04,Ipswich,Liverpool,1x2,away,Caesars,-190
2026-09-02T19:03:49+00:00,625c096fabb6047cbeb082dab9affce4,2026-09-04,Ipswich,Liverpool,1x2,away,DraftKings,-185
2026-09-02T19:03:49+00:00,625c096fabb6047cbeb082dab9affce4,2026-09-04,Ipswich,Liverpool,1x2,away,FanDuel,-190
2026-09-02T19:03:49+00:00,625c096fabb6047cbeb082dab9affce4,2026-09-04,Ipswich,Liverpool,1x2,away,Fanatics,-180
2026-09-02T19:03:49+00:00,625c096fabb6047cbeb082dab9affce4,2026-09-04,Ipswich,Liverpool,1x2,away,LowVig.ag,-182
2026-09-02T19:03:49+00:00,625c096fabb6047cbeb082dab9affce4,2026-09-04,Ipswich,Liverpool,1x2,away,MyBookie.ag,-192
2026-09-02T19:03:49+00:00,625c096fabb6047cbeb082dab9affce4,2026-09-04,Ipswich,Liverpool,1x2,draw,BetMGM,320
2026-09-02T19:03:49+00:00,625c096fabb6047cbeb082dab9affce4,2026-09-04,Ipswich,Liverpool,1x2,draw,BetOnline.ag,388
2026-09-02T19:03:49+00:00,625c096fabb6047cbeb082dab9affce4,2026-09-04,Ipswich,Liverpool,1x2,draw,BetRivers,370
2026-09-02T19:03:49+00:00,625c096fabb6047cbeb082dab9affce4,2026-09-04,Ipswich,Liverpool,1x2,draw,BetUS,390
2026-09-02T19:03:49+00:00,625c096fabb6047cbeb082dab9affce4,2026-09-04,Ipswich,Liverpool,1x2,draw,Bovada,370
2026-09-02T19:03:49+00:00,625c096fabb6047cbeb082dab9affce4,2026-09-04,Ipswich,Liverpool,1x2,draw,Caesars,360
2026-09-02T19:03:49+00:00,625c096fabb6047cbeb082dab9affce4,2026-09-04,Ipswich,Liverpool,1x2,draw,DraftKings,370
2026-09-02T19:03:49+00:00,625c096fabb6047cbeb082dab9affce4,2026-09-04,Ipswich,Liverpool,1x2,draw,FanDuel,370
2026-09-02T19:03:49+00:00,625c096fabb6047cbeb082dab9affce4,2026-09-04,Ipswich,Liverpool,1x2,draw,Fanatics,350
2026-09-02T19:03:49+00:00,625c096fabb6047cbeb082dab9affce4,2026-09-04,Ipswich,Liverpool,1x2,draw,LowVig.ag,388
2026-09-02T19:03:49+00:00,625c096fabb6047cbeb082dab9affce4,2026-09-04,Ipswich,Liverpool,1x2,draw,MyBookie.ag,350
2026-09-02T19:03:49+00:00,625c096fabb6047cbeb082dab9affce4,2026-09-04,Ipswich,Liverpool,1x2,home,BetMGM,375
2026-09-02T19:03:49+00:00,625c096fabb6047cbeb082dab9affce4,2026-09-04,Ipswich,Liverpool,1x2,home,BetOnline.ag,440
2026-09-02T19:03:49+00:00,625c096fabb6047cbeb082dab9affce4,2026-09-04,Ipswich,Liverpool,1x2,home,BetRivers,460
2026-09-02T19:03:49+00:00,625c096fabb6047cbeb082dab9affce4,2026-09-04,Ipswich,Liverpool,1x2,home,BetUS,440
2026-09-02T19:03:49+00:00,625c096fabb6047cbeb082dab9affce4,2026-09-04,Ipswich,Liverpool,1x2,home,Bovada,440
2026-09-02T19:03:49+00:00,625c096fabb6047cbeb082dab9affce4,2026-09-04,Ipswich,Liverpool,1x2,home,Caesars,425
2026-09-02T19:03:49+00:00,625c096fabb6047cbeb082dab9affce4,2026-09-04,Ipswich,Liverpool,1x2,home,DraftKings,425
2026-09-02T19:03:49+00:00,625c096fabb6047cbeb082dab9affce4,2026-09-04,Ipswich,Liverpool,1x2,home,FanDuel,460
2026-09-02T19:03:49+00:00,625c096fabb6047cbeb082dab9affce4,2026-09-04,Ipswich,Liverpool,1x2,home,Fanatics,425
2026-09-02T19:03:49+00:00,625c096fabb6047cbeb082dab9affce4,2026-09-04,Ipswich,Liverpool,1x2,home,LowVig.ag,440
2026-09-02T19:03:49+00:00,625c096fabb6047cbeb082dab9affce4,2026-09-04,Ipswich,Liverpool,1x2,home,MyBookie.ag,400
2026-09-02T19:03:49+00:00,625c096fabb6047cbeb082dab9affce4,2026-09-04,Ipswich,Liverpool,btts,no,BetMGM,125
2026-09-02T19:03:49+00:00,625c096fabb6047cbeb082dab9affce4,2026-09-04,Ipswich,Liverpool,btts,no,BetRivers,130
2026-09-02T19:03:49+00:00,625c096fabb6047cbeb082dab9affce4,2026-09-04,Ipswich,Liverpool,btts,no,Bovada,132
2026-09-02T19:03:49+00:00,625c096fabb6047cbeb082dab9affce4,2026-09-04,Ipswich,Liverpool,btts,no,Caesars,130
2026-09-02T19:03:49+00:00,625c096fabb6047cbeb082dab9affce4,2026-09-04,Ipswich,Liverpool,btts,no,DraftKings,145
2026-09-02T19:03:49+00:00,625c096fabb6047cbeb082dab9affce4,2026-09-04,Ipswich,Liverpool,btts,no,FanDuel,134
2026-09-02T19:03:49+00:00,625c096fabb6047cbeb082dab9affce4,2026-09-04,Ipswich,Liverpool,btts,no,Fanatics,135
2026-09-02T19:03:49+00:00,625c096fabb6047cbeb082dab9affce4,2026-09-04,Ipswich,Liverpool,btts,no,MyBookie.ag,128
2026-09-02T19:03:49+00:00,625c096fabb6047cbeb082dab9affce4,2026-09-04,Ipswich,Liverpool,btts,yes,BetMGM,-175
2026-09-02T19:03:49+00:00,625c096fabb6047cbeb082dab9affce4,2026-09-04,Ipswich,Liverpool,btts,yes,BetRivers,-177
2026-09-02T19:03:49+00:00,625c096fabb6047cbeb082dab9affce4,2026-09-04,Ipswich,Liverpool,btts,yes,Bovada,-175
2026-09-02T19:03:49+00:00,625c096fabb6047cbeb082dab9affce4,2026-09-04,Ipswich,Liverpool,btts,yes,Caesars,-170
2026-09-02T19:03:49+00:00,625c096fabb6047cbeb082dab9affce4,2026-09-04,Ipswich,Liverpool,btts,yes,DraftKings,-180
2026-09-02T19:03:49+00:00,625c096fabb6047cbeb082dab9affce4,2026-09-04,Ipswich,Liverpool,btts,yes,FanDuel,-174
2026-09-02T19:03:49+00:00,625c096fabb6047cbeb082dab9affce4,2026-09-04,Ipswich,Liverpool,btts,yes,Fanatics,-175
2026-09-02T19:03:49+00:00,625c096fabb6047cbeb082dab9affce4,2026-09-04,Ipswich,Liverpool,btts,yes,MyBookie.ag,-178
2026-09-02T19:03:49+00:00,625c096fabb6047cbeb082dab9affce4,2026-09-04,Ipswich,Liverpool,corners_1x2,away,BetMGM,-250
2026-09-02T19:03:49+00:00,625c096fabb6047cbeb082dab9affce4,2026-09-04,Ipswich,Liverpool,corners_1x2,away,BetRivers,-215
2026-09-02T19:03:49+00:00,625c096fabb6047cbeb082dab9affce4,2026-09-04,Ipswich,Liverpool,corners_1x2,away,Bovada,-260
2026-09-02T19:03:49+00:00,625c096fabb6047cbeb082dab9affce4,2026-09-04,Ipswich,Liverpool,corners_1x2,away,DraftKings,-280
2026-09-02T19:03:49+00:00,625c096fabb6047cbeb082dab9affce4,2026-09-04,Ipswich,Liverpool,corners_1x2,away,FanDuel,-240
2026-09-02T19:03:49+00:00,625c096fabb6047cbeb082dab9affce4,2026-09-04,Ipswich,Liverpool,corners_1x2,draw,BetMGM,725
2026-09-02T19:03:49+00:00,625c096fabb6047cbeb082dab9affce4,2026-09-04,Ipswich,Liverpool,corners_1x2,draw,BetRivers,700
2026-09-02T19:03:49+00:00,625c096fabb6047cbeb082dab9affce4,2026-09-04,Ipswich,Liverpool,corners_1x2,draw,Bovada,725
2026-09-02T19:03:49+00:00,625c096fabb6047cbeb082dab9affce4,2026-09-04,Ipswich,Liverpool,corners_1x2,draw,DraftKings,750
2026-09-02T19:03:49+00:00,625c096fabb6047cbeb082dab9affce4,2026-09-04,Ipswich,Liverpool,corners_1x2,draw,FanDuel,750
2026-09-02T19:03:49+00:00,625c096fabb6047cbeb082dab9affce4,2026-09-04,Ipswich,Liverpool,corners_1x2,home,BetMGM,260
2026-09-02T19:03:49+00:00,625c096fabb6047cbeb082dab9affce4,2026-09-04,Ipswich,Liverpool,corners_1x2,home,BetRivers,205
2026-09-02T19:03:49+00:00,625c096fabb6047cbeb082dab9affce4,2026-09-04,Ipswich,Liverpool,corners_1x2,home,Bovada,260
2026-09-02T19:03:49+00:00,625c096fabb6047cbeb082dab9affce4,2026-09-04,Ipswich,Liverpool,corners_1x2,home,DraftKings,340
2026-09-02T19:03:49+00:00,625c096fabb6047cbeb082dab9affce4,2026-09-04,Ipswich,Liverpool,corners_1x2,home,FanDuel,280
2026-09-02T19:03:49+00:00,625c096fabb6047cbeb082dab9affce4,2026-09-04,Ipswich,Liverpool,corners_total_10_5,over,BetMGM,130
2026-09-02T19:03:49+00:00,625c096fabb6047cbeb082dab9affce4,2026-09-04,Ipswich,Liverpool,corners_total_10_5,over,BetRivers,118
2026-09-02T19:03:49+00:00,625c096fabb6047cbeb082dab9affce4,2026-09-04,Ipswich,Liverpool,corners_total_10_5,over,Bovada,130
2026-09-02T19:03:49+00:00,625c096fabb6047cbeb082dab9affce4,2026-09-04,Ipswich,Liverpool,corners_total_10_5,over,DraftKings,125
2026-09-02T19:03:49+00:00,625c096fabb6047cbeb082dab9affce4,2026-09-04,Ipswich,Liverpool,corners_total_10_5,over,FanDuel,130
2026-09-02T19:03:49+00:00,625c096fabb6047cbeb082dab9affce4,2026-09-04,Ipswich,Liverpool,corners_total_10_5,under,BetMGM,-190
2026-09-02T19:03:49+00:00,625c096fabb6047cbeb082dab9affce4,2026-09-04,Ipswich,Liverpool,corners_total_10_5,under,BetRivers,-175
2026-09-02T19:03:49+00:00,625c096fabb6047cbeb082dab9affce4,2026-09-04,Ipswich,Liverpool,corners_total_10_5,under,Bovada,-172
2026-09-02T19:03:49+00:00,625c096fabb6047cbeb082dab9affce4,2026-09-04,Ipswich,Liverpool,corners_total_10_5,under,DraftKings,-180
2026-09-02T19:03:49+00:00,625c096fabb6047cbeb082dab9affce4,2026-09-04,Ipswich,Liverpool,corners_total_10_5,under,FanDuel,-200
2026-09-02T19:03:49+00:00,625c096fabb6047cbeb082dab9affce4,2026-09-04,Ipswich,Liverpool,corners_total_9_5,over,BetMGM,-120
2026-09-02T19:03:49+00:00,625c096fabb6047cbeb082dab9affce4,2026-09-04,Ipswich,Liverpool,corners_total_9_5,over,BetRivers,-136
2026-09-02T19:03:49+00:00,625c096fabb6047cbeb082dab9affce4,2026-09-04,Ipswich,Liverpool,corners_total_9_5,over,Bovada,-122
2026-09-02T19:03:49+00:00,625c096fabb6047cbeb082dab9affce4,2026-09-04,Ipswich,Liverpool,corners_total_9_5,over,Caesars,-120
2026-09-02T19:03:49+00:00,625c096fabb6047cbeb082dab9affce4,2026-09-04,Ipswich,Liverpool,corners_total_9_5,over,DraftKings,-125
2026-09-02T19:03:49+00:00,625c096fabb6047cbeb082dab9affce4,2026-09-04,Ipswich,Liverpool,corners_total_9_5,over,FanDuel,-130
2026-09-02T19:03:49+00:00,625c096fabb6047cbeb082dab9affce4,2026-09-04,Ipswich,Liverpool,corners_total_9_5,over,MyBookie.ag,-138
2026-09-02T19:03:49+00:00,625c096fabb6047cbeb082dab9affce4,2026-09-04,Ipswich,Liverpool,corners_total_9_5,under,BetMGM,-115
2026-09-02T19:03:49+00:00,625c096fabb6047cbeb082dab9affce4,2026-09-04,Ipswich,Liverpool,corners_total_9_5,under,BetRivers,-108
2026-09-02T19:03:49+00:00,625c096fabb6047cbeb082dab9affce4,2026-09-04,Ipswich,Liverpool,corners_total_9_5,under,Bovada,-108
2026-09-02T19:03:49+00:00,625c096fabb6047cbeb082dab9affce4,2026-09-04,Ipswich,Liverpool,corners_total_9_5,under,Caesars,-107
2026-09-02T19:03:49+00:00,625c096fabb6047cbeb082dab9affce4,2026-09-04,Ipswich,Liverpool,corners_total_9_5,under,DraftKings,-110
2026-09-02T19:03:49+00:00,625c096fabb6047cbeb082dab9affce4,2026-09-04,Ipswich,Liverpool,corners_total_9_5,under,FanDuel,-125
2026-09-02T19:03:49+00:00,625c096fabb6047cbeb082dab9affce4,2026-09-04,Ipswich,Liverpool,corners_total_9_5,under,MyBookie.ag,100
2026-09-02T19:03:49+00:00,625c096fabb6047cbeb082dab9affce4,2026-09-04,Ipswich,Liverpool,double_chance,draw_or_away,BetRivers,-715
2026-09-02T19:03:49+00:00,625c096fabb6047cbeb082dab9affce4,2026-09-04,Ipswich,Liverpool,double_chance,draw_or_away,Bovada,-725
2026-09-02T19:03:49+00:00,625c096fabb6047cbeb082dab9affce4,2026-09-04,Ipswich,Liverpool,double_chance,draw_or_away,DraftKings,-600
2026-09-02T19:03:49+00:00,625c096fabb6047cbeb082dab9affce4,2026-09-04,Ipswich,Liverpool,double_chance,draw_or_away,FanDuel,-650
2026-09-02T19:03:49+00:00,625c096fabb6047cbeb082dab9affce4,2026-09-04,Ipswich,Liverpool,double_chance,draw_or_away,Fanatics,-575
2026-09-02T19:03:49+00:00,625c096fabb6047cbeb082dab9affce4,2026-09-04,Ipswich,Liverpool,double_chance,draw_or_away,MyBookie.ag,-752
2026-09-02T19:03:49+00:00,625c096fabb6047cbeb082dab9affce4,2026-09-04,Ipswich,Liverpool,double_chance,home_or_away,BetRivers,-530
2026-09-02T19:03:49+00:00,625c096fabb6047cbeb082dab9affce4,2026-09-04,Ipswich,Liverpool,double_chance,home_or_away,Bovada,-480
2026-09-02T19:03:49+00:00,625c096fabb6047cbeb082dab9affce4,2026-09-04,Ipswich,Liverpool,double_chance,home_or_away,DraftKings,-525
2026-09-02T19:03:49+00:00,625c096fabb6047cbeb082dab9affce4,2026-09-04,Ipswich,Liverpool,double_chance,home_or_away,FanDuel,-550
2026-09-02T19:03:49+00:00,625c096fabb6047cbeb082dab9affce4,2026-09-04,Ipswich,Liverpool,double_chance,home_or_away,Fanatics,-500
2026-09-02T19:03:49+00:00,625c096fabb6047cbeb082dab9affce4,2026-09-04,Ipswich,Liverpool,double_chance,home_or_away,MyBookie.ag,-649
2026-09-02T19:03:49+00:00,625c096fabb6047cbeb082dab9affce4,2026-09-04,Ipswich,Liverpool,double_chance,home_or_draw,BetRivers,150
2026-09-02T19:03:49+00:00,625c096fabb6047cbeb082dab9affce4,2026-09-04,Ipswich,Liverpool,double_chance,home_or_draw,Bovada,143
2026-09-02T19:03:49+00:00,625c096fabb6047cbeb082dab9affce4,2026-09-04,Ipswich,Liverpool,double_chance,home_or_draw,DraftKings,140
2026-09-02T19:03:49+00:00,625c096fabb6047cbeb082dab9affce4,2026-09-04,Ipswich,Liverpool,double_chance,home_or_draw,FanDuel,145
2026-09-02T19:03:49+00:00,625c096fabb6047cbeb082dab9affce4,2026-09-04,Ipswich,Liverpool,double_chance,home_or_draw,Fanatics,145
2026-09-02T19:03:49+00:00,625c096fabb6047cbeb082dab9affce4,2026-09-04,Ipswich,Liverpool,double_chance,home_or_draw,MyBookie.ag,100
2026-09-02T19:03:49+00:00,625c096fabb6047cbeb082dab9affce4,2026-09-04,Ipswich,Liverpool,draw_no_bet,away,BetMGM,-450
2026-09-02T19:03:49+00:00,625c096fabb6047cbeb082dab9affce4,2026-09-04,Ipswich,Liverpool,draw_no_bet,away,BetRivers,-530
2026-09-02T19:03:49+00:00,625c096fabb6047cbeb082dab9affce4,2026-09-04,Ipswich,Liverpool,draw_no_bet,away,Bovada,-450
2026-09-02T19:03:49+00:00,625c096fabb6047cbeb082dab9affce4,2026-09-04,Ipswich,Liverpool,draw_no_bet,away,Caesars,-380
2026-09-02T19:03:49+00:00,625c096fabb6047cbeb082dab9affce4,2026-09-04,Ipswich,Liverpool,draw_no_bet,away,DraftKings,-450
2026-09-02T19:03:49+00:00,625c096fabb6047cbeb082dab9affce4,2026-09-04,Ipswich,Liverpool,draw_no_bet,away,FanDuel,-460
2026-09-02T19:03:49+00:00,625c096fabb6047cbeb082dab9affce4,2026-09-04,Ipswich,Liverpool,draw_no_bet,away,Fanatics,-425
2026-09-02T19:03:49+00:00,625c096fabb6047cbeb082dab9affce4,2026-09-04,Ipswich,Liverpool,draw_no_bet,away,MyBookie.ag,-420
2026-09-02T19:03:49+00:00,625c096fabb6047cbeb082dab9affce4,2026-09-04,Ipswich,Liverpool,draw_no_bet,home,BetMGM,290
2026-09-02T19:03:49+00:00,625c096fabb6047cbeb082dab9affce4,2026-09-04,Ipswich,Liverpool,draw_no_bet,home,BetRivers,295
2026-09-02T19:03:49+00:00,625c096fabb6047cbeb082dab9affce4,2026-09-04,Ipswich,Liverpool,draw_no_bet,home,Bovada,335
2026-09-02T19:03:49+00:00,625c096fabb6047cbeb082dab9affce4,2026-09-04,Ipswich,Liverpool,draw_no_bet,home,Caesars,270
2026-09-02T19:03:49+00:00,625c096fabb6047cbeb082dab9affce4,2026-09-04,Ipswich,Liverpool,draw_no_bet,home,DraftKings,320
2026-09-02T19:03:49+00:00,625c096fabb6047cbeb082dab9affce4,2026-09-04,Ipswich,Liverpool,draw_no_bet,home,FanDuel,350
2026-09-02T19:03:49+00:00,625c096fabb6047cbeb082dab9affce4,2026-09-04,Ipswich,Liverpool,draw_no_bet,home,Fanatics,300
2026-09-02T19:03:49+00:00,625c096fabb6047cbeb082dab9affce4,2026-09-04,Ipswich,Liverpool,draw_no_bet,home,MyBookie.ag,295
2026-09-02T19:03:49+00:00,625c096fabb6047cbeb082dab9affce4,2026-09-04,Ipswich,Liverpool,total_2_5,over,BetMGM,-210
2026-09-02T19:03:49+00:00,625c096fabb6047cbeb082dab9affce4,2026-09-04,Ipswich,Liverpool,total_2_5,over,BetRivers,-205
2026-09-02T19:03:49+00:00,625c096fabb6047cbeb082dab9affce4,2026-09-04,Ipswich,Liverpool,total_2_5,over,Bovada,-212
2026-09-02T19:03:49+00:00,625c096fabb6047cbeb082dab9affce4,2026-09-04,Ipswich,Liverpool,total_2_5,over,Caesars,-227
2026-09-02T19:03:49+00:00,625c096fabb6047cbeb082dab9affce4,2026-09-04,Ipswich,Liverpool,total_2_5,over,DraftKings,-215
2026-09-02T19:03:49+00:00,625c096fabb6047cbeb082dab9affce4,2026-09-04,Ipswich,Liverpool,total_2_5,over,FanDuel,-210
2026-09-02T19:03:49+00:00,625c096fabb6047cbeb082dab9affce4,2026-09-04,Ipswich,Liverpool,total_2_5,over,Fanatics,-210
2026-09-02T19:03:49+00:00,625c096fabb6047cbeb082dab9affce4,2026-09-04,Ipswich,Liverpool,total_2_5,under,BetMGM,150
2026-09-02T19:03:49+00:00,625c096fabb6047cbeb082dab9affce4,2026-09-04,Ipswich,Liverpool,total_2_5,under,BetRivers,160
2026-09-02T19:03:49+00:00,625c096fabb6047cbeb082dab9affce4,2026-09-04,Ipswich,Liverpool,total_2_5,under,Bovada,170
2026-09-02T19:03:49+00:00,625c096fabb6047cbeb082dab9affce4,2026-09-04,Ipswich,Liverpool,total_2_5,under,Caesars,154
2026-09-02T19:03:49+00:00,625c096fabb6047cbeb082dab9affce4,2026-09-04,Ipswich,Liverpool,total_2_5,under,DraftKings,170
2026-09-02T19:03:49+00:00,625c096fabb6047cbeb082dab9affce4,2026-09-04,Ipswich,Liverpool,total_2_5,under,FanDuel,168
2026-09-02T19:03:49+00:00,625c096fabb6047cbeb082dab9affce4,2026-09-04,Ipswich,Liverpool,total_2_5,under,Fanatics,160
2026-09-02T19:03:49+00:00,63da4075a4ae406575fd3086b839fe49,2026-09-12,Liverpool,Fulham,1x2,away,BetRivers,500
2026-09-02T19:03:49+00:00,63da4075a4ae406575fd3086b839fe49,2026-09-12,Liverpool,Fulham,1x2,away,Bovada,500
2026-09-02T19:03:49+00:00,63da4075a4ae406575fd3086b839fe49,2026-09-12,Liverpool,Fulham,1x2,away,DraftKings,500
2026-09-02T19:03:49+00:00,63da4075a4ae406575fd3086b839fe49,2026-09-12,Liverpool,Fulham,1x2,away,FanDuel,550
2026-09-02T19:03:49+00:00,63da4075a4ae406575fd3086b839fe49,2026-09-12,Liverpool,Fulham,1x2,away,Fanatics,500
2026-09-02T19:03:49+00:00,63da4075a4ae406575fd3086b839fe49,2026-09-12,Liverpool,Fulham,1x2,away,MyBookie.ag,460
2026-09-02T19:03:49+00:00,63da4075a4ae406575fd3086b839fe49,2026-09-12,Liverpool,Fulham,1x2,draw,BetRivers,375
2026-09-02T19:03:49+00:00,63da4075a4ae406575fd3086b839fe49,2026-09-12,Liverpool,Fulham,1x2,draw,Bovada,390
2026-09-02T19:03:49+00:00,63da4075a4ae406575fd3086b839fe49,2026-09-12,Liverpool,Fulham,1x2,draw,DraftKings,380
2026-09-02T19:03:49+00:00,63da4075a4ae406575fd3086b839fe49,2026-09-12,Liverpool,Fulham,1x2,draw,FanDuel,380
2026-09-02T19:03:49+00:00,63da4075a4ae406575fd3086b839fe49,2026-09-12,Liverpool,Fulham,1x2,draw,Fanatics,400
2026-09-02T19:03:49+00:00,63da4075a4ae406575fd3086b839fe49,2026-09-12,Liverpool,Fulham,1x2,draw,MyBookie.ag,370
2026-09-02T19:03:49+00:00,63da4075a4ae406575fd3086b839fe49,2026-09-12,Liverpool,Fulham,1x2,home,BetRivers,-220
2026-09-02T19:03:49+00:00,63da4075a4ae406575fd3086b839fe49,2026-09-12,Liverpool,Fulham,1x2,home,Bovada,-213
2026-09-02T19:03:49+00:00,63da4075a4ae406575fd3086b839fe49,2026-09-12,Liverpool,Fulham,1x2,home,DraftKings,-225
2026-09-02T19:03:49+00:00,63da4075a4ae406575fd3086b839fe49,2026-09-12,Liverpool,Fulham,1x2,home,FanDuel,-260
2026-09-02T19:03:49+00:00,63da4075a4ae406575fd3086b839fe49,2026-09-12,Liverpool,Fulham,1x2,home,Fanatics,-240
2026-09-02T19:03:49+00:00,63da4075a4ae406575fd3086b839fe49,2026-09-12,Liverpool,Fulham,1x2,home,MyBookie.ag,-222
2026-09-02T19:03:49+00:00,63da4075a4ae406575fd3086b839fe49,2026-09-12,Liverpool,Fulham,btts,no,BetRivers,123
2026-09-02T19:03:49+00:00,63da4075a4ae406575fd3086b839fe49,2026-09-12,Liverpool,Fulham,btts,no,Bovada,128
2026-09-02T19:03:49+00:00,63da4075a4ae406575fd3086b839fe49,2026-09-12,Liverpool,Fulham,btts,no,DraftKings,125
2026-09-02T19:03:49+00:00,63da4075a4ae406575fd3086b839fe49,2026-09-12,Liverpool,Fulham,btts,no,FanDuel,122
2026-09-02T19:03:49+00:00,63da4075a4ae406575fd3086b839fe49,2026-09-12,Liverpool,Fulham,btts,no,Fanatics,130
2026-09-02T19:03:49+00:00,63da4075a4ae406575fd3086b839fe49,2026-09-12,Liverpool,Fulham,btts,yes,BetRivers,-180
2026-09-02T19:03:49+00:00,63da4075a4ae406575fd3086b839fe49,2026-09-12,Liverpool,Fulham,btts,yes,Bovada,-170
2026-09-02T19:03:49+00:00,63da4075a4ae406575fd3086b839fe49,2026-09-12,Liverpool,Fulham,btts,yes,DraftKings,-175
2026-09-02T19:03:49+00:00,63da4075a4ae406575fd3086b839fe49,2026-09-12,Liverpool,Fulham,btts,yes,FanDuel,-156
2026-09-02T19:03:49+00:00,63da4075a4ae406575fd3086b839fe49,2026-09-12,Liverpool,Fulham,btts,yes,Fanatics,-170
2026-09-02T19:03:49+00:00,63da4075a4ae406575fd3086b839fe49,2026-09-12,Liverpool,Fulham,corners_1x2,away,BetRivers,235
2026-09-02T19:03:49+00:00,63da4075a4ae406575fd3086b839fe49,2026-09-12,Liverpool,Fulham,corners_1x2,draw,BetRivers,750
2026-09-02T19:03:49+00:00,63da4075a4ae406575fd3086b839fe49,2026-09-12,Liverpool,Fulham,corners_1x2,home,BetRivers,-265
2026-09-02T19:03:49+00:00,63da4075a4ae406575fd3086b839fe49,2026-09-12,Liverpool,Fulham,corners_total_10_5,over,BetRivers,-141
2026-09-02T19:03:49+00:00,63da4075a4ae406575fd3086b839fe49,2026-09-12,Liverpool,Fulham,corners_total_10_5,under,BetRivers,-104
2026-09-02T19:03:49+00:00,63da4075a4ae406575fd3086b839fe49,2026-09-12,Liverpool,Fulham,corners_total_9_5,over,BetRivers,-225
2026-09-02T19:03:49+00:00,63da4075a4ae406575fd3086b839fe49,2026-09-12,Liverpool,Fulham,corners_total_9_5,under,BetRivers,148
2026-09-02T19:03:49+00:00,63da4075a4ae406575fd3086b839fe49,2026-09-12,Liverpool,Fulham,double_chance,draw_or_away,BetRivers,150
2026-09-02T19:03:49+00:00,63da4075a4ae406575fd3086b839fe49,2026-09-12,Liverpool,Fulham,double_chance,draw_or_away,Bovada,165
2026-09-02T19:03:49+00:00,63da4075a4ae406575fd3086b839fe49,2026-09-12,Liverpool,Fulham,double_chance,draw_or_away,DraftKings,155
2026-09-02T19:03:49+00:00,63da4075a4ae406575fd3086b839fe49,2026-09-12,Liverpool,Fulham,double_chance,draw_or_away,FanDuel,180
2026-09-02T19:03:49+00:00,63da4075a4ae406575fd3086b839fe49,2026-09-12,Liverpool,Fulham,double_chance,draw_or_away,Fanatics,175
2026-09-02T19:03:49+00:00,63da4075a4ae406575fd3086b839fe49,2026-09-12,Liverpool,Fulham,double_chance,home_or_away,BetRivers,-670
2026-09-02T19:03:49+00:00,63da4075a4ae406575fd3086b839fe49,2026-09-12,Liverpool,Fulham,double_chance,home_or_away,Bovada,-550
2026-09-02T19:03:49+00:00,63da4075a4ae406575fd3086b839fe49,2026-09-12,Liverpool,Fulham,double_chance,home_or_away,DraftKings,-650
2026-09-02T19:03:49+00:00,63da4075a4ae406575fd3086b839fe49,2026-09-12,Liverpool,Fulham,double_chance,home_or_away,FanDuel,-550
2026-09-02T19:03:49+00:00,63da4075a4ae406575fd3086b839fe49,2026-09-12,Liverpool,Fulham,double_chance,home_or_away,Fanatics,-550
2026-09-02T19:03:49+00:00,63da4075a4ae406575fd3086b839fe49,2026-09-12,Liverpool,Fulham,double_chance,home_or_draw,BetRivers,-1000
2026-09-02T19:03:49+00:00,63da4075a4ae406575fd3086b839fe49,2026-09-12,Liverpool,Fulham,double_chance,home_or_draw,Bovada,-950
2026-09-02T19:03:49+00:00,63da4075a4ae406575fd3086b839fe49,2026-09-12,Liverpool,Fulham,double_chance,home_or_draw,DraftKings,-900
2026-09-02T19:03:49+00:00,63da4075a4ae406575fd3086b839fe49,2026-09-12,Liverpool,Fulham,double_chance,home_or_draw,FanDuel,-900
2026-09-02T19:03:49+00:00,63da4075a4ae406575fd3086b839fe49,2026-09-12,Liverpool,Fulham,double_chance,home_or_draw,Fanatics,-800
2026-09-02T19:03:49+00:00,63da4075a4ae406575fd3086b839fe49,2026-09-12,Liverpool,Fulham,draw_no_bet,away,BetRivers,330
2026-09-02T19:03:49+00:00,63da4075a4ae406575fd3086b839fe49,2026-09-12,Liverpool,Fulham,draw_no_bet,away,Bovada,395
2026-09-02T19:03:49+00:00,63da4075a4ae406575fd3086b839fe49,2026-09-12,Liverpool,Fulham,draw_no_bet,away,DraftKings,360
2026-09-02T19:03:49+00:00,63da4075a4ae406575fd3086b839fe49,2026-09-12,Liverpool,Fulham,draw_no_bet,away,FanDuel,460
2026-09-02T19:03:49+00:00,63da4075a4ae406575fd3086b839fe49,2026-09-12,Liverpool,Fulham,draw_no_bet,away,Fanatics,375
2026-09-02T19:03:49+00:00,63da4075a4ae406575fd3086b839fe49,2026-09-12,Liverpool,Fulham,draw_no_bet,home,BetRivers,-590
2026-09-02T19:03:49+00:00,63da4075a4ae406575fd3086b839fe49,2026-09-12,Liverpool,Fulham,draw_no_bet,home,Bovada,-550
2026-09-02T19:03:49+00:00,63da4075a4ae406575fd3086b839fe49,2026-09-12,Liverpool,Fulham,draw_no_bet,home,DraftKings,-650
2026-09-02T19:03:49+00:00,63da4075a4ae406575fd3086b839fe49,2026-09-12,Liverpool,Fulham,draw_no_bet,home,FanDuel,-650
2026-09-02T19:03:49+00:00,63da4075a4ae406575fd3086b839fe49,2026-09-12,Liverpool,Fulham,draw_no_bet,home,Fanatics,-575
2026-09-02T19:03:49+00:00,63da4075a4ae406575fd3086b839fe49,2026-09-12,Liverpool,Fulham,total_2_5,over,BetRivers,-220
2026-09-02T19:03:49+00:00,63da4075a4ae406575fd3086b839fe49,2026-09-12,Liverpool,Fulham,total_2_5,over,Bovada,-217
2026-09-02T19:03:49+00:00,63da4075a4ae406575fd3086b839fe49,2026-09-12,Liverpool,Fulham,total_2_5,over,DraftKings,-230
2026-09-02T19:03:49+00:00,63da4075a4ae406575fd3086b839fe49,2026-09-12,Liverpool,Fulham,total_2_5,over,FanDuel,-210
2026-09-02T19:03:49+00:00,63da4075a4ae406575fd3086b839fe49,2026-09-12,Liverpool,Fulham,total_2_5,over,Fanatics,-225
2026-09-02T19:03:49+00:00,63da4075a4ae406575fd3086b839fe49,2026-09-12,Liverpool,Fulham,total_2_5,under,BetRivers,170
2026-09-02T19:03:49+00:00,63da4075a4ae406575fd3086b839fe49,2026-09-12,Liverpool,Fulham,total_2_5,under,Bovada,175
2026-09-02T19:03:49+00:00,63da4075a4ae406575fd3086b839fe49,2026-09-12,Liverpool,Fulham,total_2_5,under,DraftKings,165
2026-09-02T19:03:49+00:00,63da4075a4ae406575fd3086b839fe49,2026-09-12,Liverpool,Fulham,total_2_5,under,FanDuel,168
2026-09-02T19:03:49+00:00,63da4075a4ae406575fd3086b839fe49,2026-09-12,Liverpool,Fulham,total_2_5,under,Fanatics,165
2026-09-02T19:03:49+00:00,686358c484cc44fe8e617674c335d531,2026-09-05,Newcastle,Bournemouth,1x2,away,BetMGM,180
2026-09-02T19:03:49+00:00,686358c484cc44fe8e617674c335d531,2026-09-05,Newcastle,Bournemouth,1x2,away,BetOnline.ag,205
2026-09-02T19:03:49+00:00,686358c484cc44fe8e617674c335d531,2026-09-05,Newcastle,Bournemouth,1x2,away,BetRivers,215
2026-09-02T19:03:49+00:00,686358c484cc44fe8e617674c335d531,2026-09-05,Newcastle,Bournemouth,1x2,away,BetUS,210
2026-09-02T19:03:49+00:00,686358c484cc44fe8e617674c335d531,2026-09-05,Newcastle,Bournemouth,1x2,away,Bovada,210
2026-09-02T19:03:49+00:00,686358c484cc44fe8e617674c335d531,2026-09-05,Newcastle,Bournemouth,1x2,away,Caesars,205
2026-09-02T19:03:49+00:00,686358c484cc44fe8e617674c335d531,2026-09-05,Newcastle,Bournemouth,1x2,away,DraftKings,210
2026-09-02T19:03:49+00:00,686358c484cc44fe8e617674c335d531,2026-09-05,Newcastle,Bournemouth,1x2,away,FanDuel,210
2026-09-02T19:03:49+00:00,686358c484cc44fe8e617674c335d531,2026-09-05,Newcastle,Bournemouth,1x2,away,Fanatics,220
2026-09-02T19:03:49+00:00,686358c484cc44fe8e617674c335d531,2026-09-05,Newcastle,Bournemouth,1x2,away,LowVig.ag,205
2026-09-02T19:03:49+00:00,686358c484cc44fe8e617674c335d531,2026-09-05,Newcastle,Bournemouth,1x2,away,MyBookie.ag,200
2026-09-02T19:03:49+00:00,686358c484cc44fe8e617674c335d531,2026-09-05,Newcastle,Bournemouth,1x2,draw,BetMGM,240
2026-09-02T19:03:49+00:00,686358c484cc44fe8e617674c335d531,2026-09-05,Newcastle,Bournemouth,1x2,draw,BetOnline.ag,260
2026-09-02T19:03:49+00:00,686358c484cc44fe8e617674c335d531,2026-09-05,Newcastle,Bournemouth,1x2,draw,BetRivers,270
2026-09-02T19:03:49+00:00,686358c484cc44fe8e617674c335d531,2026-09-05,Newcastle,Bournemouth,1x2,draw,BetUS,270
2026-09-02T19:03:49+00:00,686358c484cc44fe8e617674c335d531,2026-09-05,Newcastle,Bournemouth,1x2,draw,Bovada,270
2026-09-02T19:03:49+00:00,686358c484cc44fe8e617674c335d531,2026-09-05,Newcastle,Bournemouth,1x2,draw,Caesars,260
2026-09-02T19:03:49+00:00,686358c484cc44fe8e617674c335d531,2026-09-05,Newcastle,Bournemouth,1x2,draw,DraftKings,270
2026-09-02T19:03:49+00:00,686358c484cc44fe8e617674c335d531,2026-09-05,Newcastle,Bournemouth,1x2,draw,FanDuel,260
2026-09-02T19:03:49+00:00,686358c484cc44fe8e617674c335d531,2026-09-05,Newcastle,Bournemouth,1x2,draw,Fanatics,260
2026-09-02T19:03:49+00:00,686358c484cc44fe8e617674c335d531,2026-09-05,Newcastle,Bournemouth,1x2,draw,LowVig.ag,260
2026-09-02T19:03:49+00:00,686358c484cc44fe8e617674c335d531,2026-09-05,Newcastle,Bournemouth,1x2,draw,MyBookie.ag,255
2026-09-02T19:03:49+00:00,686358c484cc44fe8e617674c335d531,2026-09-05,Newcastle,Bournemouth,1x2,home,BetMGM,110
2026-09-02T19:03:49+00:00,686358c484cc44fe8e617674c335d531,2026-09-05,Newcastle,Bournemouth,1x2,home,BetOnline.ag,118
2026-09-02T19:03:49+00:00,686358c484cc44fe8e617674c335d531,2026-09-05,Newcastle,Bournemouth,1x2,home,BetRivers,116
2026-09-02T19:03:49+00:00,686358c484cc44fe8e617674c335d531,2026-09-05,Newcastle,Bournemouth,1x2,home,BetUS,120
2026-09-02T19:03:49+00:00,686358c484cc44fe8e617674c335d531,2026-09-05,Newcastle,Bournemouth,1x2,home,Bovada,120
2026-09-02T19:03:49+00:00,686358c484cc44fe8e617674c335d531,2026-09-05,Newcastle,Bournemouth,1x2,home,Caesars,120
2026-09-02T19:03:49+00:00,686358c484cc44fe8e617674c335d531,2026-09-05,Newcastle,Bournemouth,1x2,home,DraftKings,120
2026-09-02T19:03:49+00:00,686358c484cc44fe8e617674c335d531,2026-09-05,Newcastle,Bournemouth,1x2,home,FanDuel,110
2026-09-02T19:03:49+00:00,686358c484cc44fe8e617674c335d531,2026-09-05,Newcastle,Bournemouth,1x2,home,Fanatics,115
2026-09-02T19:03:49+00:00,686358c484cc44fe8e617674c335d531,2026-09-05,Newcastle,Bournemouth,1x2,home,LowVig.ag,118
2026-09-02T19:03:49+00:00,686358c484cc44fe8e617674c335d531,2026-09-05,Newcastle,Bournemouth,1x2,home,MyBookie.ag,115
2026-09-02T19:03:49+00:00,686358c484cc44fe8e617674c335d531,2026-09-05,Newcastle,Bournemouth,btts,no,BetMGM,145
2026-09-02T19:03:49+00:00,686358c484cc44fe8e617674c335d531,2026-09-05,Newcastle,Bournemouth,btts,no,BetOnline.ag,156
2026-09-02T19:03:49+00:00,686358c484cc44fe8e617674c335d531,2026-09-05,Newcastle,Bournemouth,btts,no,BetRivers,150
2026-09-02T19:03:49+00:00,686358c484cc44fe8e617674c335d531,2026-09-05,Newcastle,Bournemouth,btts,no,Bovada,150
2026-09-02T19:03:49+00:00,686358c484cc44fe8e617674c335d531,2026-09-05,Newcastle,Bournemouth,btts,no,Caesars,142
2026-09-02T19:03:49+00:00,686358c484cc44fe8e617674c335d531,2026-09-05,Newcastle,Bournemouth,btts,no,DraftKings,160
2026-09-02T19:03:49+00:00,686358c484cc44fe8e617674c335d531,2026-09-05,Newcastle,Bournemouth,btts,no,FanDuel,164
2026-09-02T19:03:49+00:00,686358c484cc44fe8e617674c335d531,2026-09-05,Newcastle,Bournemouth,btts,no,Fanatics,150
2026-09-02T19:03:49+00:00,686358c484cc44fe8e617674c335d531,2026-09-05,Newcastle,Bournemouth,btts,no,MyBookie.ag,146
2026-09-02T19:03:49+00:00,686358c484cc44fe8e617674c335d531,2026-09-05,Newcastle,Bournemouth,btts,yes,BetMGM,-210
2026-09-02T19:03:49+00:00,686358c484cc44fe8e617674c335d531,2026-09-05,Newcastle,Bournemouth,btts,yes,BetOnline.ag,-217
2026-09-02T19:03:49+00:00,686358c484cc44fe8e617674c335d531,2026-09-05,Newcastle,Bournemouth,btts,yes,BetRivers,-210
2026-09-02T19:03:49+00:00,686358c484cc44fe8e617674c335d531,2026-09-05,Newcastle,Bournemouth,btts,yes,Bovada,-200
2026-09-02T19:03:49+00:00,686358c484cc44fe8e617674c335d531,2026-09-05,Newcastle,Bournemouth,btts,yes,Caesars,-182
2026-09-02T19:03:49+00:00,686358c484cc44fe8e617674c335d531,2026-09-05,Newcastle,Bournemouth,btts,yes,DraftKings,-205
2026-09-02T19:03:49+00:00,686358c484cc44fe8e617674c335d531,2026-09-05,Newcastle,Bournemouth,btts,yes,FanDuel,-215
2026-09-02T19:03:49+00:00,686358c484cc44fe8e617674c335d531,2026-09-05,Newcastle,Bournemouth,btts,yes,Fanatics,-200
2026-09-02T19:03:49+00:00,686358c484cc44fe8e617674c335d531,2026-09-05,Newcastle,Bournemouth,btts,yes,MyBookie.ag,-206
2026-09-02T19:03:49+00:00,686358c484cc44fe8e617674c335d531,2026-09-05,Newcastle,Bournemouth,corners_1x2,away,BetMGM,160
2026-09-02T19:03:49+00:00,686358c484cc44fe8e617674c335d531,2026-09-05,Newcastle,Bournemouth,corners_1x2,away,BetRivers,135
2026-09-02T19:03:49+00:00,686358c484cc44fe8e617674c335d531,2026-09-05,Newcastle,Bournemouth,corners_1x2,away,Bovada,160
2026-09-02T19:03:49+00:00,686358c484cc44fe8e617674c335d531,2026-09-05,Newcastle,Bournemouth,corners_1x2,away,DraftKings,180
2026-09-02T19:03:49+00:00,686358c484cc44fe8e617674c335d531,2026-09-05,Newcastle,Bournemouth,corners_1x2,draw,BetMGM,725
2026-09-02T19:03:49+00:00,686358c484cc44fe8e617674c335d531,2026-09-05,Newcastle,Bournemouth,corners_1x2,draw,BetRivers,650
2026-09-02T19:03:49+00:00,686358c484cc44fe8e617674c335d531,2026-09-05,Newcastle,Bournemouth,corners_1x2,draw,Bovada,725
2026-09-02T19:03:49+00:00,686358c484cc44fe8e617674c335d531,2026-09-05,Newcastle,Bournemouth,corners_1x2,draw,DraftKings,650
2026-09-02T19:03:49+00:00,686358c484cc44fe8e617674c335d531,2026-09-05,Newcastle,Bournemouth,corners_1x2,home,BetMGM,-155
2026-09-02T19:03:49+00:00,686358c484cc44fe8e617674c335d531,2026-09-05,Newcastle,Bournemouth,corners_1x2,home,BetRivers,-139
2026-09-02T19:03:49+00:00,686358c484cc44fe8e617674c335d531,2026-09-05,Newcastle,Bournemouth,corners_1x2,home,Bovada,-154
2026-09-02T19:03:49+00:00,686358c484cc44fe8e617674c335d531,2026-09-05,Newcastle,Bournemouth,corners_1x2,home,DraftKings,-160
2026-09-02T19:03:49+00:00,686358c484cc44fe8e617674c335d531,2026-09-05,Newcastle,Bournemouth,corners_total_10_5,over,BetMGM,-145
2026-09-02T19:03:49+00:00,686358c484cc44fe8e617674c335d531,2026-09-05,Newcastle,Bournemouth,corners_total_10_5,over,BetRivers,-143
2026-09-02T19:03:49+00:00,686358c484cc44fe8e617674c335d531,2026-09-05,Newcastle,Bournemouth,corners_total_10_5,over,Bovada,-135
2026-09-02T19:03:49+00:00,686358c484cc44fe8e617674c335d531,2026-09-05,Newcastle,Bournemouth,corners_total_10_5,over,Caesars,-130
2026-09-02T19:03:49+00:00,686358c484cc44fe8e617674c335d531,2026-09-05,Newcastle,Bournemouth,corners_total_10_5,over,DraftKings,-140
2026-09-02T19:03:49+00:00,686358c484cc44fe8e617674c335d531,2026-09-05,Newcastle,Bournemouth,corners_total_10_5,over,MyBookie.ag,-125
2026-09-02T19:03:49+00:00,686358c484cc44fe8e617674c335d531,2026-09-05,Newcastle,Bournemouth,corners_total_10_5,under,BetMGM,105
2026-09-02T19:03:49+00:00,686358c484cc44fe8e617674c335d531,2026-09-05,Newcastle,Bournemouth,corners_total_10_5,under,BetRivers,-103
2026-09-02T19:03:49+00:00,686358c484cc44fe8e617674c335d531,2026-09-05,Newcastle,Bournemouth,corners_total_10_5,under,Bovada,105
2026-09-02T19:03:49+00:00,686358c484cc44fe8e617674c335d531,2026-09-05,Newcastle,Bournemouth,corners_total_10_5,under,Caesars,103
2026-09-02T19:03:49+00:00,686358c484cc44fe8e617674c335d531,2026-09-05,Newcastle,Bournemouth,corners_total_10_5,under,DraftKings,100
2026-09-02T19:03:49+00:00,686358c484cc44fe8e617674c335d531,2026-09-05,Newcastle,Bournemouth,corners_total_10_5,under,MyBookie.ag,-110
2026-09-02T19:03:49+00:00,686358c484cc44fe8e617674c335d531,2026-09-05,Newcastle,Bournemouth,corners_total_9_5,over,BetMGM,-250
2026-09-02T19:03:49+00:00,686358c484cc44fe8e617674c335d531,2026-09-05,Newcastle,Bournemouth,corners_total_9_5,over,BetRivers,-240
2026-09-02T19:03:49+00:00,686358c484cc44fe8e617674c335d531,2026-09-05,Newcastle,Bournemouth,corners_total_9_5,over,DraftKings,-225
2026-09-02T19:03:49+00:00,686358c484cc44fe8e617674c335d531,2026-09-05,Newcastle,Bournemouth,corners_total_9_5,under,BetMGM,170
2026-09-02T19:03:49+00:00,686358c484cc44fe8e617674c335d531,2026-09-05,Newcastle,Bournemouth,corners_total_9_5,under,BetRivers,155
2026-09-02T19:03:49+00:00,686358c484cc44fe8e617674c335d531,2026-09-05,Newcastle,Bournemouth,corners_total_9_5,under,DraftKings,160
2026-09-02T19:03:49+00:00,686358c484cc44fe8e617674c335d531,2026-09-05,Newcastle,Bournemouth,double_chance,draw_or_away,BetOnline.ag,-145
2026-09-02T19:03:49+00:00,686358c484cc44fe8e617674c335d531,2026-09-05,Newcastle,Bournemouth,double_chance,draw_or_away,BetRivers,-148
2026-09-02T19:03:49+00:00,686358c484cc44fe8e617674c335d531,2026-09-05,Newcastle,Bournemouth,double_chance,draw_or_away,Bovada,-148
2026-09-02T19:03:49+00:00,686358c484cc44fe8e617674c335d531,2026-09-05,Newcastle,Bournemouth,double_chance,draw_or_away,DraftKings,-150
2026-09-02T19:03:49+00:00,686358c484cc44fe8e617674c335d531,2026-09-05,Newcastle,Bournemouth,double_chance,draw_or_away,FanDuel,-155
2026-09-02T19:03:49+00:00,686358c484cc44fe8e617674c335d531,2026-09-05,Newcastle,Bournemouth,double_chance,draw_or_away,Fanatics,-145
2026-09-02T19:03:49+00:00,686358c484cc44fe8e617674c335d531,2026-09-05,Newcastle,Bournemouth,double_chance,draw_or_away,MyBookie.ag,-198
2026-09-02T19:03:49+00:00,686358c484cc44fe8e617674c335d531,2026-09-05,Newcastle,Bournemouth,double_chance,home_or_away,BetOnline.ag,-345
2026-09-02T19:03:49+00:00,686358c484cc44fe8e617674c335d531,2026-09-05,Newcastle,Bournemouth,double_chance,home_or_away,BetRivers,-375
2026-09-02T19:03:49+00:00,686358c484cc44fe8e617674c335d531,2026-09-05,Newcastle,Bournemouth,double_chance,home_or_away,Bovada,-375
2026-09-02T19:03:49+00:00,686358c484cc44fe8e617674c335d531,2026-09-05,Newcastle,Bournemouth,double_chance,home_or_away,DraftKings,-350
2026-09-02T19:03:49+00:00,686358c484cc44fe8e617674c335d531,2026-09-05,Newcastle,Bournemouth,double_chance,home_or_away,FanDuel,-360
2026-09-02T19:03:49+00:00,686358c484cc44fe8e617674c335d531,2026-09-05,Newcastle,Bournemouth,double_chance,home_or_away,Fanatics,-350
2026-09-02T19:03:49+00:00,686358c484cc44fe8e617674c335d531,2026-09-05,Newcastle,Bournemouth,double_chance,home_or_away,MyBookie.ag,-429
2026-09-02T19:03:49+00:00,686358c484cc44fe8e617674c335d531,2026-09-05,Newcastle,Bournemouth,double_chance,home_or_draw,BetOnline.ag,-286
2026-09-02T19:03:49+00:00,686358c484cc44fe8e617674c335d531,2026-09-05,Newcastle,Bournemouth,double_chance,home_or_draw,BetRivers,-286
2026-09-02T19:03:49+00:00,686358c484cc44fe8e617674c335d531,2026-09-05,Newcastle,Bournemouth,double_chance,home_or_draw,Bovada,-290
2026-09-02T19:03:49+00:00,686358c484cc44fe8e617674c335d531,2026-09-05,Newcastle,Bournemouth,double_chance,home_or_draw,DraftKings,-265
2026-09-02T19:03:49+00:00,686358c484cc44fe8e617674c335d531,2026-09-05,Newcastle,Bournemouth,double_chance,home_or_draw,FanDuel,-300
2026-09-02T19:03:49+00:00,686358c484cc44fe8e617674c335d531,2026-09-05,Newcastle,Bournemouth,double_chance,home_or_draw,Fanatics,-275
2026-09-02T19:03:49+00:00,686358c484cc44fe8e617674c335d531,2026-09-05,Newcastle,Bournemouth,double_chance,home_or_draw,MyBookie.ag,-340
2026-09-02T19:03:49+00:00,686358c484cc44fe8e617674c335d531,2026-09-05,Newcastle,Bournemouth,draw_no_bet,away,BetMGM,115
2026-09-02T19:03:49+00:00,686358c484cc44fe8e617674c335d531,2026-09-05,Newcastle,Bournemouth,draw_no_bet,away,BetOnline.ag,128
2026-09-02T19:03:49+00:00,686358c484cc44fe8e617674c335d531,2026-09-05,Newcastle,Bournemouth,draw_no_bet,away,BetRivers,123
2026-09-02T19:03:49+00:00,686358c484cc44fe8e617674c335d531,2026-09-05,Newcastle,Bournemouth,draw_no_bet,away,Bovada,136
2026-09-02T19:03:49+00:00,686358c484cc44fe8e617674c335d531,2026-09-05,Newcastle,Bournemouth,draw_no_bet,away,Caesars,120
2026-09-02T19:03:49+00:00,686358c484cc44fe8e617674c335d531,2026-09-05,Newcastle,Bournemouth,draw_no_bet,away,DraftKings,130
2026-09-02T19:03:49+00:00,686358c484cc44fe8e617674c335d531,2026-09-05,Newcastle,Bournemouth,draw_no_bet,away,FanDuel,140
2026-09-02T19:03:49+00:00,686358c484cc44fe8e617674c335d531,2026-09-05,Newcastle,Bournemouth,draw_no_bet,away,Fanatics,130
2026-09-02T19:03:49+00:00,686358c484cc44fe8e617674c335d531,2026-09-05,Newcastle,Bournemouth,draw_no_bet,away,MyBookie.ag,125
2026-09-02T19:03:49+00:00,686358c484cc44fe8e617674c335d531,2026-09-05,Newcastle,Bournemouth,draw_no_bet,home,BetMGM,-165
2026-09-02T19:03:49+00:00,686358c484cc44fe8e617674c335d531,2026-09-05,Newcastle,Bournemouth,draw_no_bet,home,BetOnline.ag,-161
2026-09-02T19:03:49+00:00,686358c484cc44fe8e617674c335d531,2026-09-05,Newcastle,Bournemouth,draw_no_bet,home,BetRivers,-180
2026-09-02T19:03:49+00:00,686358c484cc44fe8e617674c335d531,2026-09-05,Newcastle,Bournemouth,draw_no_bet,home,Bovada,-165
2026-09-02T19:03:49+00:00,686358c484cc44fe8e617674c335d531,2026-09-05,Newcastle,Bournemouth,draw_no_bet,home,Caesars,-150
2026-09-02T19:03:49+00:00,686358c484cc44fe8e617674c335d531,2026-09-05,Newcastle,Bournemouth,draw_no_bet,home,DraftKings,-165
2026-09-02T19:03:49+00:00,686358c484cc44fe8e617674c335d531,2026-09-05,Newcastle,Bournemouth,draw_no_bet,home,FanDuel,-166
2026-09-02T19:03:49+00:00,686358c484cc44fe8e617674c335d531,2026-09-05,Newcastle,Bournemouth,draw_no_bet,home,Fanatics,-170
2026-09-02T19:03:49+00:00,686358c484cc44fe8e617674c335d531,2026-09-05,Newcastle,Bournemouth,draw_no_bet,home,MyBookie.ag,-161
2026-09-02T19:03:49+00:00,686358c484cc44fe8e617674c335d531,2026-09-05,Newcastle,Bournemouth,total_2_5,over,BetMGM,-175
2026-09-02T19:03:49+00:00,686358c484cc44fe8e617674c335d531,2026-09-05,Newcastle,Bournemouth,total_2_5,over,BetRivers,-177
2026-09-02T19:03:49+00:00,686358c484cc44fe8e617674c335d531,2026-09-05,Newcastle,Bournemouth,total_2_5,over,Bovada,-168
2026-09-02T19:03:49+00:00,686358c484cc44fe8e617674c335d531,2026-09-05,Newcastle,Bournemouth,total_2_5,over,Caesars,-173
2026-09-02T19:03:49+00:00,686358c484cc44fe8e617674c335d531,2026-09-05,Newcastle,Bournemouth,total_2_5,over,DraftKings,-175
2026-09-02T19:03:49+00:00,686358c484cc44fe8e617674c335d531,2026-09-05,Newcastle,Bournemouth,total_2_5,over,FanDuel,-176
2026-09-02T19:03:49+00:00,686358c484cc44fe8e617674c335d531,2026-09-05,Newcastle,Bournemouth,total_2_5,over,Fanatics,-175
2026-09-02T19:03:49+00:00,686358c484cc44fe8e617674c335d531,2026-09-05,Newcastle,Bournemouth,total_2_5,over,MyBookie.ag,-182
2026-09-02T19:03:49+00:00,686358c484cc44fe8e617674c335d531,2026-09-05,Newcastle,Bournemouth,total_2_5,under,BetMGM,125
2026-09-02T19:03:49+00:00,686358c484cc44fe8e617674c335d531,2026-09-05,Newcastle,Bournemouth,total_2_5,under,BetRivers,135
2026-09-02T19:03:49+00:00,686358c484cc44fe8e617674c335d531,2026-09-05,Newcastle,Bournemouth,total_2_5,under,Bovada,138
2026-09-02T19:03:49+00:00,686358c484cc44fe8e617674c335d531,2026-09-05,Newcastle,Bournemouth,total_2_5,under,Caesars,134
2026-09-02T19:03:49+00:00,686358c484cc44fe8e617674c335d531,2026-09-05,Newcastle,Bournemouth,total_2_5,under,DraftKings,140
2026-09-02T19:03:49+00:00,686358c484cc44fe8e617674c335d531,2026-09-05,Newcastle,Bournemouth,total_2_5,under,FanDuel,142
2026-09-02T19:03:49+00:00,686358c484cc44fe8e617674c335d531,2026-09-05,Newcastle,Bournemouth,total_2_5,under,Fanatics,135
2026-09-02T19:03:49+00:00,686358c484cc44fe8e617674c335d531,2026-09-05,Newcastle,Bournemouth,total_2_5,under,MyBookie.ag,130
2026-09-02T19:03:49+00:00,78d4dfda8c2dc27bdc3ec26c2654f8fc,2026-09-06,Arsenal,Chelsea,1x2,away,BetMGM,350
2026-09-02T19:03:49+00:00,78d4dfda8c2dc27bdc3ec26c2654f8fc,2026-09-06,Arsenal,Chelsea,1x2,away,BetOnline.ag,400
2026-09-02T19:03:49+00:00,78d4dfda8c2dc27bdc3ec26c2654f8fc,2026-09-06,Arsenal,Chelsea,1x2,away,BetRivers,410
2026-09-02T19:03:49+00:00,78d4dfda8c2dc27bdc3ec26c2654f8fc,2026-09-06,Arsenal,Chelsea,1x2,away,BetUS,400
2026-09-02T19:03:49+00:00,78d4dfda8c2dc27bdc3ec26c2654f8fc,2026-09-06,Arsenal,Chelsea,1x2,away,Bovada,400
2026-09-02T19:03:49+00:00,78d4dfda8c2dc27bdc3ec26c2654f8fc,2026-09-06,Arsenal,Chelsea,1x2,away,Caesars,390
2026-09-02T19:03:49+00:00,78d4dfda8c2dc27bdc3ec26c2654f8fc,2026-09-06,Arsenal,Chelsea,1x2,away,DraftKings,400
2026-09-02T19:03:49+00:00,78d4dfda8c2dc27bdc3ec26c2654f8fc,2026-09-06,Arsenal,Chelsea,1x2,away,FanDuel,420
2026-09-02T19:03:49+00:00,78d4dfda8c2dc27bdc3ec26c2654f8fc,2026-09-06,Arsenal,Chelsea,1x2,away,Fanatics,425
2026-09-02T19:03:49+00:00,78d4dfda8c2dc27bdc3ec26c2654f8fc,2026-09-06,Arsenal,Chelsea,1x2,away,LowVig.ag,400
2026-09-02T19:03:49+00:00,78d4dfda8c2dc27bdc3ec26c2654f8fc,2026-09-06,Arsenal,Chelsea,1x2,away,MyBookie.ag,370
2026-09-02T19:03:49+00:00,78d4dfda8c2dc27bdc3ec26c2654f8fc,2026-09-06,Arsenal,Chelsea,1x2,draw,BetMGM,250
2026-09-02T19:03:49+00:00,78d4dfda8c2dc27bdc3ec26c2654f8fc,2026-09-06,Arsenal,Chelsea,1x2,draw,BetOnline.ag,295
2026-09-02T19:03:49+00:00,78d4dfda8c2dc27bdc3ec26c2654f8fc,2026-09-06,Arsenal,Chelsea,1x2,draw,BetRivers,275
2026-09-02T19:03:49+00:00,78d4dfda8c2dc27bdc3ec26c2654f8fc,2026-09-06,Arsenal,Chelsea,1x2,draw,BetUS,295
2026-09-02T19:03:49+00:00,78d4dfda8c2dc27bdc3ec26c2654f8fc,2026-09-06,Arsenal,Chelsea,1x2,draw,Bovada,280
2026-09-02T19:03:49+00:00,78d4dfda8c2dc27bdc3ec26c2654f8fc,2026-09-06,Arsenal,Chelsea,1x2,draw,Caesars,270
2026-09-02T19:03:49+00:00,78d4dfda8c2dc27bdc3ec26c2654f8fc,2026-09-06,Arsenal,Chelsea,1x2,draw,DraftKings,280
2026-09-02T19:03:49+00:00,78d4dfda8c2dc27bdc3ec26c2654f8fc,2026-09-06,Arsenal,Chelsea,1x2,draw,FanDuel,280
2026-09-02T19:03:49+00:00,78d4dfda8c2dc27bdc3ec26c2654f8fc,2026-09-06,Arsenal,Chelsea,1x2,draw,Fanatics,260
2026-09-02T19:03:49+00:00,78d4dfda8c2dc27bdc3ec26c2654f8fc,2026-09-06,Arsenal,Chelsea,1x2,draw,LowVig.ag,295
2026-09-02T19:03:49+00:00,78d4dfda8c2dc27bdc3ec26c2654f8fc,2026-09-06,Arsenal,Chelsea,1x2,draw,MyBookie.ag,275
2026-09-02T19:03:49+00:00,78d4dfda8c2dc27bdc3ec26c2654f8fc,2026-09-06,Arsenal,Chelsea,1x2,home,BetMGM,-160
2026-09-02T19:03:49+00:00,78d4dfda8c2dc27bdc3ec26c2654f8fc,2026-09-06,Arsenal,Chelsea,1x2,home,BetOnline.ag,-139
2026-09-02T19:03:49+00:00,78d4dfda8c2dc27bdc3ec26c2654f8fc,2026-09-06,Arsenal,Chelsea,1x2,home,BetRivers,-143
2026-09-02T19:03:49+00:00,78d4dfda8c2dc27bdc3ec26c2654f8fc,2026-09-06,Arsenal,Chelsea,1x2,home,BetUS,-140
2026-09-02T19:03:49+00:00,78d4dfda8c2dc27bdc3ec26c2654f8fc,2026-09-06,Arsenal,Chelsea,1x2,home,Bovada,-143
2026-09-02T19:03:49+00:00,78d4dfda8c2dc27bdc3ec26c2654f8fc,2026-09-06,Arsenal,Chelsea,1x2,home,Caesars,-143
2026-09-02T19:03:49+00:00,78d4dfda8c2dc27bdc3ec26c2654f8fc,2026-09-06,Arsenal,Chelsea,1x2,home,DraftKings,-145
2026-09-02T19:03:49+00:00,78d4dfda8c2dc27bdc3ec26c2654f8fc,2026-09-06,Arsenal,Chelsea,1x2,home,FanDuel,-165
2026-09-02T19:03:49+00:00,78d4dfda8c2dc27bdc3ec26c2654f8fc,2026-09-06,Arsenal,Chelsea,1x2,home,Fanatics,-140
2026-09-02T19:03:49+00:00,78d4dfda8c2dc27bdc3ec26c2654f8fc,2026-09-06,Arsenal,Chelsea,1x2,home,LowVig.ag,-139
2026-09-02T19:03:49+00:00,78d4dfda8c2dc27bdc3ec26c2654f8fc,2026-09-06,Arsenal,Chelsea,1x2,home,MyBookie.ag,-150
2026-09-02T19:03:49+00:00,78d4dfda8c2dc27bdc3ec26c2654f8fc,2026-09-06,Arsenal,Chelsea,btts,no,BetMGM,100
2026-09-02T19:03:49+00:00,78d4dfda8c2dc27bdc3ec26c2654f8fc,2026-09-06,Arsenal,Chelsea,btts,no,BetOnline.ag,107
2026-09-02T19:03:49+00:00,78d4dfda8c2dc27bdc3ec26c2654f8fc,2026-09-06,Arsenal,Chelsea,btts,no,BetRivers,100
2026-09-02T19:03:49+00:00,78d4dfda8c2dc27bdc3ec26c2654f8fc,2026-09-06,Arsenal,Chelsea,btts,no,Bovada,100
2026-09-02T19:03:49+00:00,78d4dfda8c2dc27bdc3ec26c2654f8fc,2026-09-06,Arsenal,Chelsea,btts,no,Caesars,100
2026-09-02T19:03:49+00:00,78d4dfda8c2dc27bdc3ec26c2654f8fc,2026-09-06,Arsenal,Chelsea,btts,no,DraftKings,110
2026-09-02T19:03:49+00:00,78d4dfda8c2dc27bdc3ec26c2654f8fc,2026-09-06,Arsenal,Chelsea,btts,no,FanDuel,104
2026-09-02T19:03:49+00:00,78d4dfda8c2dc27bdc3ec26c2654f8fc,2026-09-06,Arsenal,Chelsea,btts,no,Fanatics,115
2026-09-02T19:03:49+00:00,78d4dfda8c2dc27bdc3ec26c2654f8fc,2026-09-06,Arsenal,Chelsea,btts,no,MyBookie.ag,101
2026-09-02T19:03:49+00:00,78d4dfda8c2dc27bdc3ec26c2654f8fc,2026-09-06,Arsenal,Chelsea,btts,yes,BetMGM,-145
2026-09-02T19:03:49+00:00,78d4dfda8c2dc27bdc3ec26c2654f8fc,2026-09-06,Arsenal,Chelsea,btts,yes,BetOnline.ag,-139
2026-09-02T19:03:49+00:00,78d4dfda8c2dc27bdc3ec26c2654f8fc,2026-09-06,Arsenal,Chelsea,btts,yes,BetRivers,-137
2026-09-02T19:03:49+00:00,78d4dfda8c2dc27bdc3ec26c2654f8fc,2026-09-06,Arsenal,Chelsea,btts,yes,Bovada,-130
2026-09-02T19:03:49+00:00,78d4dfda8c2dc27bdc3ec26c2654f8fc,2026-09-06,Arsenal,Chelsea,btts,yes,Caesars,-127
2026-09-02T19:03:49+00:00,78d4dfda8c2dc27bdc3ec26c2654f8fc,2026-09-06,Arsenal,Chelsea,btts,yes,DraftKings,-145
2026-09-02T19:03:49+00:00,78d4dfda8c2dc27bdc3ec26c2654f8fc,2026-09-06,Arsenal,Chelsea,btts,yes,FanDuel,-134
2026-09-02T19:03:49+00:00,78d4dfda8c2dc27bdc3ec26c2654f8fc,2026-09-06,Arsenal,Chelsea,btts,yes,Fanatics,-150
2026-09-02T19:03:49+00:00,78d4dfda8c2dc27bdc3ec26c2654f8fc,2026-09-06,Arsenal,Chelsea,btts,yes,MyBookie.ag,-140
2026-09-02T19:03:49+00:00,78d4dfda8c2dc27bdc3ec26c2654f8fc,2026-09-06,Arsenal,Chelsea,corners_1x2,away,BetMGM,290
2026-09-02T19:03:49+00:00,78d4dfda8c2dc27bdc3ec26c2654f8fc,2026-09-06,Arsenal,Chelsea,corners_1x2,away,BetRivers,255
2026-09-02T19:03:49+00:00,78d4dfda8c2dc27bdc3ec26c2654f8fc,2026-09-06,Arsenal,Chelsea,corners_1x2,away,Bovada,290
2026-09-02T19:03:49+00:00,78d4dfda8c2dc27bdc3ec26c2654f8fc,2026-09-06,Arsenal,Chelsea,corners_1x2,away,DraftKings,380
2026-09-02T19:03:49+00:00,78d4dfda8c2dc27bdc3ec26c2654f8fc,2026-09-06,Arsenal,Chelsea,corners_1x2,draw,BetMGM,725
2026-09-02T19:03:49+00:00,78d4dfda8c2dc27bdc3ec26c2654f8fc,2026-09-06,Arsenal,Chelsea,corners_1x2,draw,BetRivers,700
2026-09-02T19:03:49+00:00,78d4dfda8c2dc27bdc3ec26c2654f8fc,2026-09-06,Arsenal,Chelsea,corners_1x2,draw,Bovada,725
2026-09-02T19:03:49+00:00,78d4dfda8c2dc27bdc3ec26c2654f8fc,2026-09-06,Arsenal,Chelsea,corners_1x2,draw,DraftKings,800
2026-09-02T19:03:49+00:00,78d4dfda8c2dc27bdc3ec26c2654f8fc,2026-09-06,Arsenal,Chelsea,corners_1x2,home,BetMGM,-275
2026-09-02T19:03:49+00:00,78d4dfda8c2dc27bdc3ec26c2654f8fc,2026-09-06,Arsenal,Chelsea,corners_1x2,home,BetRivers,-278
2026-09-02T19:03:49+00:00,78d4dfda8c2dc27bdc3ec26c2654f8fc,2026-09-06,Arsenal,Chelsea,corners_1x2,home,Bovada,-280
2026-09-02T19:03:49+00:00,78d4dfda8c2dc27bdc3ec26c2654f8fc,2026-09-06,Arsenal,Chelsea,corners_1x2,home,DraftKings,-330
2026-09-02T19:03:49+00:00,78d4dfda8c2dc27bdc3ec26c2654f8fc,2026-09-06,Arsenal,Chelsea,corners_total_10_5,over,BetMGM,120
2026-09-02T19:03:49+00:00,78d4dfda8c2dc27bdc3ec26c2654f8fc,2026-09-06,Arsenal,Chelsea,corners_total_10_5,over,BetRivers,-103
2026-09-02T19:03:49+00:00,78d4dfda8c2dc27bdc3ec26c2654f8fc,2026-09-06,Arsenal,Chelsea,corners_total_10_5,over,Bovada,125
2026-09-02T19:03:49+00:00,78d4dfda8c2dc27bdc3ec26c2654f8fc,2026-09-06,Arsenal,Chelsea,corners_total_10_5,over,DraftKings,120
2026-09-02T19:03:49+00:00,78d4dfda8c2dc27bdc3ec26c2654f8fc,2026-09-06,Arsenal,Chelsea,corners_total_10_5,under,BetMGM,-165
2026-09-02T19:03:49+00:00,78d4dfda8c2dc27bdc3ec26c2654f8fc,2026-09-06,Arsenal,Chelsea,corners_total_10_5,under,BetRivers,-143
2026-09-02T19:03:49+00:00,78d4dfda8c2dc27bdc3ec26c2654f8fc,2026-09-06,Arsenal,Chelsea,corners_total_10_5,under,Bovada,-165
2026-09-02T19:03:49+00:00,78d4dfda8c2dc27bdc3ec26c2654f8fc,2026-09-06,Arsenal,Chelsea,corners_total_10_5,under,DraftKings,-180
2026-09-02T19:03:49+00:00,78d4dfda8c2dc27bdc3ec26c2654f8fc,2026-09-06,Arsenal,Chelsea,corners_total_9_5,over,BetMGM,-135
2026-09-02T19:03:49+00:00,78d4dfda8c2dc27bdc3ec26c2654f8fc,2026-09-06,Arsenal,Chelsea,corners_total_9_5,over,BetRivers,-165
2026-09-02T19:03:49+00:00,78d4dfda8c2dc27bdc3ec26c2654f8fc,2026-09-06,Arsenal,Chelsea,corners_total_9_5,over,Bovada,-128
2026-09-02T19:03:49+00:00,78d4dfda8c2dc27bdc3ec26c2654f8fc,2026-09-06,Arsenal,Chelsea,corners_total_9_5,over,Caesars,-127
2026-09-02T19:03:49+00:00,78d4dfda8c2dc27bdc3ec26c2654f8fc,2026-09-06,Arsenal,Chelsea,corners_total_9_5,over,DraftKings,-135
2026-09-02T19:03:49+00:00,78d4dfda8c2dc27bdc3ec26c2654f8fc,2026-09-06,Arsenal,Chelsea,corners_total_9_5,over,MyBookie.ag,-118
2026-09-02T19:03:49+00:00,78d4dfda8c2dc27bdc3ec26c2654f8fc,2026-09-06,Arsenal,Chelsea,corners_total_9_5,under,BetMGM,-105
2026-09-02T19:03:49+00:00,78d4dfda8c2dc27bdc3ec26c2654f8fc,2026-09-06,Arsenal,Chelsea,corners_total_9_5,under,BetRivers,112
2026-09-02T19:03:49+00:00,78d4dfda8c2dc27bdc3ec26c2654f8fc,2026-09-06,Arsenal,Chelsea,corners_total_9_5,under,Bovada,-102
2026-09-02T19:03:49+00:00,78d4dfda8c2dc27bdc3ec26c2654f8fc,2026-09-06,Arsenal,Chelsea,corners_total_9_5,under,Caesars,-102
2026-09-02T19:03:49+00:00,78d4dfda8c2dc27bdc3ec26c2654f8fc,2026-09-06,Arsenal,Chelsea,corners_total_9_5,under,DraftKings,-110
2026-09-02T19:03:49+00:00,78d4dfda8c2dc27bdc3ec26c2654f8fc,2026-09-06,Arsenal,Chelsea,corners_total_9_5,under,MyBookie.ag,-117
2026-09-02T19:03:49+00:00,78d4dfda8c2dc27bdc3ec26c2654f8fc,2026-09-06,Arsenal,Chelsea,double_chance,draw_or_away,BetRivers,112
2026-09-02T19:03:49+00:00,78d4dfda8c2dc27bdc3ec26c2654f8fc,2026-09-06,Arsenal,Chelsea,double_chance,draw_or_away,Bovada,113
2026-09-02T19:03:49+00:00,78d4dfda8c2dc27bdc3ec26c2654f8fc,2026-09-06,Arsenal,Chelsea,double_chance,draw_or_away,DraftKings,105
2026-09-02T19:03:49+00:00,78d4dfda8c2dc27bdc3ec26c2654f8fc,2026-09-06,Arsenal,Chelsea,double_chance,draw_or_away,FanDuel,115
2026-09-02T19:03:49+00:00,78d4dfda8c2dc27bdc3ec26c2654f8fc,2026-09-06,Arsenal,Chelsea,double_chance,draw_or_away,Fanatics,115
2026-09-02T19:03:49+00:00,78d4dfda8c2dc27bdc3ec26c2654f8fc,2026-09-06,Arsenal,Chelsea,double_chance,draw_or_away,MyBookie.ag,-122
2026-09-02T19:03:49+00:00,78d4dfda8c2dc27bdc3ec26c2654f8fc,2026-09-06,Arsenal,Chelsea,double_chance,home_or_away,BetRivers,-385
2026-09-02T19:03:49+00:00,78d4dfda8c2dc27bdc3ec26c2654f8fc,2026-09-06,Arsenal,Chelsea,double_chance,home_or_away,Bovada,-385
2026-09-02T19:03:49+00:00,78d4dfda8c2dc27bdc3ec26c2654f8fc,2026-09-06,Arsenal,Chelsea,double_chance,home_or_away,DraftKings,-390
2026-09-02T19:03:49+00:00,78d4dfda8c2dc27bdc3ec26c2654f8fc,2026-09-06,Arsenal,Chelsea,double_chance,home_or_away,FanDuel,-380
2026-09-02T19:03:49+00:00,78d4dfda8c2dc27bdc3ec26c2654f8fc,2026-09-06,Arsenal,Chelsea,double_chance,home_or_away,Fanatics,-350
2026-09-02T19:03:49+00:00,78d4dfda8c2dc27bdc3ec26c2654f8fc,2026-09-06,Arsenal,Chelsea,double_chance,home_or_away,MyBookie.ag,-490
2026-09-02T19:03:49+00:00,78d4dfda8c2dc27bdc3ec26c2654f8fc,2026-09-06,Arsenal,Chelsea,double_chance,home_or_draw,BetRivers,-625
2026-09-02T19:03:49+00:00,78d4dfda8c2dc27bdc3ec26c2654f8fc,2026-09-06,Arsenal,Chelsea,double_chance,home_or_draw,Bovada,-600
2026-09-02T19:03:49+00:00,78d4dfda8c2dc27bdc3ec26c2654f8fc,2026-09-06,Arsenal,Chelsea,double_chance,home_or_draw,DraftKings,-600
2026-09-02T19:03:49+00:00,78d4dfda8c2dc27bdc3ec26c2654f8fc,2026-09-06,Arsenal,Chelsea,double_chance,home_or_draw,FanDuel,-600
2026-09-02T19:03:49+00:00,78d4dfda8c2dc27bdc3ec26c2654f8fc,2026-09-06,Arsenal,Chelsea,double_chance,home_or_draw,Fanatics,-575
2026-09-02T19:03:49+00:00,78d4dfda8c2dc27bdc3ec26c2654f8fc,2026-09-06,Arsenal,Chelsea,double_chance,home_or_draw,MyBookie.ag,-676
2026-09-02T19:03:49+00:00,78d4dfda8c2dc27bdc3ec26c2654f8fc,2026-09-06,Arsenal,Chelsea,draw_no_bet,away,BetMGM,250
2026-09-02T19:03:49+00:00,78d4dfda8c2dc27bdc3ec26c2654f8fc,2026-09-06,Arsenal,Chelsea,draw_no_bet,away,BetOnline.ag,260
2026-09-02T19:03:49+00:00,78d4dfda8c2dc27bdc3ec26c2654f8fc,2026-09-06,Arsenal,Chelsea,draw_no_bet,away,BetRivers,245
2026-09-02T19:03:49+00:00,78d4dfda8c2dc27bdc3ec26c2654f8fc,2026-09-06,Arsenal,Chelsea,draw_no_bet,away,Bovada,270
2026-09-02T19:03:49+00:00,78d4dfda8c2dc27bdc3ec26c2654f8fc,2026-09-06,Arsenal,Chelsea,draw_no_bet,away,Caesars,230
2026-09-02T19:03:49+00:00,78d4dfda8c2dc27bdc3ec26c2654f8fc,2026-09-06,Arsenal,Chelsea,draw_no_bet,away,DraftKings,265
2026-09-02T19:03:49+00:00,78d4dfda8c2dc27bdc3ec26c2654f8fc,2026-09-06,Arsenal,Chelsea,draw_no_bet,away,FanDuel,300
2026-09-02T19:03:49+00:00,78d4dfda8c2dc27bdc3ec26c2654f8fc,2026-09-06,Arsenal,Chelsea,draw_no_bet,away,Fanatics,280
2026-09-02T19:03:49+00:00,78d4dfda8c2dc27bdc3ec26c2654f8fc,2026-09-06,Arsenal,Chelsea,draw_no_bet,away,MyBookie.ag,255
2026-09-02T19:03:49+00:00,78d4dfda8c2dc27bdc3ec26c2654f8fc,2026-09-06,Arsenal,Chelsea,draw_no_bet,home,BetMGM,-375
2026-09-02T19:03:49+00:00,78d4dfda8c2dc27bdc3ec26c2654f8fc,2026-09-06,Arsenal,Chelsea,draw_no_bet,home,BetOnline.ag,-357
2026-09-02T19:03:49+00:00,78d4dfda8c2dc27bdc3ec26c2654f8fc,2026-09-06,Arsenal,Chelsea,draw_no_bet,home,BetRivers,-400
2026-09-02T19:03:49+00:00,78d4dfda8c2dc27bdc3ec26c2654f8fc,2026-09-06,Arsenal,Chelsea,draw_no_bet,home,Bovada,-350
2026-09-02T19:03:49+00:00,78d4dfda8c2dc27bdc3ec26c2654f8fc,2026-09-06,Arsenal,Chelsea,draw_no_bet,home,Caesars,-320
2026-09-02T19:03:49+00:00,78d4dfda8c2dc27bdc3ec26c2654f8fc,2026-09-06,Arsenal,Chelsea,draw_no_bet,home,DraftKings,-390
2026-09-02T19:03:49+00:00,78d4dfda8c2dc27bdc3ec26c2654f8fc,2026-09-06,Arsenal,Chelsea,draw_no_bet,home,FanDuel,-380
2026-09-02T19:03:49+00:00,78d4dfda8c2dc27bdc3ec26c2654f8fc,2026-09-06,Arsenal,Chelsea,draw_no_bet,home,Fanatics,-400
2026-09-02T19:03:49+00:00,78d4dfda8c2dc27bdc3ec26c2654f8fc,2026-09-06,Arsenal,Chelsea,draw_no_bet,home,MyBookie.ag,-350
2026-09-02T19:03:49+00:00,78d4dfda8c2dc27bdc3ec26c2654f8fc,2026-09-06,Arsenal,Chelsea,total_2_5,over,BetMGM,-135
2026-09-02T19:03:49+00:00,78d4dfda8c2dc27bdc3ec26c2654f8fc,2026-09-06,Arsenal,Chelsea,total_2_5,over,BetOnline.ag,-132
2026-09-02T19:03:49+00:00,78d4dfda8c2dc27bdc3ec26c2654f8fc,2026-09-06,Arsenal,Chelsea,total_2_5,over,BetRivers,-129
2026-09-02T19:03:49+00:00,78d4dfda8c2dc27bdc3ec26c2654f8fc,2026-09-06,Arsenal,Chelsea,total_2_5,over,BetUS,-130
2026-09-02T19:03:49+00:00,78d4dfda8c2dc27bdc3ec26c2654f8fc,2026-09-06,Arsenal,Chelsea,total_2_5,over,Bovada,-130
2026-09-02T19:03:49+00:00,78d4dfda8c2dc27bdc3ec26c2654f8fc,2026-09-06,Arsenal,Chelsea,total_2_5,over,Caesars,-132
2026-09-02T19:03:49+00:00,78d4dfda8c2dc27bdc3ec26c2654f8fc,2026-09-06,Arsenal,Chelsea,total_2_5,over,DraftKings,-135
2026-09-02T19:03:49+00:00,78d4dfda8c2dc27bdc3ec26c2654f8fc,2026-09-06,Arsenal,Chelsea,total_2_5,over,FanDuel,-122
2026-09-02T19:03:49+00:00,78d4dfda8c2dc27bdc3ec26c2654f8fc,2026-09-06,Arsenal,Chelsea,total_2_5,over,Fanatics,-140
2026-09-02T19:03:49+00:00,78d4dfda8c2dc27bdc3ec26c2654f8fc,2026-09-06,Arsenal,Chelsea,total_2_5,over,LowVig.ag,-132
2026-09-02T19:03:49+00:00,78d4dfda8c2dc27bdc3ec26c2654f8fc,2026-09-06,Arsenal,Chelsea,total_2_5,over,MyBookie.ag,-141
2026-09-02T19:03:49+00:00,78d4dfda8c2dc27bdc3ec26c2654f8fc,2026-09-06,Arsenal,Chelsea,total_2_5,under,BetMGM,-102
2026-09-02T19:03:49+00:00,78d4dfda8c2dc27bdc3ec26c2654f8fc,2026-09-06,Arsenal,Chelsea,total_2_5,under,BetOnline.ag,107
2026-09-02T19:03:49+00:00,78d4dfda8c2dc27bdc3ec26c2654f8fc,2026-09-06,Arsenal,Chelsea,total_2_5,under,BetRivers,100
2026-09-02T19:03:49+00:00,78d4dfda8c2dc27bdc3ec26c2654f8fc,2026-09-06,Arsenal,Chelsea,total_2_5,under,BetUS,110
2026-09-02T19:03:49+00:00,78d4dfda8c2dc27bdc3ec26c2654f8fc,2026-09-06,Arsenal,Chelsea,total_2_5,under,Bovada,110
2026-09-02T19:03:49+00:00,78d4dfda8c2dc27bdc3ec26c2654f8fc,2026-09-06,Arsenal,Chelsea,total_2_5,under,Caesars,104
2026-09-02T19:03:49+00:00,78d4dfda8c2dc27bdc3ec26c2654f8fc,2026-09-06,Arsenal,Chelsea,total_2_5,under,DraftKings,105
2026-09-02T19:03:49+00:00,78d4dfda8c2dc27bdc3ec26c2654f8fc,2026-09-06,Arsenal,Chelsea,total_2_5,under,FanDuel,100
2026-09-02T19:03:49+00:00,78d4dfda8c2dc27bdc3ec26c2654f8fc,2026-09-06,Arsenal,Chelsea,total_2_5,under,Fanatics,105
2026-09-02T19:03:49+00:00,78d4dfda8c2dc27bdc3ec26c2654f8fc,2026-09-06,Arsenal,Chelsea,total_2_5,under,LowVig.ag,107
2026-09-02T19:03:49+00:00,78d4dfda8c2dc27bdc3ec26c2654f8fc,2026-09-06,Arsenal,Chelsea,total_2_5,under,MyBookie.ag,102
2026-09-02T19:03:49+00:00,8ea6c863f1852654399073b518b0a1f8,2026-09-06,Everton,Man United,1x2,away,BetMGM,105
2026-09-02T19:03:49+00:00,8ea6c863f1852654399073b518b0a1f8,2026-09-06,Everton,Man United,1x2,away,BetOnline.ag,124
2026-09-02T19:03:49+00:00,8ea6c863f1852654399073b518b0a1f8,2026-09-06,Everton,Man United,1x2,away,BetRivers,110
2026-09-02T19:03:49+00:00,8ea6c863f1852654399073b518b0a1f8,2026-09-06,Everton,Man United,1x2,away,BetUS,125
2026-09-02T19:03:49+00:00,8ea6c863f1852654399073b518b0a1f8,2026-09-06,Everton,Man United,1x2,away,Bovada,120
2026-09-02T19:03:49+00:00,8ea6c863f1852654399073b518b0a1f8,2026-09-06,Everton,Man United,1x2,away,Caesars,121
2026-09-02T19:03:49+00:00,8ea6c863f1852654399073b518b0a1f8,2026-09-06,Everton,Man United,1x2,away,DraftKings,120
2026-09-02T19:03:49+00:00,8ea6c863f1852654399073b518b0a1f8,2026-09-06,Everton,Man United,1x2,away,FanDuel,115
2026-09-02T19:03:49+00:00,8ea6c863f1852654399073b518b0a1f8,2026-09-06,Everton,Man United,1x2,away,Fanatics,120
2026-09-02T19:03:49+00:00,8ea6c863f1852654399073b518b0a1f8,2026-09-06,Everton,Man United,1x2,away,LowVig.ag,124
2026-09-02T19:03:49+00:00,8ea6c863f1852654399073b518b0a1f8,2026-09-06,Everton,Man United,1x2,away,MyBookie.ag,119
2026-09-02T19:03:49+00:00,8ea6c863f1852654399073b518b0a1f8,2026-09-06,Everton,Man United,1x2,draw,BetMGM,240
2026-09-02T19:03:49+00:00,8ea6c863f1852654399073b518b0a1f8,2026-09-06,Everton,Man United,1x2,draw,BetOnline.ag,260
2026-09-02T19:03:49+00:00,8ea6c863f1852654399073b518b0a1f8,2026-09-06,Everton,Man United,1x2,draw,BetRivers,255
2026-09-02T19:03:49+00:00,8ea6c863f1852654399073b518b0a1f8,2026-09-06,Everton,Man United,1x2,draw,BetUS,260
2026-09-02T19:03:49+00:00,8ea6c863f1852654399073b518b0a1f8,2026-09-06,Everton,Man United,1x2,draw,Bovada,265
2026-09-02T19:03:49+00:00,8ea6c863f1852654399073b518b0a1f8,2026-09-06,Everton,Man United,1x2,draw,Caesars,250
2026-09-02T19:03:49+00:00,8ea6c863f1852654399073b518b0a1f8,2026-09-06,Everton,Man United,1x2,draw,DraftKings,255
2026-09-02T19:03:49+00:00,8ea6c863f1852654399073b518b0a1f8,2026-09-06,Everton,Man United,1x2,draw,FanDuel,260
2026-09-02T19:03:49+00:00,8ea6c863f1852654399073b518b0a1f8,2026-09-06,Everton,Man United,1x2,draw,Fanatics,250
2026-09-02T19:03:49+00:00,8ea6c863f1852654399073b518b0a1f8,2026-09-06,Everton,Man United,1x2,draw,LowVig.ag,260
2026-09-02T19:03:49+00:00,8ea6c863f1852654399073b518b0a1f8,2026-09-06,Everton,Man United,1x2,draw,MyBookie.ag,238
2026-09-02T19:03:49+00:00,8ea6c863f1852654399073b518b0a1f8,2026-09-06,Everton,Man United,1x2,home,BetMGM,195
2026-09-02T19:03:49+00:00,8ea6c863f1852654399073b518b0a1f8,2026-09-06,Everton,Man United,1x2,home,BetOnline.ag,222
2026-09-02T19:03:49+00:00,8ea6c863f1852654399073b518b0a1f8,2026-09-06,Everton,Man United,1x2,home,BetRivers,235
2026-09-02T19:03:49+00:00,8ea6c863f1852654399073b518b0a1f8,2026-09-06,Everton,Man United,1x2,home,BetUS,220
2026-09-02T19:03:49+00:00,8ea6c863f1852654399073b518b0a1f8,2026-09-06,Everton,Man United,1x2,home,Bovada,215
2026-09-02T19:03:49+00:00,8ea6c863f1852654399073b518b0a1f8,2026-09-06,Everton,Man United,1x2,home,Caesars,205
2026-09-02T19:03:49+00:00,8ea6c863f1852654399073b518b0a1f8,2026-09-06,Everton,Man United,1x2,home,DraftKings,210
2026-09-02T19:03:49+00:00,8ea6c863f1852654399073b518b0a1f8,2026-09-06,Everton,Man United,1x2,home,FanDuel,200
2026-09-02T19:03:49+00:00,8ea6c863f1852654399073b518b0a1f8,2026-09-06,Everton,Man United,1x2,home,Fanatics,220
2026-09-02T19:03:49+00:00,8ea6c863f1852654399073b518b0a1f8,2026-09-06,Everton,Man United,1x2,home,LowVig.ag,222
2026-09-02T19:03:49+00:00,8ea6c863f1852654399073b518b0a1f8,2026-09-06,Everton,Man United,1x2,home,MyBookie.ag,204
2026-09-02T19:03:49+00:00,8ea6c863f1852654399073b518b0a1f8,2026-09-06,Everton,Man United,btts,no,BetMGM,125
2026-09-02T19:03:49+00:00,8ea6c863f1852654399073b518b0a1f8,2026-09-06,Everton,Man United,btts,no,BetOnline.ag,134
2026-09-02T19:03:49+00:00,8ea6c863f1852654399073b518b0a1f8,2026-09-06,Everton,Man United,btts,no,BetRivers,135
2026-09-02T19:03:49+00:00,8ea6c863f1852654399073b518b0a1f8,2026-09-06,Everton,Man United,btts,no,Bovada,135
2026-09-02T19:03:49+00:00,8ea6c863f1852654399073b518b0a1f8,2026-09-06,Everton,Man United,btts,no,Caesars,125
2026-09-02T19:03:49+00:00,8ea6c863f1852654399073b518b0a1f8,2026-09-06,Everton,Man United,btts,no,DraftKings,140
2026-09-02T19:03:49+00:00,8ea6c863f1852654399073b518b0a1f8,2026-09-06,Everton,Man United,btts,no,FanDuel,128
2026-09-02T19:03:49+00:00,8ea6c863f1852654399073b518b0a1f8,2026-09-06,Everton,Man United,btts,no,Fanatics,140
2026-09-02T19:03:49+00:00,8ea6c863f1852654399073b518b0a1f8,2026-09-06,Everton,Man United,btts,no,MyBookie.ag,130
2026-09-02T19:03:49+00:00,8ea6c863f1852654399073b518b0a1f8,2026-09-06,Everton,Man United,btts,yes,BetMGM,-175
2026-09-02T19:03:49+00:00,8ea6c863f1852654399073b518b0a1f8,2026-09-06,Everton,Man United,btts,yes,BetOnline.ag,-179
2026-09-02T19:03:49+00:00,8ea6c863f1852654399073b518b0a1f8,2026-09-06,Everton,Man United,btts,yes,BetRivers,-186
2026-09-02T19:03:49+00:00,8ea6c863f1852654399073b518b0a1f8,2026-09-06,Everton,Man United,btts,yes,Bovada,-180
2026-09-02T19:03:49+00:00,8ea6c863f1852654399073b518b0a1f8,2026-09-06,Everton,Man United,btts,yes,Caesars,-162
2026-09-02T19:03:49+00:00,8ea6c863f1852654399073b518b0a1f8,2026-09-06,Everton,Man United,btts,yes,DraftKings,-185
2026-09-02T19:03:49+00:00,8ea6c863f1852654399073b518b0a1f8,2026-09-06,Everton,Man United,btts,yes,FanDuel,-164
2026-09-02T19:03:49+00:00,8ea6c863f1852654399073b518b0a1f8,2026-09-06,Everton,Man United,btts,yes,Fanatics,-180
2026-09-02T19:03:49+00:00,8ea6c863f1852654399073b518b0a1f8,2026-09-06,Everton,Man United,btts,yes,MyBookie.ag,-182
2026-09-02T19:03:49+00:00,8ea6c863f1852654399073b518b0a1f8,2026-09-06,Everton,Man United,corners_1x2,away,BetMGM,-120
2026-09-02T19:03:49+00:00,8ea6c863f1852654399073b518b0a1f8,2026-09-06,Everton,Man United,corners_1x2,away,BetRivers,-139
2026-09-02T19:03:49+00:00,8ea6c863f1852654399073b518b0a1f8,2026-09-06,Everton,Man United,corners_1x2,away,Bovada,-122
2026-09-02T19:03:49+00:00,8ea6c863f1852654399073b518b0a1f8,2026-09-06,Everton,Man United,corners_1x2,away,DraftKings,-120
2026-09-02T19:03:49+00:00,8ea6c863f1852654399073b518b0a1f8,2026-09-06,Everton,Man United,corners_1x2,draw,BetMGM,700
2026-09-02T19:03:49+00:00,8ea6c863f1852654399073b518b0a1f8,2026-09-06,Everton,Man United,corners_1x2,draw,BetRivers,650
2026-09-02T19:03:49+00:00,8ea6c863f1852654399073b518b0a1f8,2026-09-06,Everton,Man United,corners_1x2,draw,Bovada,700
2026-09-02T19:03:49+00:00,8ea6c863f1852654399073b518b0a1f8,2026-09-06,Everton,Man United,corners_1x2,draw,DraftKings,600
2026-09-02T19:03:49+00:00,8ea6c863f1852654399073b518b0a1f8,2026-09-06,Everton,Man United,corners_1x2,home,BetMGM,125
2026-09-02T19:03:49+00:00,8ea6c863f1852654399073b518b0a1f8,2026-09-06,Everton,Man United,corners_1x2,home,BetRivers,135
2026-09-02T19:03:49+00:00,8ea6c863f1852654399073b518b0a1f8,2026-09-06,Everton,Man United,corners_1x2,home,Bovada,125
2026-09-02T19:03:49+00:00,8ea6c863f1852654399073b518b0a1f8,2026-09-06,Everton,Man United,corners_1x2,home,DraftKings,135
2026-09-02T19:03:49+00:00,8ea6c863f1852654399073b518b0a1f8,2026-09-06,Everton,Man United,corners_total_10_5,over,BetMGM,115
2026-09-02T19:03:49+00:00,8ea6c863f1852654399073b518b0a1f8,2026-09-06,Everton,Man United,corners_total_10_5,over,BetRivers,-107
2026-09-02T19:03:49+00:00,8ea6c863f1852654399073b518b0a1f8,2026-09-06,Everton,Man United,corners_total_10_5,over,Bovada,118
2026-09-02T19:03:49+00:00,8ea6c863f1852654399073b518b0a1f8,2026-09-06,Everton,Man United,corners_total_10_5,over,DraftKings,120
2026-09-02T19:03:49+00:00,8ea6c863f1852654399073b518b0a1f8,2026-09-06,Everton,Man United,corners_total_10_5,under,BetMGM,-165
2026-09-02T19:03:49+00:00,8ea6c863f1852654399073b518b0a1f8,2026-09-06,Everton,Man United,corners_total_10_5,under,BetRivers,-136
2026-09-02T19:03:49+00:00,8ea6c863f1852654399073b518b0a1f8,2026-09-06,Everton,Man United,corners_total_10_5,under,Bovada,-155
2026-09-02T19:03:49+00:00,8ea6c863f1852654399073b518b0a1f8,2026-09-06,Everton,Man United,corners_total_10_5,under,DraftKings,-175
2026-09-02T19:03:49+00:00,8ea6c863f1852654399073b518b0a1f8,2026-09-06,Everton,Man United,corners_total_9_5,over,BetMGM,-140
2026-09-02T19:03:49+00:00,8ea6c863f1852654399073b518b0a1f8,2026-09-06,Everton,Man United,corners_total_9_5,over,BetRivers,-175
2026-09-02T19:03:49+00:00,8ea6c863f1852654399073b518b0a1f8,2026-09-06,Everton,Man United,corners_total_9_5,over,Bovada,-132
2026-09-02T19:03:49+00:00,8ea6c863f1852654399073b518b0a1f8,2026-09-06,Everton,Man United,corners_total_9_5,over,Caesars,-136
2026-09-02T19:03:49+00:00,8ea6c863f1852654399073b518b0a1f8,2026-09-06,Everton,Man United,corners_total_9_5,over,DraftKings,-140
2026-09-02T19:03:49+00:00,8ea6c863f1852654399073b518b0a1f8,2026-09-06,Everton,Man United,corners_total_9_5,over,MyBookie.ag,-126
2026-09-02T19:03:49+00:00,8ea6c863f1852654399073b518b0a1f8,2026-09-06,Everton,Man United,corners_total_9_5,under,BetMGM,-102
2026-09-02T19:03:49+00:00,8ea6c863f1852654399073b518b0a1f8,2026-09-06,Everton,Man United,corners_total_9_5,under,BetRivers,117
2026-09-02T19:03:49+00:00,8ea6c863f1852654399073b518b0a1f8,2026-09-06,Everton,Man United,corners_total_9_5,under,Bovada,102
2026-09-02T19:03:49+00:00,8ea6c863f1852654399073b518b0a1f8,2026-09-06,Everton,Man United,corners_total_9_5,under,Caesars,106
2026-09-02T19:03:49+00:00,8ea6c863f1852654399073b518b0a1f8,2026-09-06,Everton,Man United,corners_total_9_5,under,DraftKings,-105
2026-09-02T19:03:49+00:00,8ea6c863f1852654399073b518b0a1f8,2026-09-06,Everton,Man United,corners_total_9_5,under,MyBookie.ag,-110
2026-09-02T19:03:49+00:00,8ea6c863f1852654399073b518b0a1f8,2026-09-06,Everton,Man United,double_chance,draw_or_away,BetRivers,-335
2026-09-02T19:03:49+00:00,8ea6c863f1852654399073b518b0a1f8,2026-09-06,Everton,Man United,double_chance,draw_or_away,Bovada,-300
2026-09-02T19:03:49+00:00,8ea6c863f1852654399073b518b0a1f8,2026-09-06,Everton,Man United,double_chance,draw_or_away,DraftKings,-280
2026-09-02T19:03:49+00:00,8ea6c863f1852654399073b518b0a1f8,2026-09-06,Everton,Man United,double_chance,draw_or_away,FanDuel,-270
2026-09-02T19:03:49+00:00,8ea6c863f1852654399073b518b0a1f8,2026-09-06,Everton,Man United,double_chance,draw_or_away,Fanatics,-275
2026-09-02T19:03:49+00:00,8ea6c863f1852654399073b518b0a1f8,2026-09-06,Everton,Man United,double_chance,draw_or_away,MyBookie.ag,-350
2026-09-02T19:03:49+00:00,8ea6c863f1852654399073b518b0a1f8,2026-09-06,Everton,Man United,double_chance,home_or_away,BetRivers,-345
2026-09-02T19:03:49+00:00,8ea6c863f1852654399073b518b0a1f8,2026-09-06,Everton,Man United,double_chance,home_or_away,Bovada,-345
2026-09-02T19:03:49+00:00,8ea6c863f1852654399073b518b0a1f8,2026-09-06,Everton,Man United,double_chance,home_or_away,DraftKings,-350
2026-09-02T19:03:49+00:00,8ea6c863f1852654399073b518b0a1f8,2026-09-06,Everton,Man United,double_chance,home_or_away,FanDuel,-370
2026-09-02T19:03:49+00:00,8ea6c863f1852654399073b518b0a1f8,2026-09-06,Everton,Man United,double_chance,home_or_away,Fanatics,-325
2026-09-02T19:03:49+00:00,8ea6c863f1852654399073b518b0a1f8,2026-09-06,Everton,Man United,double_chance,home_or_away,MyBookie.ag,-400
2026-09-02T19:03:49+00:00,8ea6c863f1852654399073b518b0a1f8,2026-09-06,Everton,Man United,double_chance,home_or_draw,BetRivers,-137
2026-09-02T19:03:49+00:00,8ea6c863f1852654399073b518b0a1f8,2026-09-06,Everton,Man United,double_chance,home_or_draw,Bovada,-148
2026-09-02T19:03:49+00:00,8ea6c863f1852654399073b518b0a1f8,2026-09-06,Everton,Man United,double_chance,home_or_draw,DraftKings,-160
2026-09-02T19:03:49+00:00,8ea6c863f1852654399073b518b0a1f8,2026-09-06,Everton,Man United,double_chance,home_or_draw,FanDuel,-160
2026-09-02T19:03:49+00:00,8ea6c863f1852654399073b518b0a1f8,2026-09-06,Everton,Man United,double_chance,home_or_draw,Fanatics,-150
2026-09-02T19:03:49+00:00,8ea6c863f1852654399073b518b0a1f8,2026-09-06,Everton,Man United,double_chance,home_or_draw,MyBookie.ag,-204
2026-09-02T19:03:49+00:00,8ea6c863f1852654399073b518b0a1f8,2026-09-06,Everton,Man United,draw_no_bet,away,BetMGM,-185
2026-09-02T19:03:49+00:00,8ea6c863f1852654399073b518b0a1f8,2026-09-06,Everton,Man United,draw_no_bet,away,BetOnline.ag,-167
2026-09-02T19:03:49+00:00,8ea6c863f1852654399073b518b0a1f8,2026-09-06,Everton,Man United,draw_no_bet,away,BetRivers,-200
2026-09-02T19:03:49+00:00,8ea6c863f1852654399073b518b0a1f8,2026-09-06,Everton,Man United,draw_no_bet,away,Bovada,-165
2026-09-02T19:03:49+00:00,8ea6c863f1852654399073b518b0a1f8,2026-09-06,Everton,Man United,draw_no_bet,away,Caesars,-156
2026-09-02T19:03:49+00:00,8ea6c863f1852654399073b518b0a1f8,2026-09-06,Everton,Man United,draw_no_bet,away,DraftKings,-165
2026-09-02T19:03:49+00:00,8ea6c863f1852654399073b518b0a1f8,2026-09-06,Everton,Man United,draw_no_bet,away,FanDuel,-152
2026-09-02T19:03:49+00:00,8ea6c863f1852654399073b518b0a1f8,2026-09-06,Everton,Man United,draw_no_bet,away,Fanatics,-165
2026-09-02T19:03:49+00:00,8ea6c863f1852654399073b518b0a1f8,2026-09-06,Everton,Man United,draw_no_bet,away,MyBookie.ag,-160
2026-09-02T19:03:49+00:00,8ea6c863f1852654399073b518b0a1f8,2026-09-06,Everton,Man United,draw_no_bet,home,BetMGM,125
2026-09-02T19:03:49+00:00,8ea6c863f1852654399073b518b0a1f8,2026-09-06,Everton,Man United,draw_no_bet,home,BetOnline.ag,131
2026-09-02T19:03:49+00:00,8ea6c863f1852654399073b518b0a1f8,2026-09-06,Everton,Man United,draw_no_bet,home,BetRivers,133
2026-09-02T19:03:49+00:00,8ea6c863f1852654399073b518b0a1f8,2026-09-06,Everton,Man United,draw_no_bet,home,Bovada,136
2026-09-02T19:03:49+00:00,8ea6c863f1852654399073b518b0a1f8,2026-09-06,Everton,Man United,draw_no_bet,home,Caesars,120
2026-09-02T19:03:49+00:00,8ea6c863f1852654399073b518b0a1f8,2026-09-06,Everton,Man United,draw_no_bet,home,DraftKings,125
2026-09-02T19:03:49+00:00,8ea6c863f1852654399073b518b0a1f8,2026-09-06,Everton,Man United,draw_no_bet,home,FanDuel,128
2026-09-02T19:03:49+00:00,8ea6c863f1852654399073b518b0a1f8,2026-09-06,Everton,Man United,draw_no_bet,home,Fanatics,125
2026-09-02T19:03:49+00:00,8ea6c863f1852654399073b518b0a1f8,2026-09-06,Everton,Man United,draw_no_bet,home,MyBookie.ag,125
2026-09-02T19:03:49+00:00,8ea6c863f1852654399073b518b0a1f8,2026-09-06,Everton,Man United,total_2_5,over,BetMGM,-150
2026-09-02T19:03:49+00:00,8ea6c863f1852654399073b518b0a1f8,2026-09-06,Everton,Man United,total_2_5,over,BetOnline.ag,-145
2026-09-02T19:03:49+00:00,8ea6c863f1852654399073b518b0a1f8,2026-09-06,Everton,Man United,total_2_5,over,BetRivers,-148
2026-09-02T19:03:49+00:00,8ea6c863f1852654399073b518b0a1f8,2026-09-06,Everton,Man United,total_2_5,over,BetUS,-145
2026-09-02T19:03:49+00:00,8ea6c863f1852654399073b518b0a1f8,2026-09-06,Everton,Man United,total_2_5,over,Bovada,-145
2026-09-02T19:03:49+00:00,8ea6c863f1852654399073b518b0a1f8,2026-09-06,Everton,Man United,total_2_5,over,Caesars,-148
2026-09-02T19:03:49+00:00,8ea6c863f1852654399073b518b0a1f8,2026-09-06,Everton,Man United,total_2_5,over,DraftKings,-150
2026-09-02T19:03:49+00:00,8ea6c863f1852654399073b518b0a1f8,2026-09-06,Everton,Man United,total_2_5,over,FanDuel,-140
2026-09-02T19:03:49+00:00,8ea6c863f1852654399073b518b0a1f8,2026-09-06,Everton,Man United,total_2_5,over,Fanatics,-150
2026-09-02T19:03:49+00:00,8ea6c863f1852654399073b518b0a1f8,2026-09-06,Everton,Man United,total_2_5,over,LowVig.ag,-145
2026-09-02T19:03:49+00:00,8ea6c863f1852654399073b518b0a1f8,2026-09-06,Everton,Man United,total_2_5,over,MyBookie.ag,-154
2026-09-02T19:03:49+00:00,8ea6c863f1852654399073b518b0a1f8,2026-09-06,Everton,Man United,total_2_5,under,BetMGM,110
2026-09-02T19:03:49+00:00,8ea6c863f1852654399073b518b0a1f8,2026-09-06,Everton,Man United,total_2_5,under,BetOnline.ag,116
2026-09-02T19:03:49+00:00,8ea6c863f1852654399073b518b0a1f8,2026-09-06,Everton,Man United,total_2_5,under,BetRivers,115
2026-09-02T19:03:49+00:00,8ea6c863f1852654399073b518b0a1f8,2026-09-06,Everton,Man United,total_2_5,under,BetUS,125
2026-09-02T19:03:49+00:00,8ea6c863f1852654399073b518b0a1f8,2026-09-06,Everton,Man United,total_2_5,under,Bovada,120
2026-09-02T19:03:49+00:00,8ea6c863f1852654399073b518b0a1f8,2026-09-06,Everton,Man United,total_2_5,under,Caesars,114
2026-09-02T19:03:49+00:00,8ea6c863f1852654399073b518b0a1f8,2026-09-06,Everton,Man United,total_2_5,under,DraftKings,115
2026-09-02T19:03:49+00:00,8ea6c863f1852654399073b518b0a1f8,2026-09-06,Everton,Man United,total_2_5,under,FanDuel,114
2026-09-02T19:03:49+00:00,8ea6c863f1852654399073b518b0a1f8,2026-09-06,Everton,Man United,total_2_5,under,Fanatics,115
2026-09-02T19:03:49+00:00,8ea6c863f1852654399073b518b0a1f8,2026-09-06,Everton,Man United,total_2_5,under,LowVig.ag,116
2026-09-02T19:03:49+00:00,8ea6c863f1852654399073b518b0a1f8,2026-09-06,Everton,Man United,total_2_5,under,MyBookie.ag,111
2026-09-02T19:03:49+00:00,8f68612bf47c3193e7fa2d8783e79373,2026-09-05,Fulham,Crystal Palace,1x2,away,BetMGM,188
2026-09-02T19:03:49+00:00,8f68612bf47c3193e7fa2d8783e79373,2026-09-05,Fulham,Crystal Palace,1x2,away,BetOnline.ag,217
2026-09-02T19:03:49+00:00,8f68612bf47c3193e7fa2d8783e79373,2026-09-05,Fulham,Crystal Palace,1x2,away,BetRivers,210
2026-09-02T19:03:49+00:00,8f68612bf47c3193e7fa2d8783e79373,2026-09-05,Fulham,Crystal Palace,1x2,away,BetUS,217
2026-09-02T19:03:49+00:00,8f68612bf47c3193e7fa2d8783e79373,2026-09-05,Fulham,Crystal Palace,1x2,away,Bovada,210
2026-09-02T19:03:49+00:00,8f68612bf47c3193e7fa2d8783e79373,2026-09-05,Fulham,Crystal Palace,1x2,away,Caesars,205
2026-09-02T19:03:49+00:00,8f68612bf47c3193e7fa2d8783e79373,2026-09-05,Fulham,Crystal Palace,1x2,away,DraftKings,215
2026-09-02T19:03:49+00:00,8f68612bf47c3193e7fa2d8783e79373,2026-09-05,Fulham,Crystal Palace,1x2,away,FanDuel,200
2026-09-02T19:03:49+00:00,8f68612bf47c3193e7fa2d8783e79373,2026-09-05,Fulham,Crystal Palace,1x2,away,Fanatics,210
2026-09-02T19:03:49+00:00,8f68612bf47c3193e7fa2d8783e79373,2026-09-05,Fulham,Crystal Palace,1x2,away,LowVig.ag,217
2026-09-02T19:03:49+00:00,8f68612bf47c3193e7fa2d8783e79373,2026-09-05,Fulham,Crystal Palace,1x2,away,MyBookie.ag,198
2026-09-02T19:03:49+00:00,8f68612bf47c3193e7fa2d8783e79373,2026-09-05,Fulham,Crystal Palace,1x2,draw,BetMGM,210
2026-09-02T19:03:49+00:00,8f68612bf47c3193e7fa2d8783e79373,2026-09-05,Fulham,Crystal Palace,1x2,draw,BetOnline.ag,244
2026-09-02T19:03:49+00:00,8f68612bf47c3193e7fa2d8783e79373,2026-09-05,Fulham,Crystal Palace,1x2,draw,BetRivers,240
2026-09-02T19:03:49+00:00,8f68612bf47c3193e7fa2d8783e79373,2026-09-05,Fulham,Crystal Palace,1x2,draw,BetUS,244
2026-09-02T19:03:49+00:00,8f68612bf47c3193e7fa2d8783e79373,2026-09-05,Fulham,Crystal Palace,1x2,draw,Bovada,240
2026-09-02T19:03:49+00:00,8f68612bf47c3193e7fa2d8783e79373,2026-09-05,Fulham,Crystal Palace,1x2,draw,Caesars,235
2026-09-02T19:03:49+00:00,8f68612bf47c3193e7fa2d8783e79373,2026-09-05,Fulham,Crystal Palace,1x2,draw,DraftKings,245
2026-09-02T19:03:49+00:00,8f68612bf47c3193e7fa2d8783e79373,2026-09-05,Fulham,Crystal Palace,1x2,draw,FanDuel,230
2026-09-02T19:03:49+00:00,8f68612bf47c3193e7fa2d8783e79373,2026-09-05,Fulham,Crystal Palace,1x2,draw,Fanatics,240
2026-09-02T19:03:49+00:00,8f68612bf47c3193e7fa2d8783e79373,2026-09-05,Fulham,Crystal Palace,1x2,draw,LowVig.ag,244
2026-09-02T19:03:49+00:00,8f68612bf47c3193e7fa2d8783e79373,2026-09-05,Fulham,Crystal Palace,1x2,draw,MyBookie.ag,228
2026-09-02T19:03:49+00:00,8f68612bf47c3193e7fa2d8783e79373,2026-09-05,Fulham,Crystal Palace,1x2,home,BetMGM,120
2026-09-02T19:03:49+00:00,8f68612bf47c3193e7fa2d8783e79373,2026-09-05,Fulham,Crystal Palace,1x2,home,BetOnline.ag,133
2026-09-02T19:03:49+00:00,8f68612bf47c3193e7fa2d8783e79373,2026-09-05,Fulham,Crystal Palace,1x2,home,BetRivers,130
2026-09-02T19:03:49+00:00,8f68612bf47c3193e7fa2d8783e79373,2026-09-05,Fulham,Crystal Palace,1x2,home,BetUS,133
2026-09-02T19:03:49+00:00,8f68612bf47c3193e7fa2d8783e79373,2026-09-05,Fulham,Crystal Palace,1x2,home,Bovada,130
2026-09-02T19:03:49+00:00,8f68612bf47c3193e7fa2d8783e79373,2026-09-05,Fulham,Crystal Palace,1x2,home,Caesars,129
2026-09-02T19:03:49+00:00,8f68612bf47c3193e7fa2d8783e79373,2026-09-05,Fulham,Crystal Palace,1x2,home,DraftKings,125
2026-09-02T19:03:49+00:00,8f68612bf47c3193e7fa2d8783e79373,2026-09-05,Fulham,Crystal Palace,1x2,home,FanDuel,130
2026-09-02T19:03:49+00:00,8f68612bf47c3193e7fa2d8783e79373,2026-09-05,Fulham,Crystal Palace,1x2,home,Fanatics,125
2026-09-02T19:03:49+00:00,8f68612bf47c3193e7fa2d8783e79373,2026-09-05,Fulham,Crystal Palace,1x2,home,LowVig.ag,133
2026-09-02T19:03:49+00:00,8f68612bf47c3193e7fa2d8783e79373,2026-09-05,Fulham,Crystal Palace,1x2,home,MyBookie.ag,128
2026-09-02T19:03:49+00:00,8f68612bf47c3193e7fa2d8783e79373,2026-09-05,Fulham,Crystal Palace,btts,no,BetMGM,110
2026-09-02T19:03:49+00:00,8f68612bf47c3193e7fa2d8783e79373,2026-09-05,Fulham,Crystal Palace,btts,no,BetOnline.ag,113
2026-09-02T19:03:49+00:00,8f68612bf47c3193e7fa2d8783e79373,2026-09-05,Fulham,Crystal Palace,btts,no,BetRivers,110
2026-09-02T19:03:49+00:00,8f68612bf47c3193e7fa2d8783e79373,2026-09-05,Fulham,Crystal Palace,btts,no,Bovada,110
2026-09-02T19:03:49+00:00,8f68612bf47c3193e7fa2d8783e79373,2026-09-05,Fulham,Crystal Palace,btts,no,Caesars,106
2026-09-02T19:03:49+00:00,8f68612bf47c3193e7fa2d8783e79373,2026-09-05,Fulham,Crystal Palace,btts,no,DraftKings,120
2026-09-02T19:03:49+00:00,8f68612bf47c3193e7fa2d8783e79373,2026-09-05,Fulham,Crystal Palace,btts,no,FanDuel,124
2026-09-02T19:03:49+00:00,8f68612bf47c3193e7fa2d8783e79373,2026-09-05,Fulham,Crystal Palace,btts,no,Fanatics,115
2026-09-02T19:03:49+00:00,8f68612bf47c3193e7fa2d8783e79373,2026-09-05,Fulham,Crystal Palace,btts,no,MyBookie.ag,108
2026-09-02T19:03:49+00:00,8f68612bf47c3193e7fa2d8783e79373,2026-09-05,Fulham,Crystal Palace,btts,yes,BetMGM,-160
2026-09-02T19:03:49+00:00,8f68612bf47c3193e7fa2d8783e79373,2026-09-05,Fulham,Crystal Palace,btts,yes,BetOnline.ag,-147
2026-09-02T19:03:49+00:00,8f68612bf47c3193e7fa2d8783e79373,2026-09-05,Fulham,Crystal Palace,btts,yes,BetRivers,-150
2026-09-02T19:03:49+00:00,8f68612bf47c3193e7fa2d8783e79373,2026-09-05,Fulham,Crystal Palace,btts,yes,Bovada,-145
2026-09-02T19:03:49+00:00,8f68612bf47c3193e7fa2d8783e79373,2026-09-05,Fulham,Crystal Palace,btts,yes,Caesars,-136
2026-09-02T19:03:49+00:00,8f68612bf47c3193e7fa2d8783e79373,2026-09-05,Fulham,Crystal Palace,btts,yes,DraftKings,-150
2026-09-02T19:03:49+00:00,8f68612bf47c3193e7fa2d8783e79373,2026-09-05,Fulham,Crystal Palace,btts,yes,FanDuel,-158
2026-09-02T19:03:49+00:00,8f68612bf47c3193e7fa2d8783e79373,2026-09-05,Fulham,Crystal Palace,btts,yes,Fanatics,-150
2026-09-02T19:03:49+00:00,8f68612bf47c3193e7fa2d8783e79373,2026-09-05,Fulham,Crystal Palace,btts,yes,MyBookie.ag,-150
2026-09-02T19:03:49+00:00,8f68612bf47c3193e7fa2d8783e79373,2026-09-05,Fulham,Crystal Palace,corners_1x2,away,BetMGM,210
2026-09-02T19:03:49+00:00,8f68612bf47c3193e7fa2d8783e79373,2026-09-05,Fulham,Crystal Palace,corners_1x2,away,BetRivers,170
2026-09-02T19:03:49+00:00,8f68612bf47c3193e7fa2d8783e79373,2026-09-05,Fulham,Crystal Palace,corners_1x2,away,Bovada,210
2026-09-02T19:03:49+00:00,8f68612bf47c3193e7fa2d8783e79373,2026-09-05,Fulham,Crystal Palace,corners_1x2,away,DraftKings,240
2026-09-02T19:03:49+00:00,8f68612bf47c3193e7fa2d8783e79373,2026-09-05,Fulham,Crystal Palace,corners_1x2,away,FanDuel,200
2026-09-02T19:03:49+00:00,8f68612bf47c3193e7fa2d8783e79373,2026-09-05,Fulham,Crystal Palace,corners_1x2,draw,BetMGM,725
2026-09-02T19:03:49+00:00,8f68612bf47c3193e7fa2d8783e79373,2026-09-05,Fulham,Crystal Palace,corners_1x2,draw,BetRivers,650
2026-09-02T19:03:49+00:00,8f68612bf47c3193e7fa2d8783e79373,2026-09-05,Fulham,Crystal Palace,corners_1x2,draw,Bovada,725
2026-09-02T19:03:49+00:00,8f68612bf47c3193e7fa2d8783e79373,2026-09-05,Fulham,Crystal Palace,corners_1x2,draw,DraftKings,700
2026-09-02T19:03:49+00:00,8f68612bf47c3193e7fa2d8783e79373,2026-09-05,Fulham,Crystal Palace,corners_1x2,draw,FanDuel,700
2026-09-02T19:03:49+00:00,8f68612bf47c3193e7fa2d8783e79373,2026-09-05,Fulham,Crystal Palace,corners_1x2,home,BetMGM,-200
2026-09-02T19:03:49+00:00,8f68612bf47c3193e7fa2d8783e79373,2026-09-05,Fulham,Crystal Palace,corners_1x2,home,BetRivers,-175
2026-09-02T19:03:49+00:00,8f68612bf47c3193e7fa2d8783e79373,2026-09-05,Fulham,Crystal Palace,corners_1x2,home,Bovada,-197
2026-09-02T19:03:49+00:00,8f68612bf47c3193e7fa2d8783e79373,2026-09-05,Fulham,Crystal Palace,corners_1x2,home,DraftKings,-205
2026-09-02T19:03:49+00:00,8f68612bf47c3193e7fa2d8783e79373,2026-09-05,Fulham,Crystal Palace,corners_1x2,home,FanDuel,-175
2026-09-02T19:03:49+00:00,8f68612bf47c3193e7fa2d8783e79373,2026-09-05,Fulham,Crystal Palace,corners_total_10_5,over,BetMGM,100
2026-09-02T19:03:49+00:00,8f68612bf47c3193e7fa2d8783e79373,2026-09-05,Fulham,Crystal Palace,corners_total_10_5,over,BetRivers,105
2026-09-02T19:03:49+00:00,8f68612bf47c3193e7fa2d8783e79373,2026-09-05,Fulham,Crystal Palace,corners_total_10_5,over,Bovada,108
2026-09-02T19:03:49+00:00,8f68612bf47c3193e7fa2d8783e79373,2026-09-05,Fulham,Crystal Palace,corners_total_10_5,over,DraftKings,115
2026-09-02T19:03:49+00:00,8f68612bf47c3193e7fa2d8783e79373,2026-09-05,Fulham,Crystal Palace,corners_total_10_5,over,FanDuel,130
2026-09-02T19:03:49+00:00,8f68612bf47c3193e7fa2d8783e79373,2026-09-05,Fulham,Crystal Palace,corners_total_10_5,under,BetMGM,-145
2026-09-02T19:03:49+00:00,8f68612bf47c3193e7fa2d8783e79373,2026-09-05,Fulham,Crystal Palace,corners_total_10_5,under,BetRivers,-155
2026-09-02T19:03:49+00:00,8f68612bf47c3193e7fa2d8783e79373,2026-09-05,Fulham,Crystal Palace,corners_total_10_5,under,Bovada,-140
2026-09-02T19:03:49+00:00,8f68612bf47c3193e7fa2d8783e79373,2026-09-05,Fulham,Crystal Palace,corners_total_10_5,under,DraftKings,-160
2026-09-02T19:03:49+00:00,8f68612bf47c3193e7fa2d8783e79373,2026-09-05,Fulham,Crystal Palace,corners_total_10_5,under,FanDuel,-174
2026-09-02T19:03:49+00:00,8f68612bf47c3193e7fa2d8783e79373,2026-09-05,Fulham,Crystal Palace,corners_total_9_5,over,BetMGM,-160
2026-09-02T19:03:49+00:00,8f68612bf47c3193e7fa2d8783e79373,2026-09-05,Fulham,Crystal Palace,corners_total_9_5,over,BetRivers,-150
2026-09-02T19:03:49+00:00,8f68612bf47c3193e7fa2d8783e79373,2026-09-05,Fulham,Crystal Palace,corners_total_9_5,over,Bovada,-148
2026-09-02T19:03:49+00:00,8f68612bf47c3193e7fa2d8783e79373,2026-09-05,Fulham,Crystal Palace,corners_total_9_5,over,Caesars,-141
2026-09-02T19:03:49+00:00,8f68612bf47c3193e7fa2d8783e79373,2026-09-05,Fulham,Crystal Palace,corners_total_9_5,over,DraftKings,-155
2026-09-02T19:03:49+00:00,8f68612bf47c3193e7fa2d8783e79373,2026-09-05,Fulham,Crystal Palace,corners_total_9_5,over,FanDuel,-130
2026-09-02T19:03:49+00:00,8f68612bf47c3193e7fa2d8783e79373,2026-09-05,Fulham,Crystal Palace,corners_total_9_5,over,MyBookie.ag,-138
2026-09-02T19:03:49+00:00,8f68612bf47c3193e7fa2d8783e79373,2026-09-05,Fulham,Crystal Palace,corners_total_9_5,under,BetMGM,115
2026-09-02T19:03:49+00:00,8f68612bf47c3193e7fa2d8783e79373,2026-09-05,Fulham,Crystal Palace,corners_total_9_5,under,BetRivers,104
2026-09-02T19:03:49+00:00,8f68612bf47c3193e7fa2d8783e79373,2026-09-05,Fulham,Crystal Palace,corners_total_9_5,under,Bovada,113
2026-09-02T19:03:49+00:00,8f68612bf47c3193e7fa2d8783e79373,2026-09-05,Fulham,Crystal Palace,corners_total_9_5,under,Caesars,111
2026-09-02T19:03:49+00:00,8f68612bf47c3193e7fa2d8783e79373,2026-09-05,Fulham,Crystal Palace,corners_total_9_5,under,DraftKings,110
2026-09-02T19:03:49+00:00,8f68612bf47c3193e7fa2d8783e79373,2026-09-05,Fulham,Crystal Palace,corners_total_9_5,under,FanDuel,-102
2026-09-02T19:03:49+00:00,8f68612bf47c3193e7fa2d8783e79373,2026-09-05,Fulham,Crystal Palace,corners_total_9_5,under,MyBookie.ag,100
2026-09-02T19:03:49+00:00,8f68612bf47c3193e7fa2d8783e79373,2026-09-05,Fulham,Crystal Palace,double_chance,draw_or_away,BetOnline.ag,-161
2026-09-02T19:03:49+00:00,8f68612bf47c3193e7fa2d8783e79373,2026-09-05,Fulham,Crystal Palace,double_chance,draw_or_away,BetRivers,-167
2026-09-02T19:03:49+00:00,8f68612bf47c3193e7fa2d8783e79373,2026-09-05,Fulham,Crystal Palace,double_chance,draw_or_away,Bovada,-168
2026-09-02T19:03:49+00:00,8f68612bf47c3193e7fa2d8783e79373,2026-09-05,Fulham,Crystal Palace,double_chance,draw_or_away,DraftKings,-160
2026-09-02T19:03:49+00:00,8f68612bf47c3193e7fa2d8783e79373,2026-09-05,Fulham,Crystal Palace,double_chance,draw_or_away,FanDuel,-175
2026-09-02T19:03:49+00:00,8f68612bf47c3193e7fa2d8783e79373,2026-09-05,Fulham,Crystal Palace,double_chance,draw_or_away,Fanatics,-160
2026-09-02T19:03:49+00:00,8f68612bf47c3193e7fa2d8783e79373,2026-09-05,Fulham,Crystal Palace,double_chance,draw_or_away,MyBookie.ag,-218
2026-09-02T19:03:49+00:00,8f68612bf47c3193e7fa2d8783e79373,2026-09-05,Fulham,Crystal Palace,double_chance,home_or_away,BetOnline.ag,-323
2026-09-02T19:03:49+00:00,8f68612bf47c3193e7fa2d8783e79373,2026-09-05,Fulham,Crystal Palace,double_chance,home_or_away,BetRivers,-335
2026-09-02T19:03:49+00:00,8f68612bf47c3193e7fa2d8783e79373,2026-09-05,Fulham,Crystal Palace,double_chance,home_or_away,Bovada,-325
2026-09-02T19:03:49+00:00,8f68612bf47c3193e7fa2d8783e79373,2026-09-05,Fulham,Crystal Palace,double_chance,home_or_away,DraftKings,-320
2026-09-02T19:03:49+00:00,8f68612bf47c3193e7fa2d8783e79373,2026-09-05,Fulham,Crystal Palace,double_chance,home_or_away,FanDuel,-320
2026-09-02T19:03:49+00:00,8f68612bf47c3193e7fa2d8783e79373,2026-09-05,Fulham,Crystal Palace,double_chance,home_or_away,Fanatics,-325
2026-09-02T19:03:49+00:00,8f68612bf47c3193e7fa2d8783e79373,2026-09-05,Fulham,Crystal Palace,double_chance,home_or_away,MyBookie.ag,-380
2026-09-02T19:03:49+00:00,8f68612bf47c3193e7fa2d8783e79373,2026-09-05,Fulham,Crystal Palace,double_chance,home_or_draw,BetOnline.ag,-278
2026-09-02T19:03:49+00:00,8f68612bf47c3193e7fa2d8783e79373,2026-09-05,Fulham,Crystal Palace,double_chance,home_or_draw,BetRivers,-278
2026-09-02T19:03:49+00:00,8f68612bf47c3193e7fa2d8783e79373,2026-09-05,Fulham,Crystal Palace,double_chance,home_or_draw,Bovada,-275
2026-09-02T19:03:49+00:00,8f68612bf47c3193e7fa2d8783e79373,2026-09-05,Fulham,Crystal Palace,double_chance,home_or_draw,DraftKings,-275
2026-09-02T19:03:49+00:00,8f68612bf47c3193e7fa2d8783e79373,2026-09-05,Fulham,Crystal Palace,double_chance,home_or_draw,FanDuel,-280
2026-09-02T19:03:49+00:00,8f68612bf47c3193e7fa2d8783e79373,2026-09-05,Fulham,Crystal Palace,double_chance,home_or_draw,Fanatics,-275
2026-09-02T19:03:49+00:00,8f68612bf47c3193e7fa2d8783e79373,2026-09-05,Fulham,Crystal Palace,double_chance,home_or_draw,MyBookie.ag,-340
2026-09-02T19:03:49+00:00,8f68612bf47c3193e7fa2d8783e79373,2026-09-05,Fulham,Crystal Palace,draw_no_bet,away,BetMGM,110
2026-09-02T19:03:49+00:00,8f68612bf47c3193e7fa2d8783e79373,2026-09-05,Fulham,Crystal Palace,draw_no_bet,away,BetOnline.ag,122
2026-09-02T19:03:49+00:00,8f68612bf47c3193e7fa2d8783e79373,2026-09-05,Fulham,Crystal Palace,draw_no_bet,away,BetRivers,112
2026-09-02T19:03:49+00:00,8f68612bf47c3193e7fa2d8783e79373,2026-09-05,Fulham,Crystal Palace,draw_no_bet,away,Bovada,122
2026-09-02T19:03:49+00:00,8f68612bf47c3193e7fa2d8783e79373,2026-09-05,Fulham,Crystal Palace,draw_no_bet,away,Caesars,110
2026-09-02T19:03:49+00:00,8f68612bf47c3193e7fa2d8783e79373,2026-09-05,Fulham,Crystal Palace,draw_no_bet,away,DraftKings,120
2026-09-02T19:03:49+00:00,8f68612bf47c3193e7fa2d8783e79373,2026-09-05,Fulham,Crystal Palace,draw_no_bet,away,FanDuel,126
2026-09-02T19:03:49+00:00,8f68612bf47c3193e7fa2d8783e79373,2026-09-05,Fulham,Crystal Palace,draw_no_bet,away,Fanatics,120
2026-09-02T19:03:49+00:00,8f68612bf47c3193e7fa2d8783e79373,2026-09-05,Fulham,Crystal Palace,draw_no_bet,away,MyBookie.ag,117
2026-09-02T19:03:49+00:00,8f68612bf47c3193e7fa2d8783e79373,2026-09-05,Fulham,Crystal Palace,draw_no_bet,home,BetMGM,-160
2026-09-02T19:03:49+00:00,8f68612bf47c3193e7fa2d8783e79373,2026-09-05,Fulham,Crystal Palace,draw_no_bet,home,BetOnline.ag,-154
2026-09-02T19:03:49+00:00,8f68612bf47c3193e7fa2d8783e79373,2026-09-05,Fulham,Crystal Palace,draw_no_bet,home,BetRivers,-165
2026-09-02T19:03:49+00:00,8f68612bf47c3193e7fa2d8783e79373,2026-09-05,Fulham,Crystal Palace,draw_no_bet,home,Bovada,-148
2026-09-02T19:03:49+00:00,8f68612bf47c3193e7fa2d8783e79373,2026-09-05,Fulham,Crystal Palace,draw_no_bet,home,Caesars,-141
2026-09-02T19:03:49+00:00,8f68612bf47c3193e7fa2d8783e79373,2026-09-05,Fulham,Crystal Palace,draw_no_bet,home,DraftKings,-150
2026-09-02T19:03:49+00:00,8f68612bf47c3193e7fa2d8783e79373,2026-09-05,Fulham,Crystal Palace,draw_no_bet,home,FanDuel,-148
2026-09-02T19:03:49+00:00,8f68612bf47c3193e7fa2d8783e79373,2026-09-05,Fulham,Crystal Palace,draw_no_bet,home,Fanatics,-160
2026-09-02T19:03:49+00:00,8f68612bf47c3193e7fa2d8783e79373,2026-09-05,Fulham,Crystal Palace,draw_no_bet,home,MyBookie.ag,-149
2026-09-02T19:03:49+00:00,8f68612bf47c3193e7fa2d8783e79373,2026-09-05,Fulham,Crystal Palace,total_2_5,over,BetMGM,-120
2026-09-02T19:03:49+00:00,8f68612bf47c3193e7fa2d8783e79373,2026-09-05,Fulham,Crystal Palace,total_2_5,over,BetOnline.ag,-115
2026-09-02T19:03:49+00:00,8f68612bf47c3193e7fa2d8783e79373,2026-09-05,Fulham,Crystal Palace,total_2_5,over,BetRivers,-117
2026-09-02T19:03:49+00:00,8f68612bf47c3193e7fa2d8783e79373,2026-09-05,Fulham,Crystal Palace,total_2_5,over,BetUS,-115
2026-09-02T19:03:49+00:00,8f68612bf47c3193e7fa2d8783e79373,2026-09-05,Fulham,Crystal Palace,total_2_5,over,Bovada,-112
2026-09-02T19:03:49+00:00,8f68612bf47c3193e7fa2d8783e79373,2026-09-05,Fulham,Crystal Palace,total_2_5,over,Caesars,-117
2026-09-02T19:03:49+00:00,8f68612bf47c3193e7fa2d8783e79373,2026-09-05,Fulham,Crystal Palace,total_2_5,over,DraftKings,-115
2026-09-02T19:03:49+00:00,8f68612bf47c3193e7fa2d8783e79373,2026-09-05,Fulham,Crystal Palace,total_2_5,over,FanDuel,-115
2026-09-02T19:03:49+00:00,8f68612bf47c3193e7fa2d8783e79373,2026-09-05,Fulham,Crystal Palace,total_2_5,over,Fanatics,-120
2026-09-02T19:03:49+00:00,8f68612bf47c3193e7fa2d8783e79373,2026-09-05,Fulham,Crystal Palace,total_2_5,over,LowVig.ag,-115
2026-09-02T19:03:49+00:00,8f68612bf47c3193e7fa2d8783e79373,2026-09-05,Fulham,Crystal Palace,total_2_5,over,MyBookie.ag,-121
2026-09-02T19:03:49+00:00,8f68612bf47c3193e7fa2d8783e79373,2026-09-05,Fulham,Crystal Palace,total_2_5,under,BetMGM,-112
2026-09-02T19:03:49+00:00,8f68612bf47c3193e7fa2d8783e79373,2026-09-05,Fulham,Crystal Palace,total_2_5,under,BetOnline.ag,-105
2026-09-02T19:03:49+00:00,8f68612bf47c3193e7fa2d8783e79373,2026-09-05,Fulham,Crystal Palace,total_2_5,under,BetRivers,-109
2026-09-02T19:03:49+00:00,8f68612bf47c3193e7fa2d8783e79373,2026-09-05,Fulham,Crystal Palace,total_2_5,under,BetUS,-105
2026-09-02T19:03:49+00:00,8f68612bf47c3193e7fa2d8783e79373,2026-09-05,Fulham,Crystal Palace,total_2_5,under,Bovada,-108
2026-09-02T19:03:49+00:00,8f68612bf47c3193e7fa2d8783e79373,2026-09-05,Fulham,Crystal Palace,total_2_5,under,Caesars,-110
2026-09-02T19:03:49+00:00,8f68612bf47c3193e7fa2d8783e79373,2026-09-05,Fulham,Crystal Palace,total_2_5,under,DraftKings,-110
2026-09-02T19:03:49+00:00,8f68612bf47c3193e7fa2d8783e79373,2026-09-05,Fulham,Crystal Palace,total_2_5,under,FanDuel,-105
2026-09-02T19:03:49+00:00,8f68612bf47c3193e7fa2d8783e79373,2026-09-05,Fulham,Crystal Palace,total_2_5,under,Fanatics,-110
2026-09-02T19:03:49+00:00,8f68612bf47c3193e7fa2d8783e79373,2026-09-05,Fulham,Crystal Palace,total_2_5,under,LowVig.ag,-105
2026-09-02T19:03:49+00:00,8f68612bf47c3193e7fa2d8783e79373,2026-09-05,Fulham,Crystal Palace,total_2_5,under,MyBookie.ag,-114
2026-09-02T19:03:49+00:00,a6f2622727548c33369cc15c88b2aabd,2026-09-05,Nott'm Forest,Tottenham,1x2,away,BetMGM,165
2026-09-02T19:03:49+00:00,a6f2622727548c33369cc15c88b2aabd,2026-09-05,Nott'm Forest,Tottenham,1x2,away,BetOnline.ag,188
2026-09-02T19:03:49+00:00,a6f2622727548c33369cc15c88b2aabd,2026-09-05,Nott'm Forest,Tottenham,1x2,away,BetRivers,175
2026-09-02T19:03:49+00:00,a6f2622727548c33369cc15c88b2aabd,2026-09-05,Nott'm Forest,Tottenham,1x2,away,BetUS,188
2026-09-02T19:03:49+00:00,a6f2622727548c33369cc15c88b2aabd,2026-09-05,Nott'm Forest,Tottenham,1x2,away,Bovada,185
2026-09-02T19:03:49+00:00,a6f2622727548c33369cc15c88b2aabd,2026-09-05,Nott'm Forest,Tottenham,1x2,away,Caesars,179
2026-09-02T19:03:49+00:00,a6f2622727548c33369cc15c88b2aabd,2026-09-05,Nott'm Forest,Tottenham,1x2,away,DraftKings,185
2026-09-02T19:03:49+00:00,a6f2622727548c33369cc15c88b2aabd,2026-09-05,Nott'm Forest,Tottenham,1x2,away,FanDuel,180
2026-09-02T19:03:49+00:00,a6f2622727548c33369cc15c88b2aabd,2026-09-05,Nott'm Forest,Tottenham,1x2,away,Fanatics,185
2026-09-02T19:03:49+00:00,a6f2622727548c33369cc15c88b2aabd,2026-09-05,Nott'm Forest,Tottenham,1x2,away,LowVig.ag,188
2026-09-02T19:03:49+00:00,a6f2622727548c33369cc15c88b2aabd,2026-09-05,Nott'm Forest,Tottenham,1x2,away,MyBookie.ag,177
2026-09-02T19:03:49+00:00,a6f2622727548c33369cc15c88b2aabd,2026-09-05,Nott'm Forest,Tottenham,1x2,draw,BetMGM,220
2026-09-02T19:03:49+00:00,a6f2622727548c33369cc15c88b2aabd,2026-09-05,Nott'm Forest,Tottenham,1x2,draw,BetOnline.ag,251
2026-09-02T19:03:49+00:00,a6f2622727548c33369cc15c88b2aabd,2026-09-05,Nott'm Forest,Tottenham,1x2,draw,BetRivers,235
2026-09-02T19:03:49+00:00,a6f2622727548c33369cc15c88b2aabd,2026-09-05,Nott'm Forest,Tottenham,1x2,draw,BetUS,251
2026-09-02T19:03:49+00:00,a6f2622727548c33369cc15c88b2aabd,2026-09-05,Nott'm Forest,Tottenham,1x2,draw,Bovada,245
2026-09-02T19:03:49+00:00,a6f2622727548c33369cc15c88b2aabd,2026-09-05,Nott'm Forest,Tottenham,1x2,draw,Caesars,235
2026-09-02T19:03:49+00:00,a6f2622727548c33369cc15c88b2aabd,2026-09-05,Nott'm Forest,Tottenham,1x2,draw,DraftKings,245
2026-09-02T19:03:49+00:00,a6f2622727548c33369cc15c88b2aabd,2026-09-05,Nott'm Forest,Tottenham,1x2,draw,FanDuel,230
2026-09-02T19:03:49+00:00,a6f2622727548c33369cc15c88b2aabd,2026-09-05,Nott'm Forest,Tottenham,1x2,draw,Fanatics,240
2026-09-02T19:03:49+00:00,a6f2622727548c33369cc15c88b2aabd,2026-09-05,Nott'm Forest,Tottenham,1x2,draw,LowVig.ag,251
2026-09-02T19:03:49+00:00,a6f2622727548c33369cc15c88b2aabd,2026-09-05,Nott'm Forest,Tottenham,1x2,draw,MyBookie.ag,234
2026-09-02T19:03:49+00:00,a6f2622727548c33369cc15c88b2aabd,2026-09-05,Nott'm Forest,Tottenham,1x2,home,BetMGM,135
2026-09-02T19:03:49+00:00,a6f2622727548c33369cc15c88b2aabd,2026-09-05,Nott'm Forest,Tottenham,1x2,home,BetOnline.ag,148
2026-09-02T19:03:49+00:00,a6f2622727548c33369cc15c88b2aabd,2026-09-05,Nott'm Forest,Tottenham,1x2,home,BetRivers,155
2026-09-02T19:03:49+00:00,a6f2622727548c33369cc15c88b2aabd,2026-09-05,Nott'm Forest,Tottenham,1x2,home,BetUS,148
2026-09-02T19:03:49+00:00,a6f2622727548c33369cc15c88b2aabd,2026-09-05,Nott'm Forest,Tottenham,1x2,home,Bovada,145
2026-09-02T19:03:49+00:00,a6f2622727548c33369cc15c88b2aabd,2026-09-05,Nott'm Forest,Tottenham,1x2,home,Caesars,147
2026-09-02T19:03:49+00:00,a6f2622727548c33369cc15c88b2aabd,2026-09-05,Nott'm Forest,Tottenham,1x2,home,DraftKings,145
2026-09-02T19:03:49+00:00,a6f2622727548c33369cc15c88b2aabd,2026-09-05,Nott'm Forest,Tottenham,1x2,home,FanDuel,145
2026-09-02T19:03:49+00:00,a6f2622727548c33369cc15c88b2aabd,2026-09-05,Nott'm Forest,Tottenham,1x2,home,Fanatics,140
2026-09-02T19:03:49+00:00,a6f2622727548c33369cc15c88b2aabd,2026-09-05,Nott'm Forest,Tottenham,1x2,home,LowVig.ag,148
2026-09-02T19:03:49+00:00,a6f2622727548c33369cc15c88b2aabd,2026-09-05,Nott'm Forest,Tottenham,1x2,home,MyBookie.ag,139
2026-09-02T19:03:49+00:00,a6f2622727548c33369cc15c88b2aabd,2026-09-05,Nott'm Forest,Tottenham,btts,no,BetMGM,100
2026-09-02T19:03:49+00:00,a6f2622727548c33369cc15c88b2aabd,2026-09-05,Nott'm Forest,Tottenham,btts,no,BetOnline.ag,101
2026-09-02T19:03:49+00:00,a6f2622727548c33369cc15c88b2aabd,2026-09-05,Nott'm Forest,Tottenham,btts,no,BetRivers,102
2026-09-02T19:03:49+00:00,a6f2622727548c33369cc15c88b2aabd,2026-09-05,Nott'm Forest,Tottenham,btts,no,Bovada,108
2026-09-02T19:03:49+00:00,a6f2622727548c33369cc15c88b2aabd,2026-09-05,Nott'm Forest,Tottenham,btts,no,Caesars,101
2026-09-02T19:03:49+00:00,a6f2622727548c33369cc15c88b2aabd,2026-09-05,Nott'm Forest,Tottenham,btts,no,DraftKings,115
2026-09-02T19:03:49+00:00,a6f2622727548c33369cc15c88b2aabd,2026-09-05,Nott'm Forest,Tottenham,btts,no,FanDuel,108
2026-09-02T19:03:49+00:00,a6f2622727548c33369cc15c88b2aabd,2026-09-05,Nott'm Forest,Tottenham,btts,no,Fanatics,110
2026-09-02T19:03:49+00:00,a6f2622727548c33369cc15c88b2aabd,2026-09-05,Nott'm Forest,Tottenham,btts,no,MyBookie.ag,103
2026-09-02T19:03:49+00:00,a6f2622727548c33369cc15c88b2aabd,2026-09-05,Nott'm Forest,Tottenham,btts,yes,BetMGM,-145
2026-09-02T19:03:49+00:00,a6f2622727548c33369cc15c88b2aabd,2026-09-05,Nott'm Forest,Tottenham,btts,yes,BetOnline.ag,-132
2026-09-02T19:03:49+00:00,a6f2622727548c33369cc15c88b2aabd,2026-09-05,Nott'm Forest,Tottenham,btts,yes,BetRivers,-137
2026-09-02T19:03:49+00:00,a6f2622727548c33369cc15c88b2aabd,2026-09-05,Nott'm Forest,Tottenham,btts,yes,Bovada,-140
2026-09-02T19:03:49+00:00,a6f2622727548c33369cc15c88b2aabd,2026-09-05,Nott'm Forest,Tottenham,btts,yes,Caesars,-129
2026-09-02T19:03:49+00:00,a6f2622727548c33369cc15c88b2aabd,2026-09-05,Nott'm Forest,Tottenham,btts,yes,DraftKings,-145
2026-09-02T19:03:49+00:00,a6f2622727548c33369cc15c88b2aabd,2026-09-05,Nott'm Forest,Tottenham,btts,yes,FanDuel,-136
2026-09-02T19:03:49+00:00,a6f2622727548c33369cc15c88b2aabd,2026-09-05,Nott'm Forest,Tottenham,btts,yes,Fanatics,-145
2026-09-02T19:03:49+00:00,a6f2622727548c33369cc15c88b2aabd,2026-09-05,Nott'm Forest,Tottenham,btts,yes,MyBookie.ag,-142
2026-09-02T19:03:49+00:00,a6f2622727548c33369cc15c88b2aabd,2026-09-05,Nott'm Forest,Tottenham,corners_1x2,away,BetMGM,110
2026-09-02T19:03:49+00:00,a6f2622727548c33369cc15c88b2aabd,2026-09-05,Nott'm Forest,Tottenham,corners_1x2,away,BetRivers,-110
2026-09-02T19:03:49+00:00,a6f2622727548c33369cc15c88b2aabd,2026-09-05,Nott'm Forest,Tottenham,corners_1x2,away,Bovada,110
2026-09-02T19:03:49+00:00,a6f2622727548c33369cc15c88b2aabd,2026-09-05,Nott'm Forest,Tottenham,corners_1x2,away,DraftKings,110
2026-09-02T19:03:49+00:00,a6f2622727548c33369cc15c88b2aabd,2026-09-05,Nott'm Forest,Tottenham,corners_1x2,draw,BetMGM,675
2026-09-02T19:03:49+00:00,a6f2622727548c33369cc15c88b2aabd,2026-09-05,Nott'm Forest,Tottenham,corners_1x2,draw,BetRivers,650
2026-09-02T19:03:49+00:00,a6f2622727548c33369cc15c88b2aabd,2026-09-05,Nott'm Forest,Tottenham,corners_1x2,draw,Bovada,675
2026-09-02T19:03:49+00:00,a6f2622727548c33369cc15c88b2aabd,2026-09-05,Nott'm Forest,Tottenham,corners_1x2,draw,DraftKings,600
2026-09-02T19:03:49+00:00,a6f2622727548c33369cc15c88b2aabd,2026-09-05,Nott'm Forest,Tottenham,corners_1x2,home,BetMGM,-105
2026-09-02T19:03:49+00:00,a6f2622727548c33369cc15c88b2aabd,2026-09-05,Nott'm Forest,Tottenham,corners_1x2,home,BetRivers,110
2026-09-02T19:03:49+00:00,a6f2622727548c33369cc15c88b2aabd,2026-09-05,Nott'm Forest,Tottenham,corners_1x2,home,Bovada,-106
2026-09-02T19:03:49+00:00,a6f2622727548c33369cc15c88b2aabd,2026-09-05,Nott'm Forest,Tottenham,corners_1x2,home,DraftKings,105
2026-09-02T19:03:49+00:00,a6f2622727548c33369cc15c88b2aabd,2026-09-05,Nott'm Forest,Tottenham,corners_total_10_5,over,BetMGM,100
2026-09-02T19:03:49+00:00,a6f2622727548c33369cc15c88b2aabd,2026-09-05,Nott'm Forest,Tottenham,corners_total_10_5,over,BetRivers,-104
2026-09-02T19:03:49+00:00,a6f2622727548c33369cc15c88b2aabd,2026-09-05,Nott'm Forest,Tottenham,corners_total_10_5,over,Bovada,105
2026-09-02T19:03:49+00:00,a6f2622727548c33369cc15c88b2aabd,2026-09-05,Nott'm Forest,Tottenham,corners_total_10_5,over,Caesars,105
2026-09-02T19:03:49+00:00,a6f2622727548c33369cc15c88b2aabd,2026-09-05,Nott'm Forest,Tottenham,corners_total_10_5,over,DraftKings,100
2026-09-02T19:03:49+00:00,a6f2622727548c33369cc15c88b2aabd,2026-09-05,Nott'm Forest,Tottenham,corners_total_10_5,over,MyBookie.ag,100
2026-09-02T19:03:49+00:00,a6f2622727548c33369cc15c88b2aabd,2026-09-05,Nott'm Forest,Tottenham,corners_total_10_5,under,BetMGM,-145
2026-09-02T19:03:49+00:00,a6f2622727548c33369cc15c88b2aabd,2026-09-05,Nott'm Forest,Tottenham,corners_total_10_5,under,BetRivers,-141
2026-09-02T19:03:49+00:00,a6f2622727548c33369cc15c88b2aabd,2026-09-05,Nott'm Forest,Tottenham,corners_total_10_5,under,Bovada,-135
2026-09-02T19:03:49+00:00,a6f2622727548c33369cc15c88b2aabd,2026-09-05,Nott'm Forest,Tottenham,corners_total_10_5,under,Caesars,-134
2026-09-02T19:03:49+00:00,a6f2622727548c33369cc15c88b2aabd,2026-09-05,Nott'm Forest,Tottenham,corners_total_10_5,under,DraftKings,-140
2026-09-02T19:03:49+00:00,a6f2622727548c33369cc15c88b2aabd,2026-09-05,Nott'm Forest,Tottenham,corners_total_10_5,under,MyBookie.ag,-138
2026-09-02T19:03:49+00:00,a6f2622727548c33369cc15c88b2aabd,2026-09-05,Nott'm Forest,Tottenham,corners_total_9_5,over,BetMGM,-160
2026-09-02T19:03:49+00:00,a6f2622727548c33369cc15c88b2aabd,2026-09-05,Nott'm Forest,Tottenham,corners_total_9_5,over,BetRivers,-167
2026-09-02T19:03:49+00:00,a6f2622727548c33369cc15c88b2aabd,2026-09-05,Nott'm Forest,Tottenham,corners_total_9_5,over,Bovada,-155
2026-09-02T19:03:49+00:00,a6f2622727548c33369cc15c88b2aabd,2026-09-05,Nott'm Forest,Tottenham,corners_total_9_5,over,DraftKings,-155
2026-09-02T19:03:49+00:00,a6f2622727548c33369cc15c88b2aabd,2026-09-05,Nott'm Forest,Tottenham,corners_total_9_5,under,BetMGM,110
2026-09-02T19:03:49+00:00,a6f2622727548c33369cc15c88b2aabd,2026-09-05,Nott'm Forest,Tottenham,corners_total_9_5,under,BetRivers,114
2026-09-02T19:03:49+00:00,a6f2622727548c33369cc15c88b2aabd,2026-09-05,Nott'm Forest,Tottenham,corners_total_9_5,under,Bovada,118
2026-09-02T19:03:49+00:00,a6f2622727548c33369cc15c88b2aabd,2026-09-05,Nott'm Forest,Tottenham,corners_total_9_5,under,DraftKings,115
2026-09-02T19:03:49+00:00,a6f2622727548c33369cc15c88b2aabd,2026-09-05,Nott'm Forest,Tottenham,double_chance,draw_or_away,BetOnline.ag,-172
2026-09-02T19:03:49+00:00,a6f2622727548c33369cc15c88b2aabd,2026-09-05,Nott'm Forest,Tottenham,double_chance,draw_or_away,BetRivers,-200
2026-09-02T19:03:49+00:00,a6f2622727548c33369cc15c88b2aabd,2026-09-05,Nott'm Forest,Tottenham,double_chance,draw_or_away,Bovada,-190
2026-09-02T19:03:49+00:00,a6f2622727548c33369cc15c88b2aabd,2026-09-05,Nott'm Forest,Tottenham,double_chance,draw_or_away,DraftKings,-185
2026-09-02T19:03:49+00:00,a6f2622727548c33369cc15c88b2aabd,2026-09-05,Nott'm Forest,Tottenham,double_chance,draw_or_away,FanDuel,-190
2026-09-02T19:03:49+00:00,a6f2622727548c33369cc15c88b2aabd,2026-09-05,Nott'm Forest,Tottenham,double_chance,draw_or_away,Fanatics,-175
2026-09-02T19:03:49+00:00,a6f2622727548c33369cc15c88b2aabd,2026-09-05,Nott'm Forest,Tottenham,double_chance,draw_or_away,MyBookie.ag,-236
2026-09-02T19:03:49+00:00,a6f2622727548c33369cc15c88b2aabd,2026-09-05,Nott'm Forest,Tottenham,double_chance,home_or_away,BetOnline.ag,-323
2026-09-02T19:03:49+00:00,a6f2622727548c33369cc15c88b2aabd,2026-09-05,Nott'm Forest,Tottenham,double_chance,home_or_away,BetRivers,-315
2026-09-02T19:03:49+00:00,a6f2622727548c33369cc15c88b2aabd,2026-09-05,Nott'm Forest,Tottenham,double_chance,home_or_away,Bovada,-315
2026-09-02T19:03:49+00:00,a6f2622727548c33369cc15c88b2aabd,2026-09-05,Nott'm Forest,Tottenham,double_chance,home_or_away,DraftKings,-320
2026-09-02T19:03:49+00:00,a6f2622727548c33369cc15c88b2aabd,2026-09-05,Nott'm Forest,Tottenham,double_chance,home_or_away,FanDuel,-320
2026-09-02T19:03:49+00:00,a6f2622727548c33369cc15c88b2aabd,2026-09-05,Nott'm Forest,Tottenham,double_chance,home_or_away,Fanatics,-325
2026-09-02T19:03:49+00:00,a6f2622727548c33369cc15c88b2aabd,2026-09-05,Nott'm Forest,Tottenham,double_chance,home_or_away,MyBookie.ag,-391
2026-09-02T19:03:49+00:00,a6f2622727548c33369cc15c88b2aabd,2026-09-05,Nott'm Forest,Tottenham,double_chance,home_or_draw,BetOnline.ag,-244
2026-09-02T19:03:49+00:00,a6f2622727548c33369cc15c88b2aabd,2026-09-05,Nott'm Forest,Tottenham,double_chance,home_or_draw,BetRivers,-235
2026-09-02T19:03:49+00:00,a6f2622727548c33369cc15c88b2aabd,2026-09-05,Nott'm Forest,Tottenham,double_chance,home_or_draw,Bovada,-245
2026-09-02T19:03:49+00:00,a6f2622727548c33369cc15c88b2aabd,2026-09-05,Nott'm Forest,Tottenham,double_chance,home_or_draw,DraftKings,-235
2026-09-02T19:03:49+00:00,a6f2622727548c33369cc15c88b2aabd,2026-09-05,Nott'm Forest,Tottenham,double_chance,home_or_draw,FanDuel,-250
2026-09-02T19:03:49+00:00,a6f2622727548c33369cc15c88b2aabd,2026-09-05,Nott'm Forest,Tottenham,double_chance,home_or_draw,Fanatics,-240
2026-09-02T19:03:49+00:00,a6f2622727548c33369cc15c88b2aabd,2026-09-05,Nott'm Forest,Tottenham,double_chance,home_or_draw,MyBookie.ag,-300
2026-09-02T19:03:49+00:00,a6f2622727548c33369cc15c88b2aabd,2026-09-05,Nott'm Forest,Tottenham,draw_no_bet,away,BetMGM,-102
2026-09-02T19:03:49+00:00,a6f2622727548c33369cc15c88b2aabd,2026-09-05,Nott'm Forest,Tottenham,draw_no_bet,away,BetOnline.ag,111
2026-09-02T19:03:49+00:00,a6f2622727548c33369cc15c88b2aabd,2026-09-05,Nott'm Forest,Tottenham,draw_no_bet,away,BetRivers,-110
2026-09-02T19:03:49+00:00,a6f2622727548c33369cc15c88b2aabd,2026-09-05,Nott'm Forest,Tottenham,draw_no_bet,away,Bovada,108
2026-09-02T19:03:49+00:00,a6f2622727548c33369cc15c88b2aabd,2026-09-05,Nott'm Forest,Tottenham,draw_no_bet,away,Caesars,-106
2026-09-02T19:03:49+00:00,a6f2622727548c33369cc15c88b2aabd,2026-09-05,Nott'm Forest,Tottenham,draw_no_bet,away,DraftKings,105
2026-09-02T19:03:49+00:00,a6f2622727548c33369cc15c88b2aabd,2026-09-05,Nott'm Forest,Tottenham,draw_no_bet,away,FanDuel,110
2026-09-02T19:03:49+00:00,a6f2622727548c33369cc15c88b2aabd,2026-09-05,Nott'm Forest,Tottenham,draw_no_bet,away,Fanatics,105
2026-09-02T19:03:49+00:00,a6f2622727548c33369cc15c88b2aabd,2026-09-05,Nott'm Forest,Tottenham,draw_no_bet,away,MyBookie.ag,104
2026-09-02T19:03:49+00:00,a6f2622727548c33369cc15c88b2aabd,2026-09-05,Nott'm Forest,Tottenham,draw_no_bet,home,BetMGM,-135
2026-09-02T19:03:49+00:00,a6f2622727548c33369cc15c88b2aabd,2026-09-05,Nott'm Forest,Tottenham,draw_no_bet,home,BetOnline.ag,-135
2026-09-02T19:03:49+00:00,a6f2622727548c33369cc15c88b2aabd,2026-09-05,Nott'm Forest,Tottenham,draw_no_bet,home,BetRivers,-130
2026-09-02T19:03:49+00:00,a6f2622727548c33369cc15c88b2aabd,2026-09-05,Nott'm Forest,Tottenham,draw_no_bet,home,Bovada,-128
2026-09-02T19:03:49+00:00,a6f2622727548c33369cc15c88b2aabd,2026-09-05,Nott'm Forest,Tottenham,draw_no_bet,home,Caesars,-121
2026-09-02T19:03:49+00:00,a6f2622727548c33369cc15c88b2aabd,2026-09-05,Nott'm Forest,Tottenham,draw_no_bet,home,DraftKings,-135
2026-09-02T19:03:49+00:00,a6f2622727548c33369cc15c88b2aabd,2026-09-05,Nott'm Forest,Tottenham,draw_no_bet,home,FanDuel,-128
2026-09-02T19:03:49+00:00,a6f2622727548c33369cc15c88b2aabd,2026-09-05,Nott'm Forest,Tottenham,draw_no_bet,home,Fanatics,-140
2026-09-02T19:03:49+00:00,a6f2622727548c33369cc15c88b2aabd,2026-09-05,Nott'm Forest,Tottenham,draw_no_bet,home,MyBookie.ag,-132
2026-09-02T19:03:49+00:00,a6f2622727548c33369cc15c88b2aabd,2026-09-05,Nott'm Forest,Tottenham,total_2_5,over,BetMGM,-112
2026-09-02T19:03:49+00:00,a6f2622727548c33369cc15c88b2aabd,2026-09-05,Nott'm Forest,Tottenham,total_2_5,over,BetOnline.ag,-111
2026-09-02T19:03:49+00:00,a6f2622727548c33369cc15c88b2aabd,2026-09-05,Nott'm Forest,Tottenham,total_2_5,over,BetRivers,-103
2026-09-02T19:03:49+00:00,a6f2622727548c33369cc15c88b2aabd,2026-09-05,Nott'm Forest,Tottenham,total_2_5,over,BetUS,-110
2026-09-02T19:03:49+00:00,a6f2622727548c33369cc15c88b2aabd,2026-09-05,Nott'm Forest,Tottenham,total_2_5,over,Bovada,-110
2026-09-02T19:03:49+00:00,a6f2622727548c33369cc15c88b2aabd,2026-09-05,Nott'm Forest,Tottenham,total_2_5,over,Caesars,-108
2026-09-02T19:03:49+00:00,a6f2622727548c33369cc15c88b2aabd,2026-09-05,Nott'm Forest,Tottenham,total_2_5,over,DraftKings,-110
2026-09-02T19:03:49+00:00,a6f2622727548c33369cc15c88b2aabd,2026-09-05,Nott'm Forest,Tottenham,total_2_5,over,FanDuel,-102
2026-09-02T19:03:49+00:00,a6f2622727548c33369cc15c88b2aabd,2026-09-05,Nott'm Forest,Tottenham,total_2_5,over,Fanatics,-115
2026-09-02T19:03:49+00:00,a6f2622727548c33369cc15c88b2aabd,2026-09-05,Nott'm Forest,Tottenham,total_2_5,over,LowVig.ag,-111
2026-09-02T19:03:49+00:00,a6f2622727548c33369cc15c88b2aabd,2026-09-05,Nott'm Forest,Tottenham,total_2_5,over,MyBookie.ag,-115
2026-09-02T19:03:49+00:00,a6f2622727548c33369cc15c88b2aabd,2026-09-05,Nott'm Forest,Tottenham,total_2_5,under,BetMGM,-120
2026-09-02T19:03:49+00:00,a6f2622727548c33369cc15c88b2aabd,2026-09-05,Nott'm Forest,Tottenham,total_2_5,under,BetOnline.ag,-109
2026-09-02T19:03:49+00:00,a6f2622727548c33369cc15c88b2aabd,2026-09-05,Nott'm Forest,Tottenham,total_2_5,under,BetRivers,-124
2026-09-02T19:03:49+00:00,a6f2622727548c33369cc15c88b2aabd,2026-09-05,Nott'm Forest,Tottenham,total_2_5,under,BetUS,-110
2026-09-02T19:03:49+00:00,a6f2622727548c33369cc15c88b2aabd,2026-09-05,Nott'm Forest,Tottenham,total_2_5,under,Bovada,-110
2026-09-02T19:03:49+00:00,a6f2622727548c33369cc15c88b2aabd,2026-09-05,Nott'm Forest,Tottenham,total_2_5,under,Caesars,-118
2026-09-02T19:03:49+00:00,a6f2622727548c33369cc15c88b2aabd,2026-09-05,Nott'm Forest,Tottenham,total_2_5,under,DraftKings,-110
2026-09-02T19:03:49+00:00,a6f2622727548c33369cc15c88b2aabd,2026-09-05,Nott'm Forest,Tottenham,total_2_5,under,FanDuel,-120
2026-09-02T19:03:49+00:00,a6f2622727548c33369cc15c88b2aabd,2026-09-05,Nott'm Forest,Tottenham,total_2_5,under,Fanatics,-115
2026-09-02T19:03:49+00:00,a6f2622727548c33369cc15c88b2aabd,2026-09-05,Nott'm Forest,Tottenham,total_2_5,under,LowVig.ag,-109
2026-09-02T19:03:49+00:00,a6f2622727548c33369cc15c88b2aabd,2026-09-05,Nott'm Forest,Tottenham,total_2_5,under,MyBookie.ag,-120
2026-09-02T19:03:49+00:00,b7a2cad26d908a943a27340b4b607068,2026-09-14,Leeds,Newcastle,1x2,away,BetRivers,165
2026-09-02T19:03:49+00:00,b7a2cad26d908a943a27340b4b607068,2026-09-14,Leeds,Newcastle,1x2,away,Bovada,175
2026-09-02T19:03:49+00:00,b7a2cad26d908a943a27340b4b607068,2026-09-14,Leeds,Newcastle,1x2,away,DraftKings,170
2026-09-02T19:03:49+00:00,b7a2cad26d908a943a27340b4b607068,2026-09-14,Leeds,Newcastle,1x2,away,FanDuel,170
2026-09-02T19:03:49+00:00,b7a2cad26d908a943a27340b4b607068,2026-09-14,Leeds,Newcastle,1x2,away,Fanatics,165
2026-09-02T19:03:49+00:00,b7a2cad26d908a943a27340b4b607068,2026-09-14,Leeds,Newcastle,1x2,away,MyBookie.ag,168
2026-09-02T19:03:49+00:00,b7a2cad26d908a943a27340b4b607068,2026-09-14,Leeds,Newcastle,1x2,draw,BetRivers,250
2026-09-02T19:03:49+00:00,b7a2cad26d908a943a27340b4b607068,2026-09-14,Leeds,Newcastle,1x2,draw,Bovada,260
2026-09-02T19:03:49+00:00,b7a2cad26d908a943a27340b4b607068,2026-09-14,Leeds,Newcastle,1x2,draw,DraftKings,250
2026-09-02T19:03:49+00:00,b7a2cad26d908a943a27340b4b607068,2026-09-14,Leeds,Newcastle,1x2,draw,FanDuel,260
2026-09-02T19:03:49+00:00,b7a2cad26d908a943a27340b4b607068,2026-09-14,Leeds,Newcastle,1x2,draw,Fanatics,250
2026-09-02T19:03:49+00:00,b7a2cad26d908a943a27340b4b607068,2026-09-14,Leeds,Newcastle,1x2,draw,MyBookie.ag,236
2026-09-02T19:03:49+00:00,b7a2cad26d908a943a27340b4b607068,2026-09-14,Leeds,Newcastle,1x2,home,BetRivers,148
2026-09-02T19:03:49+00:00,b7a2cad26d908a943a27340b4b607068,2026-09-14,Leeds,Newcastle,1x2,home,Bovada,145
2026-09-02T19:03:49+00:00,b7a2cad26d908a943a27340b4b607068,2026-09-14,Leeds,Newcastle,1x2,home,DraftKings,145
2026-09-02T19:03:49+00:00,b7a2cad26d908a943a27340b4b607068,2026-09-14,Leeds,Newcastle,1x2,home,FanDuel,140
2026-09-02T19:03:49+00:00,b7a2cad26d908a943a27340b4b607068,2026-09-14,Leeds,Newcastle,1x2,home,Fanatics,150
2026-09-02T19:03:49+00:00,b7a2cad26d908a943a27340b4b607068,2026-09-14,Leeds,Newcastle,1x2,home,MyBookie.ag,145
2026-09-02T19:03:49+00:00,b7a2cad26d908a943a27340b4b607068,2026-09-14,Leeds,Newcastle,btts,no,BetRivers,128
2026-09-02T19:03:49+00:00,b7a2cad26d908a943a27340b4b607068,2026-09-14,Leeds,Newcastle,btts,no,Bovada,132
2026-09-02T19:03:49+00:00,b7a2cad26d908a943a27340b4b607068,2026-09-14,Leeds,Newcastle,btts,no,DraftKings,135
2026-09-02T19:03:49+00:00,b7a2cad26d908a943a27340b4b607068,2026-09-14,Leeds,Newcastle,btts,no,FanDuel,130
2026-09-02T19:03:49+00:00,b7a2cad26d908a943a27340b4b607068,2026-09-14,Leeds,Newcastle,btts,no,Fanatics,125
2026-09-02T19:03:49+00:00,b7a2cad26d908a943a27340b4b607068,2026-09-14,Leeds,Newcastle,btts,yes,BetRivers,-186
2026-09-02T19:03:49+00:00,b7a2cad26d908a943a27340b4b607068,2026-09-14,Leeds,Newcastle,btts,yes,Bovada,-175
2026-09-02T19:03:49+00:00,b7a2cad26d908a943a27340b4b607068,2026-09-14,Leeds,Newcastle,btts,yes,DraftKings,-185
2026-09-02T19:03:49+00:00,b7a2cad26d908a943a27340b4b607068,2026-09-14,Leeds,Newcastle,btts,yes,FanDuel,-166
2026-09-02T19:03:49+00:00,b7a2cad26d908a943a27340b4b607068,2026-09-14,Leeds,Newcastle,btts,yes,Fanatics,-165
2026-09-02T19:03:49+00:00,b7a2cad26d908a943a27340b4b607068,2026-09-14,Leeds,Newcastle,corners_1x2,away,BetRivers,-113
2026-09-02T19:03:49+00:00,b7a2cad26d908a943a27340b4b607068,2026-09-14,Leeds,Newcastle,corners_1x2,away,Fanatics,140
2026-09-02T19:03:49+00:00,b7a2cad26d908a943a27340b4b607068,2026-09-14,Leeds,Newcastle,corners_1x2,draw,BetRivers,650
2026-09-02T19:03:49+00:00,b7a2cad26d908a943a27340b4b607068,2026-09-14,Leeds,Newcastle,corners_1x2,draw,Fanatics,650
2026-09-02T19:03:49+00:00,b7a2cad26d908a943a27340b4b607068,2026-09-14,Leeds,Newcastle,corners_1x2,home,BetRivers,110
2026-09-02T19:03:49+00:00,b7a2cad26d908a943a27340b4b607068,2026-09-14,Leeds,Newcastle,corners_1x2,home,Fanatics,-130
2026-09-02T19:03:49+00:00,b7a2cad26d908a943a27340b4b607068,2026-09-14,Leeds,Newcastle,corners_total_10_5,over,BetRivers,-109
2026-09-02T19:03:49+00:00,b7a2cad26d908a943a27340b4b607068,2026-09-14,Leeds,Newcastle,corners_total_10_5,under,BetRivers,-134
2026-09-02T19:03:49+00:00,b7a2cad26d908a943a27340b4b607068,2026-09-14,Leeds,Newcastle,corners_total_9_5,over,BetRivers,-175
2026-09-02T19:03:49+00:00,b7a2cad26d908a943a27340b4b607068,2026-09-14,Leeds,Newcastle,corners_total_9_5,over,Fanatics,-160
2026-09-02T19:03:49+00:00,b7a2cad26d908a943a27340b4b607068,2026-09-14,Leeds,Newcastle,corners_total_9_5,under,BetRivers,118
2026-09-02T19:03:49+00:00,b7a2cad26d908a943a27340b4b607068,2026-09-14,Leeds,Newcastle,corners_total_9_5,under,Fanatics,115
2026-09-02T19:03:49+00:00,b7a2cad26d908a943a27340b4b607068,2026-09-14,Leeds,Newcastle,double_chance,draw_or_away,BetRivers,-215
2026-09-02T19:03:49+00:00,b7a2cad26d908a943a27340b4b607068,2026-09-14,Leeds,Newcastle,double_chance,draw_or_away,Bovada,-193
2026-09-02T19:03:49+00:00,b7a2cad26d908a943a27340b4b607068,2026-09-14,Leeds,Newcastle,double_chance,draw_or_away,DraftKings,-205
2026-09-02T19:03:49+00:00,b7a2cad26d908a943a27340b4b607068,2026-09-14,Leeds,Newcastle,double_chance,draw_or_away,FanDuel,-190
2026-09-02T19:03:49+00:00,b7a2cad26d908a943a27340b4b607068,2026-09-14,Leeds,Newcastle,double_chance,draw_or_away,Fanatics,-190
2026-09-02T19:03:49+00:00,b7a2cad26d908a943a27340b4b607068,2026-09-14,Leeds,Newcastle,double_chance,home_or_away,BetRivers,-400
2026-09-02T19:03:49+00:00,b7a2cad26d908a943a27340b4b607068,2026-09-14,Leeds,Newcastle,double_chance,home_or_away,Bovada,-335
2026-09-02T19:03:49+00:00,b7a2cad26d908a943a27340b4b607068,2026-09-14,Leeds,Newcastle,double_chance,home_or_away,DraftKings,-360
2026-09-02T19:03:49+00:00,b7a2cad26d908a943a27340b4b607068,2026-09-14,Leeds,Newcastle,double_chance,home_or_away,FanDuel,-360
2026-09-02T19:03:49+00:00,b7a2cad26d908a943a27340b4b607068,2026-09-14,Leeds,Newcastle,double_chance,home_or_away,Fanatics,-325
2026-09-02T19:03:49+00:00,b7a2cad26d908a943a27340b4b607068,2026-09-14,Leeds,Newcastle,double_chance,home_or_draw,BetRivers,-245
2026-09-02T19:03:49+00:00,b7a2cad26d908a943a27340b4b607068,2026-09-14,Leeds,Newcastle,double_chance,home_or_draw,Bovada,-225
2026-09-02T19:03:49+00:00,b7a2cad26d908a943a27340b4b607068,2026-09-14,Leeds,Newcastle,double_chance,home_or_draw,DraftKings,-235
2026-09-02T19:03:49+00:00,b7a2cad26d908a943a27340b4b607068,2026-09-14,Leeds,Newcastle,double_chance,home_or_draw,FanDuel,-230
2026-09-02T19:03:49+00:00,b7a2cad26d908a943a27340b4b607068,2026-09-14,Leeds,Newcastle,double_chance,home_or_draw,Fanatics,-210
2026-09-02T19:03:49+00:00,b7a2cad26d908a943a27340b4b607068,2026-09-14,Leeds,Newcastle,draw_no_bet,away,BetRivers,-113
2026-09-02T19:03:49+00:00,b7a2cad26d908a943a27340b4b607068,2026-09-14,Leeds,Newcastle,draw_no_bet,away,Bovada,100
2026-09-02T19:03:49+00:00,b7a2cad26d908a943a27340b4b607068,2026-09-14,Leeds,Newcastle,draw_no_bet,away,DraftKings,-105
2026-09-02T19:03:49+00:00,b7a2cad26d908a943a27340b4b607068,2026-09-14,Leeds,Newcastle,draw_no_bet,away,FanDuel,102
2026-09-02T19:03:49+00:00,b7a2cad26d908a943a27340b4b607068,2026-09-14,Leeds,Newcastle,draw_no_bet,away,Fanatics,-110
2026-09-02T19:03:49+00:00,b7a2cad26d908a943a27340b4b607068,2026-09-14,Leeds,Newcastle,draw_no_bet,home,BetRivers,-129
2026-09-02T19:03:49+00:00,b7a2cad26d908a943a27340b4b607068,2026-09-14,Leeds,Newcastle,draw_no_bet,home,Bovada,-120
2026-09-02T19:03:49+00:00,b7a2cad26d908a943a27340b4b607068,2026-09-14,Leeds,Newcastle,draw_no_bet,home,DraftKings,-130
2026-09-02T19:03:49+00:00,b7a2cad26d908a943a27340b4b607068,2026-09-14,Leeds,Newcastle,draw_no_bet,home,FanDuel,-120
2026-09-02T19:03:49+00:00,b7a2cad26d908a943a27340b4b607068,2026-09-14,Leeds,Newcastle,draw_no_bet,home,Fanatics,-120
2026-09-02T19:03:49+00:00,b7a2cad26d908a943a27340b4b607068,2026-09-14,Leeds,Newcastle,total_2_5,over,BetRivers,-141
2026-09-02T19:03:49+00:00,b7a2cad26d908a943a27340b4b607068,2026-09-14,Leeds,Newcastle,total_2_5,over,Bovada,-138
2026-09-02T19:03:49+00:00,b7a2cad26d908a943a27340b4b607068,2026-09-14,Leeds,Newcastle,total_2_5,over,DraftKings,-140
2026-09-02T19:03:49+00:00,b7a2cad26d908a943a27340b4b607068,2026-09-14,Leeds,Newcastle,total_2_5,over,FanDuel,-140
2026-09-02T19:03:49+00:00,b7a2cad26d908a943a27340b4b607068,2026-09-14,Leeds,Newcastle,total_2_5,over,Fanatics,-140
2026-09-02T19:03:49+00:00,b7a2cad26d908a943a27340b4b607068,2026-09-14,Leeds,Newcastle,total_2_5,over,MyBookie.ag,-139
2026-09-02T19:03:49+00:00,b7a2cad26d908a943a27340b4b607068,2026-09-14,Leeds,Newcastle,total_2_5,under,BetRivers,112
2026-09-02T19:03:49+00:00,b7a2cad26d908a943a27340b4b607068,2026-09-14,Leeds,Newcastle,total_2_5,under,Bovada,114
2026-09-02T19:03:49+00:00,b7a2cad26d908a943a27340b4b607068,2026-09-14,Leeds,Newcastle,total_2_5,under,DraftKings,105
2026-09-02T19:03:49+00:00,b7a2cad26d908a943a27340b4b607068,2026-09-14,Leeds,Newcastle,total_2_5,under,FanDuel,112
2026-09-02T19:03:49+00:00,b7a2cad26d908a943a27340b4b607068,2026-09-14,Leeds,Newcastle,total_2_5,under,Fanatics,105
2026-09-02T19:03:49+00:00,b7a2cad26d908a943a27340b4b607068,2026-09-14,Leeds,Newcastle,total_2_5,under,MyBookie.ag,101
2026-09-02T19:03:49+00:00,c97a93b915115f2b4659fb88262b71f8,2026-09-13,Coventry,Brighton,1x2,away,BetRivers,-124
2026-09-02T19:03:49+00:00,c97a93b915115f2b4659fb88262b71f8,2026-09-13,Coventry,Brighton,1x2,away,Bovada,-122
2026-09-02T19:03:49+00:00,c97a93b915115f2b4659fb88262b71f8,2026-09-13,Coventry,Brighton,1x2,away,DraftKings,-125
2026-09-02T19:03:49+00:00,c97a93b915115f2b4659fb88262b71f8,2026-09-13,Coventry,Brighton,1x2,away,FanDuel,-140
2026-09-02T19:03:49+00:00,c97a93b915115f2b4659fb88262b71f8,2026-09-13,Coventry,Brighton,1x2,away,Fanatics,-125
2026-09-02T19:03:49+00:00,c97a93b915115f2b4659fb88262b71f8,2026-09-13,Coventry,Brighton,1x2,away,MyBookie.ag,-135
2026-09-02T19:03:49+00:00,c97a93b915115f2b4659fb88262b71f8,2026-09-13,Coventry,Brighton,1x2,draw,BetRivers,275
2026-09-02T19:03:49+00:00,c97a93b915115f2b4659fb88262b71f8,2026-09-13,Coventry,Brighton,1x2,draw,Bovada,280
2026-09-02T19:03:49+00:00,c97a93b915115f2b4659fb88262b71f8,2026-09-13,Coventry,Brighton,1x2,draw,DraftKings,265
2026-09-02T19:03:49+00:00,c97a93b915115f2b4659fb88262b71f8,2026-09-13,Coventry,Brighton,1x2,draw,FanDuel,290
2026-09-02T19:03:49+00:00,c97a93b915115f2b4659fb88262b71f8,2026-09-13,Coventry,Brighton,1x2,draw,Fanatics,280
2026-09-02T19:03:49+00:00,c97a93b915115f2b4659fb88262b71f8,2026-09-13,Coventry,Brighton,1x2,draw,MyBookie.ag,270
2026-09-02T19:03:49+00:00,c97a93b915115f2b4659fb88262b71f8,2026-09-13,Coventry,Brighton,1x2,home,BetRivers,310
2026-09-02T19:03:49+00:00,c97a93b915115f2b4659fb88262b71f8,2026-09-13,Coventry,Brighton,1x2,home,Bovada,330
2026-09-02T19:03:49+00:00,c97a93b915115f2b4659fb88262b71f8,2026-09-13,Coventry,Brighton,1x2,home,DraftKings,320
2026-09-02T19:03:49+00:00,c97a93b915115f2b4659fb88262b71f8,2026-09-13,Coventry,Brighton,1x2,home,FanDuel,330
2026-09-02T19:03:49+00:00,c97a93b915115f2b4659fb88262b71f8,2026-09-13,Coventry,Brighton,1x2,home,Fanatics,350
2026-09-02T19:03:49+00:00,c97a93b915115f2b4659fb88262b71f8,2026-09-13,Coventry,Brighton,1x2,home,MyBookie.ag,330
2026-09-02T19:03:49+00:00,c97a93b915115f2b4659fb88262b71f8,2026-09-13,Coventry,Brighton,btts,no,BetRivers,110
2026-09-02T19:03:49+00:00,c97a93b915115f2b4659fb88262b71f8,2026-09-13,Coventry,Brighton,btts,no,Bovada,113
2026-09-02T19:03:49+00:00,c97a93b915115f2b4659fb88262b71f8,2026-09-13,Coventry,Brighton,btts,no,DraftKings,110
2026-09-02T19:03:49+00:00,c97a93b915115f2b4659fb88262b71f8,2026-09-13,Coventry,Brighton,btts,no,FanDuel,112
2026-09-02T19:03:49+00:00,c97a93b915115f2b4659fb88262b71f8,2026-09-13,Coventry,Brighton,btts,no,Fanatics,115
2026-09-02T19:03:49+00:00,c97a93b915115f2b4659fb88262b71f8,2026-09-13,Coventry,Brighton,btts,yes,BetRivers,-159
2026-09-02T19:03:49+00:00,c97a93b915115f2b4659fb88262b71f8,2026-09-13,Coventry,Brighton,btts,yes,Bovada,-148
2026-09-02T19:03:49+00:00,c97a93b915115f2b4659fb88262b71f8,2026-09-13,Coventry,Brighton,btts,yes,DraftKings,-155
2026-09-02T19:03:49+00:00,c97a93b915115f2b4659fb88262b71f8,2026-09-13,Coventry,Brighton,btts,yes,FanDuel,-142
2026-09-02T19:03:49+00:00,c97a93b915115f2b4659fb88262b71f8,2026-09-13,Coventry,Brighton,btts,yes,Fanatics,-150
2026-09-02T19:03:49+00:00,c97a93b915115f2b4659fb88262b71f8,2026-09-13,Coventry,Brighton,corners_1x2,away,BetRivers,-220
2026-09-02T19:03:49+00:00,c97a93b915115f2b4659fb88262b71f8,2026-09-13,Coventry,Brighton,corners_1x2,away,Fanatics,-140
2026-09-02T19:03:49+00:00,c97a93b915115f2b4659fb88262b71f8,2026-09-13,Coventry,Brighton,corners_1x2,draw,BetRivers,650
2026-09-02T19:03:49+00:00,c97a93b915115f2b4659fb88262b71f8,2026-09-13,Coventry,Brighton,corners_1x2,draw,Fanatics,600
2026-09-02T19:03:49+00:00,c97a93b915115f2b4659fb88262b71f8,2026-09-13,Coventry,Brighton,corners_1x2,home,BetRivers,210
2026-09-02T19:03:49+00:00,c97a93b915115f2b4659fb88262b71f8,2026-09-13,Coventry,Brighton,corners_1x2,home,Fanatics,155
2026-09-02T19:03:49+00:00,c97a93b915115f2b4659fb88262b71f8,2026-09-13,Coventry,Brighton,corners_total_10_5,over,BetRivers,130
2026-09-02T19:03:49+00:00,c97a93b915115f2b4659fb88262b71f8,2026-09-13,Coventry,Brighton,corners_total_10_5,under,BetRivers,-195
2026-09-02T19:03:49+00:00,c97a93b915115f2b4659fb88262b71f8,2026-09-13,Coventry,Brighton,corners_total_9_5,over,BetRivers,-121
2026-09-02T19:03:49+00:00,c97a93b915115f2b4659fb88262b71f8,2026-09-13,Coventry,Brighton,corners_total_9_5,over,Fanatics,-115
2026-09-02T19:03:49+00:00,c97a93b915115f2b4659fb88262b71f8,2026-09-13,Coventry,Brighton,corners_total_9_5,under,BetRivers,-121
2026-09-02T19:03:49+00:00,c97a93b915115f2b4659fb88262b71f8,2026-09-13,Coventry,Brighton,corners_total_9_5,under,Fanatics,-125
2026-09-02T19:03:49+00:00,c97a93b915115f2b4659fb88262b71f8,2026-09-13,Coventry,Brighton,double_chance,draw_or_away,BetRivers,-530
2026-09-02T19:03:49+00:00,c97a93b915115f2b4659fb88262b71f8,2026-09-13,Coventry,Brighton,double_chance,draw_or_away,Bovada,-480
2026-09-02T19:03:49+00:00,c97a93b915115f2b4659fb88262b71f8,2026-09-13,Coventry,Brighton,double_chance,draw_or_away,DraftKings,-500
2026-09-02T19:03:49+00:00,c97a93b915115f2b4659fb88262b71f8,2026-09-13,Coventry,Brighton,double_chance,draw_or_away,FanDuel,-450
2026-09-02T19:03:49+00:00,c97a93b915115f2b4659fb88262b71f8,2026-09-13,Coventry,Brighton,double_chance,draw_or_away,Fanatics,-450
2026-09-02T19:03:49+00:00,c97a93b915115f2b4659fb88262b71f8,2026-09-13,Coventry,Brighton,double_chance,home_or_away,BetRivers,-455
2026-09-02T19:03:49+00:00,c97a93b915115f2b4659fb88262b71f8,2026-09-13,Coventry,Brighton,double_chance,home_or_away,Bovada,-375
2026-09-02T19:03:49+00:00,c97a93b915115f2b4659fb88262b71f8,2026-09-13,Coventry,Brighton,double_chance,home_or_away,DraftKings,-390
2026-09-02T19:03:49+00:00,c97a93b915115f2b4659fb88262b71f8,2026-09-13,Coventry,Brighton,double_chance,home_or_away,FanDuel,-400
2026-09-02T19:03:49+00:00,c97a93b915115f2b4659fb88262b71f8,2026-09-13,Coventry,Brighton,double_chance,home_or_away,Fanatics,-350
2026-09-02T19:03:49+00:00,c97a93b915115f2b4659fb88262b71f8,2026-09-13,Coventry,Brighton,double_chance,home_or_draw,BetRivers,-112
2026-09-02T19:03:49+00:00,c97a93b915115f2b4659fb88262b71f8,2026-09-13,Coventry,Brighton,double_chance,home_or_draw,Bovada,-103
2026-09-02T19:03:49+00:00,c97a93b915115f2b4659fb88262b71f8,2026-09-13,Coventry,Brighton,double_chance,home_or_draw,DraftKings,-110
2026-09-02T19:03:49+00:00,c97a93b915115f2b4659fb88262b71f8,2026-09-13,Coventry,Brighton,double_chance,home_or_draw,FanDuel,-105
2026-09-02T19:03:49+00:00,c97a93b915115f2b4659fb88262b71f8,2026-09-13,Coventry,Brighton,double_chance,home_or_draw,Fanatics,105
2026-09-02T19:03:49+00:00,c97a93b915115f2b4659fb88262b71f8,2026-09-13,Coventry,Brighton,draw_no_bet,away,BetRivers,-295
2026-09-02T19:03:49+00:00,c97a93b915115f2b4659fb88262b71f8,2026-09-13,Coventry,Brighton,draw_no_bet,away,Bovada,-285
2026-09-02T19:03:49+00:00,c97a93b915115f2b4659fb88262b71f8,2026-09-13,Coventry,Brighton,draw_no_bet,away,DraftKings,-310
2026-09-02T19:03:49+00:00,c97a93b915115f2b4659fb88262b71f8,2026-09-13,Coventry,Brighton,draw_no_bet,away,FanDuel,-280
2026-09-02T19:03:49+00:00,c97a93b915115f2b4659fb88262b71f8,2026-09-13,Coventry,Brighton,draw_no_bet,away,Fanatics,-300
2026-09-02T19:03:49+00:00,c97a93b915115f2b4659fb88262b71f8,2026-09-13,Coventry,Brighton,draw_no_bet,home,BetRivers,190
2026-09-02T19:03:49+00:00,c97a93b915115f2b4659fb88262b71f8,2026-09-13,Coventry,Brighton,draw_no_bet,home,Bovada,225
2026-09-02T19:03:49+00:00,c97a93b915115f2b4659fb88262b71f8,2026-09-13,Coventry,Brighton,draw_no_bet,home,DraftKings,210
2026-09-02T19:03:49+00:00,c97a93b915115f2b4659fb88262b71f8,2026-09-13,Coventry,Brighton,draw_no_bet,home,FanDuel,230
2026-09-02T19:03:49+00:00,c97a93b915115f2b4659fb88262b71f8,2026-09-13,Coventry,Brighton,draw_no_bet,home,Fanatics,220
2026-09-02T19:03:49+00:00,c97a93b915115f2b4659fb88262b71f8,2026-09-13,Coventry,Brighton,total_2_5,over,BetRivers,-137
2026-09-02T19:03:49+00:00,c97a93b915115f2b4659fb88262b71f8,2026-09-13,Coventry,Brighton,total_2_5,over,Bovada,-130
2026-09-02T19:03:49+00:00,c97a93b915115f2b4659fb88262b71f8,2026-09-13,Coventry,Brighton,total_2_5,over,DraftKings,-135
2026-09-02T19:03:49+00:00,c97a93b915115f2b4659fb88262b71f8,2026-09-13,Coventry,Brighton,total_2_5,over,FanDuel,-140
2026-09-02T19:03:49+00:00,c97a93b915115f2b4659fb88262b71f8,2026-09-13,Coventry,Brighton,total_2_5,over,Fanatics,-140
2026-09-02T19:03:49+00:00,c97a93b915115f2b4659fb88262b71f8,2026-09-13,Coventry,Brighton,total_2_5,over,MyBookie.ag,-142
2026-09-02T19:03:49+00:00,c97a93b915115f2b4659fb88262b71f8,2026-09-13,Coventry,Brighton,total_2_5,under,BetRivers,108
2026-09-02T19:03:49+00:00,c97a93b915115f2b4659fb88262b71f8,2026-09-13,Coventry,Brighton,total_2_5,under,Bovada,110
2026-09-02T19:03:49+00:00,c97a93b915115f2b4659fb88262b71f8,2026-09-13,Coventry,Brighton,total_2_5,under,DraftKings,100
2026-09-02T19:03:49+00:00,c97a93b915115f2b4659fb88262b71f8,2026-09-13,Coventry,Brighton,total_2_5,under,FanDuel,112
2026-09-02T19:03:49+00:00,c97a93b915115f2b4659fb88262b71f8,2026-09-13,Coventry,Brighton,total_2_5,under,Fanatics,105
2026-09-02T19:03:49+00:00,c97a93b915115f2b4659fb88262b71f8,2026-09-13,Coventry,Brighton,total_2_5,under,MyBookie.ag,103
2026-09-02T19:03:49+00:00,cbbc88759fe3e2f1677a0c6ee40955af,2026-09-12,Tottenham,Everton,1x2,away,BetRivers,265
2026-09-02T19:03:49+00:00,cbbc88759fe3e2f1677a0c6ee40955af,2026-09-12,Tottenham,Everton,1x2,away,Bovada,265
2026-09-02T19:03:49+00:00,cbbc88759fe3e2f1677a0c6ee40955af,2026-09-12,Tottenham,Everton,1x2,away,DraftKings,260
2026-09-02T19:03:49+00:00,cbbc88759fe3e2f1677a0c6ee40955af,2026-09-12,Tottenham,Everton,1x2,away,FanDuel,260
2026-09-02T19:03:49+00:00,cbbc88759fe3e2f1677a0c6ee40955af,2026-09-12,Tottenham,Everton,1x2,away,Fanatics,260
2026-09-02T19:03:49+00:00,cbbc88759fe3e2f1677a0c6ee40955af,2026-09-12,Tottenham,Everton,1x2,away,MyBookie.ag,265
2026-09-02T19:03:49+00:00,cbbc88759fe3e2f1677a0c6ee40955af,2026-09-12,Tottenham,Everton,1x2,draw,BetRivers,245
2026-09-02T19:03:49+00:00,cbbc88759fe3e2f1677a0c6ee40955af,2026-09-12,Tottenham,Everton,1x2,draw,Bovada,255
2026-09-02T19:03:49+00:00,cbbc88759fe3e2f1677a0c6ee40955af,2026-09-12,Tottenham,Everton,1x2,draw,DraftKings,250
2026-09-02T19:03:49+00:00,cbbc88759fe3e2f1677a0c6ee40955af,2026-09-12,Tottenham,Everton,1x2,draw,FanDuel,250
2026-09-02T19:03:49+00:00,cbbc88759fe3e2f1677a0c6ee40955af,2026-09-12,Tottenham,Everton,1x2,draw,Fanatics,250
2026-09-02T19:03:49+00:00,cbbc88759fe3e2f1677a0c6ee40955af,2026-09-12,Tottenham,Everton,1x2,draw,MyBookie.ag,242
2026-09-02T19:03:49+00:00,cbbc88759fe3e2f1677a0c6ee40955af,2026-09-12,Tottenham,Everton,1x2,home,BetRivers,-103
2026-09-02T19:03:49+00:00,cbbc88759fe3e2f1677a0c6ee40955af,2026-09-12,Tottenham,Everton,1x2,home,Bovada,100
2026-09-02T19:03:49+00:00,cbbc88759fe3e2f1677a0c6ee40955af,2026-09-12,Tottenham,Everton,1x2,home,DraftKings,100
2026-09-02T19:03:49+00:00,cbbc88759fe3e2f1677a0c6ee40955af,2026-09-12,Tottenham,Everton,1x2,home,FanDuel,100
2026-09-02T19:03:49+00:00,cbbc88759fe3e2f1677a0c6ee40955af,2026-09-12,Tottenham,Everton,1x2,home,Fanatics,100
2026-09-02T19:03:49+00:00,cbbc88759fe3e2f1677a0c6ee40955af,2026-09-12,Tottenham,Everton,1x2,home,MyBookie.ag,-105
2026-09-02T19:03:49+00:00,cbbc88759fe3e2f1677a0c6ee40955af,2026-09-12,Tottenham,Everton,btts,no,BetRivers,-103
2026-09-02T19:03:49+00:00,cbbc88759fe3e2f1677a0c6ee40955af,2026-09-12,Tottenham,Everton,btts,no,Bovada,105
2026-09-02T19:03:49+00:00,cbbc88759fe3e2f1677a0c6ee40955af,2026-09-12,Tottenham,Everton,btts,no,DraftKings,105
2026-09-02T19:03:49+00:00,cbbc88759fe3e2f1677a0c6ee40955af,2026-09-12,Tottenham,Everton,btts,no,FanDuel,106
2026-09-02T19:03:49+00:00,cbbc88759fe3e2f1677a0c6ee40955af,2026-09-12,Tottenham,Everton,btts,no,Fanatics,-105
2026-09-02T19:03:49+00:00,cbbc88759fe3e2f1677a0c6ee40955af,2026-09-12,Tottenham,Everton,btts,yes,BetRivers,-143
2026-09-02T19:03:49+00:00,cbbc88759fe3e2f1677a0c6ee40955af,2026-09-12,Tottenham,Everton,btts,yes,Bovada,-135
2026-09-02T19:03:49+00:00,cbbc88759fe3e2f1677a0c6ee40955af,2026-09-12,Tottenham,Everton,btts,yes,DraftKings,-145
2026-09-02T19:03:49+00:00,cbbc88759fe3e2f1677a0c6ee40955af,2026-09-12,Tottenham,Everton,btts,yes,FanDuel,-134
2026-09-02T19:03:49+00:00,cbbc88759fe3e2f1677a0c6ee40955af,2026-09-12,Tottenham,Everton,btts,yes,Fanatics,-125
2026-09-02T19:03:49+00:00,cbbc88759fe3e2f1677a0c6ee40955af,2026-09-12,Tottenham,Everton,corners_1x2,away,BetRivers,205
2026-09-02T19:03:49+00:00,cbbc88759fe3e2f1677a0c6ee40955af,2026-09-12,Tottenham,Everton,corners_1x2,draw,BetRivers,700
2026-09-02T19:03:49+00:00,cbbc88759fe3e2f1677a0c6ee40955af,2026-09-12,Tottenham,Everton,corners_1x2,home,BetRivers,-215
2026-09-02T19:03:49+00:00,cbbc88759fe3e2f1677a0c6ee40955af,2026-09-12,Tottenham,Everton,corners_total_10_5,over,BetRivers,-107
2026-09-02T19:03:49+00:00,cbbc88759fe3e2f1677a0c6ee40955af,2026-09-12,Tottenham,Everton,corners_total_10_5,under,BetRivers,-136
2026-09-02T19:03:49+00:00,cbbc88759fe3e2f1677a0c6ee40955af,2026-09-12,Tottenham,Everton,corners_total_9_5,over,BetRivers,-175
2026-09-02T19:03:49+00:00,cbbc88759fe3e2f1677a0c6ee40955af,2026-09-12,Tottenham,Everton,corners_total_9_5,under,BetRivers,116
2026-09-02T19:03:49+00:00,cbbc88759fe3e2f1677a0c6ee40955af,2026-09-12,Tottenham,Everton,double_chance,draw_or_away,BetRivers,-137
2026-09-02T19:03:49+00:00,cbbc88759fe3e2f1677a0c6ee40955af,2026-09-12,Tottenham,Everton,double_chance,draw_or_away,Bovada,-130
2026-09-02T19:03:49+00:00,cbbc88759fe3e2f1677a0c6ee40955af,2026-09-12,Tottenham,Everton,double_chance,draw_or_away,DraftKings,-140
2026-09-02T19:03:49+00:00,cbbc88759fe3e2f1677a0c6ee40955af,2026-09-12,Tottenham,Everton,double_chance,draw_or_away,FanDuel,-135
2026-09-02T19:03:49+00:00,cbbc88759fe3e2f1677a0c6ee40955af,2026-09-12,Tottenham,Everton,double_chance,draw_or_away,Fanatics,-125
2026-09-02T19:03:49+00:00,cbbc88759fe3e2f1677a0c6ee40955af,2026-09-12,Tottenham,Everton,double_chance,home_or_away,BetRivers,-385
2026-09-02T19:03:49+00:00,cbbc88759fe3e2f1677a0c6ee40955af,2026-09-12,Tottenham,Everton,double_chance,home_or_away,Bovada,-335
2026-09-02T19:03:49+00:00,cbbc88759fe3e2f1677a0c6ee40955af,2026-09-12,Tottenham,Everton,double_chance,home_or_away,DraftKings,-360
2026-09-02T19:03:49+00:00,cbbc88759fe3e2f1677a0c6ee40955af,2026-09-12,Tottenham,Everton,double_chance,home_or_away,FanDuel,-350
2026-09-02T19:03:49+00:00,cbbc88759fe3e2f1677a0c6ee40955af,2026-09-12,Tottenham,Everton,double_chance,home_or_away,Fanatics,-325
2026-09-02T19:03:49+00:00,cbbc88759fe3e2f1677a0c6ee40955af,2026-09-12,Tottenham,Everton,double_chance,home_or_draw,BetRivers,-435
2026-09-02T19:03:49+00:00,cbbc88759fe3e2f1677a0c6ee40955af,2026-09-12,Tottenham,Everton,double_chance,home_or_draw,Bovada,-375
2026-09-02T19:03:49+00:00,cbbc88759fe3e2f1677a0c6ee40955af,2026-09-12,Tottenham,Everton,double_chance,home_or_draw,DraftKings,-380
2026-09-02T19:03:49+00:00,cbbc88759fe3e2f1677a0c6ee40955af,2026-09-12,Tottenham,Everton,double_chance,home_or_draw,FanDuel,-350
2026-09-02T19:03:49+00:00,cbbc88759fe3e2f1677a0c6ee40955af,2026-09-12,Tottenham,Everton,double_chance,home_or_draw,Fanatics,-350
2026-09-02T19:03:49+00:00,cbbc88759fe3e2f1677a0c6ee40955af,2026-09-12,Tottenham,Everton,draw_no_bet,away,BetRivers,155
2026-09-02T19:03:49+00:00,cbbc88759fe3e2f1677a0c6ee40955af,2026-09-12,Tottenham,Everton,draw_no_bet,away,Bovada,169
2026-09-02T19:03:49+00:00,cbbc88759fe3e2f1677a0c6ee40955af,2026-09-12,Tottenham,Everton,draw_no_bet,away,DraftKings,160
2026-09-02T19:03:49+00:00,cbbc88759fe3e2f1677a0c6ee40955af,2026-09-12,Tottenham,Everton,draw_no_bet,away,FanDuel,170
2026-09-02T19:03:49+00:00,cbbc88759fe3e2f1677a0c6ee40955af,2026-09-12,Tottenham,Everton,draw_no_bet,away,Fanatics,160
2026-09-02T19:03:49+00:00,cbbc88759fe3e2f1677a0c6ee40955af,2026-09-12,Tottenham,Everton,draw_no_bet,home,BetRivers,-235
2026-09-02T19:03:49+00:00,cbbc88759fe3e2f1677a0c6ee40955af,2026-09-12,Tottenham,Everton,draw_no_bet,home,Bovada,-210
2026-09-02T19:03:49+00:00,cbbc88759fe3e2f1677a0c6ee40955af,2026-09-12,Tottenham,Everton,draw_no_bet,home,DraftKings,-225
2026-09-02T19:03:49+00:00,cbbc88759fe3e2f1677a0c6ee40955af,2026-09-12,Tottenham,Everton,draw_no_bet,home,FanDuel,-200
2026-09-02T19:03:49+00:00,cbbc88759fe3e2f1677a0c6ee40955af,2026-09-12,Tottenham,Everton,draw_no_bet,home,Fanatics,-210
2026-09-02T19:03:49+00:00,cbbc88759fe3e2f1677a0c6ee40955af,2026-09-12,Tottenham,Everton,total_2_5,over,BetRivers,-113
2026-09-02T19:03:49+00:00,cbbc88759fe3e2f1677a0c6ee40955af,2026-09-12,Tottenham,Everton,total_2_5,over,Bovada,-110
2026-09-02T19:03:49+00:00,cbbc88759fe3e2f1677a0c6ee40955af,2026-09-12,Tottenham,Everton,total_2_5,over,DraftKings,-115
2026-09-02T19:03:49+00:00,cbbc88759fe3e2f1677a0c6ee40955af,2026-09-12,Tottenham,Everton,total_2_5,over,FanDuel,-110
2026-09-02T19:03:49+00:00,cbbc88759fe3e2f1677a0c6ee40955af,2026-09-12,Tottenham,Everton,total_2_5,over,Fanatics,-110
2026-09-02T19:03:49+00:00,cbbc88759fe3e2f1677a0c6ee40955af,2026-09-12,Tottenham,Everton,total_2_5,over,MyBookie.ag,-114
2026-09-02T19:03:49+00:00,cbbc88759fe3e2f1677a0c6ee40955af,2026-09-12,Tottenham,Everton,total_2_5,under,BetRivers,-113
2026-09-02T19:03:49+00:00,cbbc88759fe3e2f1677a0c6ee40955af,2026-09-12,Tottenham,Everton,total_2_5,under,Bovada,-110
2026-09-02T19:03:49+00:00,cbbc88759fe3e2f1677a0c6ee40955af,2026-09-12,Tottenham,Everton,total_2_5,under,DraftKings,-120
2026-09-02T19:03:49+00:00,cbbc88759fe3e2f1677a0c6ee40955af,2026-09-12,Tottenham,Everton,total_2_5,under,FanDuel,-110
2026-09-02T19:03:49+00:00,cbbc88759fe3e2f1677a0c6ee40955af,2026-09-12,Tottenham,Everton,total_2_5,under,Fanatics,-120
2026-09-02T19:03:49+00:00,cbbc88759fe3e2f1677a0c6ee40955af,2026-09-12,Tottenham,Everton,total_2_5,under,MyBookie.ag,-121
2026-09-02T19:03:49+00:00,d09677edcf1fb82ad75a8df58bb26eab,2026-09-12,Aston Villa,Nott'm Forest,1x2,away,BetRivers,265
2026-09-02T19:03:49+00:00,d09677edcf1fb82ad75a8df58bb26eab,2026-09-12,Aston Villa,Nott'm Forest,1x2,away,Bovada,275
2026-09-02T19:03:49+00:00,d09677edcf1fb82ad75a8df58bb26eab,2026-09-12,Aston Villa,Nott'm Forest,1x2,away,DraftKings,265
2026-09-02T19:03:49+00:00,d09677edcf1fb82ad75a8df58bb26eab,2026-09-12,Aston Villa,Nott'm Forest,1x2,away,FanDuel,280
2026-09-02T19:03:49+00:00,d09677edcf1fb82ad75a8df58bb26eab,2026-09-12,Aston Villa,Nott'm Forest,1x2,away,Fanatics,280
2026-09-02T19:03:49+00:00,d09677edcf1fb82ad75a8df58bb26eab,2026-09-12,Aston Villa,Nott'm Forest,1x2,away,MyBookie.ag,270
2026-09-02T19:03:49+00:00,d09677edcf1fb82ad75a8df58bb26eab,2026-09-12,Aston Villa,Nott'm Forest,1x2,draw,BetRivers,260
2026-09-02T19:03:49+00:00,d09677edcf1fb82ad75a8df58bb26eab,2026-09-12,Aston Villa,Nott'm Forest,1x2,draw,Bovada,265
2026-09-02T19:03:49+00:00,d09677edcf1fb82ad75a8df58bb26eab,2026-09-12,Aston Villa,Nott'm Forest,1x2,draw,DraftKings,260
2026-09-02T19:03:49+00:00,d09677edcf1fb82ad75a8df58bb26eab,2026-09-12,Aston Villa,Nott'm Forest,1x2,draw,FanDuel,260
2026-09-02T19:03:49+00:00,d09677edcf1fb82ad75a8df58bb26eab,2026-09-12,Aston Villa,Nott'm Forest,1x2,draw,Fanatics,260
2026-09-02T19:03:49+00:00,d09677edcf1fb82ad75a8df58bb26eab,2026-09-12,Aston Villa,Nott'm Forest,1x2,draw,MyBookie.ag,248
2026-09-02T19:03:49+00:00,d09677edcf1fb82ad75a8df58bb26eab,2026-09-12,Aston Villa,Nott'm Forest,1x2,home,BetRivers,-105
2026-09-02T19:03:49+00:00,d09677edcf1fb82ad75a8df58bb26eab,2026-09-12,Aston Villa,Nott'm Forest,1x2,home,Bovada,-105
2026-09-02T19:03:49+00:00,d09677edcf1fb82ad75a8df58bb26eab,2026-09-12,Aston Villa,Nott'm Forest,1x2,home,DraftKings,-105
2026-09-02T19:03:49+00:00,d09677edcf1fb82ad75a8df58bb26eab,2026-09-12,Aston Villa,Nott'm Forest,1x2,home,FanDuel,-120
2026-09-02T19:03:49+00:00,d09677edcf1fb82ad75a8df58bb26eab,2026-09-12,Aston Villa,Nott'm Forest,1x2,home,Fanatics,-105
2026-09-02T19:03:49+00:00,d09677edcf1fb82ad75a8df58bb26eab,2026-09-12,Aston Villa,Nott'm Forest,1x2,home,MyBookie.ag,-109
2026-09-02T19:03:49+00:00,d09677edcf1fb82ad75a8df58bb26eab,2026-09-12,Aston Villa,Nott'm Forest,btts,no,BetRivers,-103
2026-09-02T19:03:49+00:00,d09677edcf1fb82ad75a8df58bb26eab,2026-09-12,Aston Villa,Nott'm Forest,btts,no,Bovada,102
2026-09-02T19:03:49+00:00,d09677edcf1fb82ad75a8df58bb26eab,2026-09-12,Aston Villa,Nott'm Forest,btts,no,DraftKings,100
2026-09-02T19:03:49+00:00,d09677edcf1fb82ad75a8df58bb26eab,2026-09-12,Aston Villa,Nott'm Forest,btts,no,FanDuel,108
2026-09-02T19:03:49+00:00,d09677edcf1fb82ad75a8df58bb26eab,2026-09-12,Aston Villa,Nott'm Forest,btts,no,Fanatics,105
2026-09-02T19:03:49+00:00,d09677edcf1fb82ad75a8df58bb26eab,2026-09-12,Aston Villa,Nott'm Forest,btts,yes,BetRivers,-143
2026-09-02T19:03:49+00:00,d09677edcf1fb82ad75a8df58bb26eab,2026-09-12,Aston Villa,Nott'm Forest,btts,yes,Bovada,-132
2026-09-02T19:03:49+00:00,d09677edcf1fb82ad75a8df58bb26eab,2026-09-12,Aston Villa,Nott'm Forest,btts,yes,DraftKings,-140
2026-09-02T19:03:49+00:00,d09677edcf1fb82ad75a8df58bb26eab,2026-09-12,Aston Villa,Nott'm Forest,btts,yes,FanDuel,-136
2026-09-02T19:03:49+00:00,d09677edcf1fb82ad75a8df58bb26eab,2026-09-12,Aston Villa,Nott'm Forest,btts,yes,Fanatics,-140
2026-09-02T19:03:49+00:00,d09677edcf1fb82ad75a8df58bb26eab,2026-09-12,Aston Villa,Nott'm Forest,corners_1x2,away,BetRivers,240
2026-09-02T19:03:49+00:00,d09677edcf1fb82ad75a8df58bb26eab,2026-09-12,Aston Villa,Nott'm Forest,corners_1x2,draw,BetRivers,700
2026-09-02T19:03:49+00:00,d09677edcf1fb82ad75a8df58bb26eab,2026-09-12,Aston Villa,Nott'm Forest,corners_1x2,home,BetRivers,-265
2026-09-02T19:03:49+00:00,d09677edcf1fb82ad75a8df58bb26eab,2026-09-12,Aston Villa,Nott'm Forest,corners_total_10_5,over,BetRivers,-103
2026-09-02T19:03:49+00:00,d09677edcf1fb82ad75a8df58bb26eab,2026-09-12,Aston Villa,Nott'm Forest,corners_total_10_5,under,BetRivers,-141
2026-09-02T19:03:49+00:00,d09677edcf1fb82ad75a8df58bb26eab,2026-09-12,Aston Villa,Nott'm Forest,corners_total_9_5,over,BetRivers,-159
2026-09-02T19:03:49+00:00,d09677edcf1fb82ad75a8df58bb26eab,2026-09-12,Aston Villa,Nott'm Forest,corners_total_9_5,under,BetRivers,110
2026-09-02T19:03:49+00:00,d09677edcf1fb82ad75a8df58bb26eab,2026-09-12,Aston Villa,Nott'm Forest,double_chance,draw_or_away,BetRivers,-132
2026-09-02T19:03:49+00:00,d09677edcf1fb82ad75a8df58bb26eab,2026-09-12,Aston Villa,Nott'm Forest,double_chance,draw_or_away,Bovada,-124
2026-09-02T19:03:49+00:00,d09677edcf1fb82ad75a8df58bb26eab,2026-09-12,Aston Villa,Nott'm Forest,double_chance,draw_or_away,DraftKings,-135
2026-09-02T19:03:49+00:00,d09677edcf1fb82ad75a8df58bb26eab,2026-09-12,Aston Villa,Nott'm Forest,double_chance,draw_or_away,FanDuel,-120
2026-09-02T19:03:49+00:00,d09677edcf1fb82ad75a8df58bb26eab,2026-09-12,Aston Villa,Nott'm Forest,double_chance,draw_or_away,Fanatics,-115
2026-09-02T19:03:49+00:00,d09677edcf1fb82ad75a8df58bb26eab,2026-09-12,Aston Villa,Nott'm Forest,double_chance,home_or_away,BetRivers,-420
2026-09-02T19:03:49+00:00,d09677edcf1fb82ad75a8df58bb26eab,2026-09-12,Aston Villa,Nott'm Forest,double_chance,home_or_away,Bovada,-335
2026-09-02T19:03:49+00:00,d09677edcf1fb82ad75a8df58bb26eab,2026-09-12,Aston Villa,Nott'm Forest,double_chance,home_or_away,DraftKings,-380
2026-09-02T19:03:49+00:00,d09677edcf1fb82ad75a8df58bb26eab,2026-09-12,Aston Villa,Nott'm Forest,double_chance,home_or_away,FanDuel,-360
2026-09-02T19:03:49+00:00,d09677edcf1fb82ad75a8df58bb26eab,2026-09-12,Aston Villa,Nott'm Forest,double_chance,home_or_away,Fanatics,-350
2026-09-02T19:03:49+00:00,d09677edcf1fb82ad75a8df58bb26eab,2026-09-12,Aston Villa,Nott'm Forest,double_chance,home_or_draw,BetRivers,-420
2026-09-02T19:03:49+00:00,d09677edcf1fb82ad75a8df58bb26eab,2026-09-12,Aston Villa,Nott'm Forest,double_chance,home_or_draw,Bovada,-385
2026-09-02T19:03:49+00:00,d09677edcf1fb82ad75a8df58bb26eab,2026-09-12,Aston Villa,Nott'm Forest,double_chance,home_or_draw,DraftKings,-390
2026-09-02T19:03:49+00:00,d09677edcf1fb82ad75a8df58bb26eab,2026-09-12,Aston Villa,Nott'm Forest,double_chance,home_or_draw,FanDuel,-390
2026-09-02T19:03:49+00:00,d09677edcf1fb82ad75a8df58bb26eab,2026-09-12,Aston Villa,Nott'm Forest,double_chance,home_or_draw,Fanatics,-375
2026-09-02T19:03:49+00:00,d09677edcf1fb82ad75a8df58bb26eab,2026-09-12,Aston Villa,Nott'm Forest,draw_no_bet,away,BetRivers,155
2026-09-02T19:03:49+00:00,d09677edcf1fb82ad75a8df58bb26eab,2026-09-12,Aston Villa,Nott'm Forest,draw_no_bet,away,Bovada,180
2026-09-02T19:03:49+00:00,d09677edcf1fb82ad75a8df58bb26eab,2026-09-12,Aston Villa,Nott'm Forest,draw_no_bet,away,DraftKings,165
2026-09-02T19:03:49+00:00,d09677edcf1fb82ad75a8df58bb26eab,2026-09-12,Aston Villa,Nott'm Forest,draw_no_bet,away,FanDuel,194
2026-09-02T19:03:49+00:00,d09677edcf1fb82ad75a8df58bb26eab,2026-09-12,Aston Villa,Nott'm Forest,draw_no_bet,away,Fanatics,175
2026-09-02T19:03:49+00:00,d09677edcf1fb82ad75a8df58bb26eab,2026-09-12,Aston Villa,Nott'm Forest,draw_no_bet,home,BetRivers,-235
2026-09-02T19:03:49+00:00,d09677edcf1fb82ad75a8df58bb26eab,2026-09-12,Aston Villa,Nott'm Forest,draw_no_bet,home,Bovada,-222
2026-09-02T19:03:49+00:00,d09677edcf1fb82ad75a8df58bb26eab,2026-09-12,Aston Villa,Nott'm Forest,draw_no_bet,home,DraftKings,-235
2026-09-02T19:03:49+00:00,d09677edcf1fb82ad75a8df58bb26eab,2026-09-12,Aston Villa,Nott'm Forest,draw_no_bet,home,FanDuel,-235
2026-09-02T19:03:49+00:00,d09677edcf1fb82ad75a8df58bb26eab,2026-09-12,Aston Villa,Nott'm Forest,draw_no_bet,home,Fanatics,-240
2026-09-02T19:03:49+00:00,d09677edcf1fb82ad75a8df58bb26eab,2026-09-12,Aston Villa,Nott'm Forest,total_2_5,over,BetRivers,-115
2026-09-02T19:03:49+00:00,d09677edcf1fb82ad75a8df58bb26eab,2026-09-12,Aston Villa,Nott'm Forest,total_2_5,over,Bovada,-110
2026-09-02T19:03:49+00:00,d09677edcf1fb82ad75a8df58bb26eab,2026-09-12,Aston Villa,Nott'm Forest,total_2_5,over,DraftKings,-120
2026-09-02T19:03:49+00:00,d09677edcf1fb82ad75a8df58bb26eab,2026-09-12,Aston Villa,Nott'm Forest,total_2_5,over,FanDuel,-115
2026-09-02T19:03:49+00:00,d09677edcf1fb82ad75a8df58bb26eab,2026-09-12,Aston Villa,Nott'm Forest,total_2_5,over,Fanatics,-120
2026-09-02T19:03:49+00:00,d09677edcf1fb82ad75a8df58bb26eab,2026-09-12,Aston Villa,Nott'm Forest,total_2_5,over,MyBookie.ag,-120
2026-09-02T19:03:49+00:00,d09677edcf1fb82ad75a8df58bb26eab,2026-09-12,Aston Villa,Nott'm Forest,total_2_5,under,BetRivers,-109
2026-09-02T19:03:49+00:00,d09677edcf1fb82ad75a8df58bb26eab,2026-09-12,Aston Villa,Nott'm Forest,total_2_5,under,Bovada,-110
2026-09-02T19:03:49+00:00,d09677edcf1fb82ad75a8df58bb26eab,2026-09-12,Aston Villa,Nott'm Forest,total_2_5,under,DraftKings,-115
2026-09-02T19:03:49+00:00,d09677edcf1fb82ad75a8df58bb26eab,2026-09-12,Aston Villa,Nott'm Forest,total_2_5,under,FanDuel,-105
2026-09-02T19:03:49+00:00,d09677edcf1fb82ad75a8df58bb26eab,2026-09-12,Aston Villa,Nott'm Forest,total_2_5,under,Fanatics,-110
2026-09-02T19:03:49+00:00,d09677edcf1fb82ad75a8df58bb26eab,2026-09-12,Aston Villa,Nott'm Forest,total_2_5,under,MyBookie.ag,-115
2026-09-02T19:03:49+00:00,d856d4353db0b4cca2a49b96dfd19c92,2026-09-12,Bournemouth,Brentford,1x2,away,BetRivers,160
2026-09-02T19:03:49+00:00,d856d4353db0b4cca2a49b96dfd19c92,2026-09-12,Bournemouth,Brentford,1x2,away,Bovada,160
2026-09-02T19:03:49+00:00,d856d4353db0b4cca2a49b96dfd19c92,2026-09-12,Bournemouth,Brentford,1x2,away,DraftKings,160
2026-09-02T19:03:49+00:00,d856d4353db0b4cca2a49b96dfd19c92,2026-09-12,Bournemouth,Brentford,1x2,away,FanDuel,150
2026-09-02T19:03:49+00:00,d856d4353db0b4cca2a49b96dfd19c92,2026-09-12,Bournemouth,Brentford,1x2,away,Fanatics,150
2026-09-02T19:03:49+00:00,d856d4353db0b4cca2a49b96dfd19c92,2026-09-12,Bournemouth,Brentford,1x2,away,MyBookie.ag,156
2026-09-02T19:03:49+00:00,d856d4353db0b4cca2a49b96dfd19c92,2026-09-12,Bournemouth,Brentford,1x2,draw,BetRivers,250
2026-09-02T19:03:49+00:00,d856d4353db0b4cca2a49b96dfd19c92,2026-09-12,Bournemouth,Brentford,1x2,draw,Bovada,260
2026-09-02T19:03:49+00:00,d856d4353db0b4cca2a49b96dfd19c92,2026-09-12,Bournemouth,Brentford,1x2,draw,DraftKings,250
2026-09-02T19:03:49+00:00,d856d4353db0b4cca2a49b96dfd19c92,2026-09-12,Bournemouth,Brentford,1x2,draw,FanDuel,260
2026-09-02T19:03:49+00:00,d856d4353db0b4cca2a49b96dfd19c92,2026-09-12,Bournemouth,Brentford,1x2,draw,Fanatics,250
2026-09-02T19:03:49+00:00,d856d4353db0b4cca2a49b96dfd19c92,2026-09-12,Bournemouth,Brentford,1x2,draw,MyBookie.ag,242
2026-09-02T19:03:49+00:00,d856d4353db0b4cca2a49b96dfd19c92,2026-09-12,Bournemouth,Brentford,1x2,home,BetRivers,155
2026-09-02T19:03:49+00:00,d856d4353db0b4cca2a49b96dfd19c92,2026-09-12,Bournemouth,Brentford,1x2,home,Bovada,160
2026-09-02T19:03:49+00:00,d856d4353db0b4cca2a49b96dfd19c92,2026-09-12,Bournemouth,Brentford,1x2,home,DraftKings,155
2026-09-02T19:03:49+00:00,d856d4353db0b4cca2a49b96dfd19c92,2026-09-12,Bournemouth,Brentford,1x2,home,FanDuel,160
2026-09-02T19:03:49+00:00,d856d4353db0b4cca2a49b96dfd19c92,2026-09-12,Bournemouth,Brentford,1x2,home,Fanatics,160
2026-09-02T19:03:49+00:00,d856d4353db0b4cca2a49b96dfd19c92,2026-09-12,Bournemouth,Brentford,1x2,home,MyBookie.ag,152
2026-09-02T19:03:49+00:00,d856d4353db0b4cca2a49b96dfd19c92,2026-09-12,Bournemouth,Brentford,btts,no,BetRivers,133
2026-09-02T19:03:49+00:00,d856d4353db0b4cca2a49b96dfd19c92,2026-09-12,Bournemouth,Brentford,btts,no,Bovada,145
2026-09-02T19:03:49+00:00,d856d4353db0b4cca2a49b96dfd19c92,2026-09-12,Bournemouth,Brentford,btts,no,DraftKings,145
2026-09-02T19:03:49+00:00,d856d4353db0b4cca2a49b96dfd19c92,2026-09-12,Bournemouth,Brentford,btts,no,FanDuel,140
2026-09-02T19:03:49+00:00,d856d4353db0b4cca2a49b96dfd19c92,2026-09-12,Bournemouth,Brentford,btts,no,Fanatics,145
2026-09-02T19:03:49+00:00,d856d4353db0b4cca2a49b96dfd19c92,2026-09-12,Bournemouth,Brentford,btts,yes,BetRivers,-200
2026-09-02T19:03:49+00:00,d856d4353db0b4cca2a49b96dfd19c92,2026-09-12,Bournemouth,Brentford,btts,yes,Bovada,-190
2026-09-02T19:03:49+00:00,d856d4353db0b4cca2a49b96dfd19c92,2026-09-12,Bournemouth,Brentford,btts,yes,DraftKings,-200
2026-09-02T19:03:49+00:00,d856d4353db0b4cca2a49b96dfd19c92,2026-09-12,Bournemouth,Brentford,btts,yes,FanDuel,-180
2026-09-02T19:03:49+00:00,d856d4353db0b4cca2a49b96dfd19c92,2026-09-12,Bournemouth,Brentford,btts,yes,Fanatics,-190
2026-09-02T19:03:49+00:00,d856d4353db0b4cca2a49b96dfd19c92,2026-09-12,Bournemouth,Brentford,corners_1x2,away,BetRivers,155
2026-09-02T19:03:49+00:00,d856d4353db0b4cca2a49b96dfd19c92,2026-09-12,Bournemouth,Brentford,corners_1x2,draw,BetRivers,650
2026-09-02T19:03:49+00:00,d856d4353db0b4cca2a49b96dfd19c92,2026-09-12,Bournemouth,Brentford,corners_1x2,home,BetRivers,-162
2026-09-02T19:03:49+00:00,d856d4353db0b4cca2a49b96dfd19c92,2026-09-12,Bournemouth,Brentford,corners_total_10_5,over,BetRivers,-137
2026-09-02T19:03:49+00:00,d856d4353db0b4cca2a49b96dfd19c92,2026-09-12,Bournemouth,Brentford,corners_total_10_5,under,BetRivers,-106
2026-09-02T19:03:49+00:00,d856d4353db0b4cca2a49b96dfd19c92,2026-09-12,Bournemouth,Brentford,corners_total_9_5,over,BetRivers,-230
2026-09-02T19:03:49+00:00,d856d4353db0b4cca2a49b96dfd19c92,2026-09-12,Bournemouth,Brentford,corners_total_9_5,under,BetRivers,148
2026-09-02T19:03:49+00:00,d856d4353db0b4cca2a49b96dfd19c92,2026-09-12,Bournemouth,Brentford,double_chance,draw_or_away,BetRivers,-225
2026-09-02T19:03:49+00:00,d856d4353db0b4cca2a49b96dfd19c92,2026-09-12,Bournemouth,Brentford,double_chance,draw_or_away,Bovada,-205
2026-09-02T19:03:49+00:00,d856d4353db0b4cca2a49b96dfd19c92,2026-09-12,Bournemouth,Brentford,double_chance,draw_or_away,DraftKings,-215
2026-09-02T19:03:49+00:00,d856d4353db0b4cca2a49b96dfd19c92,2026-09-12,Bournemouth,Brentford,double_chance,draw_or_away,FanDuel,-220
2026-09-02T19:03:49+00:00,d856d4353db0b4cca2a49b96dfd19c92,2026-09-12,Bournemouth,Brentford,double_chance,draw_or_away,Fanatics,-200
2026-09-02T19:03:49+00:00,d856d4353db0b4cca2a49b96dfd19c92,2026-09-12,Bournemouth,Brentford,double_chance,home_or_away,BetRivers,-400
2026-09-02T19:03:49+00:00,d856d4353db0b4cca2a49b96dfd19c92,2026-09-12,Bournemouth,Brentford,double_chance,home_or_away,Bovada,-345
2026-09-02T19:03:49+00:00,d856d4353db0b4cca2a49b96dfd19c92,2026-09-12,Bournemouth,Brentford,double_chance,home_or_away,DraftKings,-360
2026-09-02T19:03:49+00:00,d856d4353db0b4cca2a49b96dfd19c92,2026-09-12,Bournemouth,Brentford,double_chance,home_or_away,FanDuel,-360
2026-09-02T19:03:49+00:00,d856d4353db0b4cca2a49b96dfd19c92,2026-09-12,Bournemouth,Brentford,double_chance,home_or_away,Fanatics,-350
2026-09-02T19:03:49+00:00,d856d4353db0b4cca2a49b96dfd19c92,2026-09-12,Bournemouth,Brentford,double_chance,home_or_draw,BetRivers,-235
2026-09-02T19:03:49+00:00,d856d4353db0b4cca2a49b96dfd19c92,2026-09-12,Bournemouth,Brentford,double_chance,home_or_draw,Bovada,-210
2026-09-02T19:03:49+00:00,d856d4353db0b4cca2a49b96dfd19c92,2026-09-12,Bournemouth,Brentford,double_chance,home_or_draw,DraftKings,-225
2026-09-02T19:03:49+00:00,d856d4353db0b4cca2a49b96dfd19c92,2026-09-12,Bournemouth,Brentford,double_chance,home_or_draw,FanDuel,-200
2026-09-02T19:03:49+00:00,d856d4353db0b4cca2a49b96dfd19c92,2026-09-12,Bournemouth,Brentford,double_chance,home_or_draw,Fanatics,-190
2026-09-02T19:03:49+00:00,d856d4353db0b4cca2a49b96dfd19c92,2026-09-12,Bournemouth,Brentford,draw_no_bet,away,BetRivers,-117
2026-09-02T19:03:49+00:00,d856d4353db0b4cca2a49b96dfd19c92,2026-09-12,Bournemouth,Brentford,draw_no_bet,away,Bovada,-108
2026-09-02T19:03:49+00:00,d856d4353db0b4cca2a49b96dfd19c92,2026-09-12,Bournemouth,Brentford,draw_no_bet,away,DraftKings,-115
2026-09-02T19:03:49+00:00,d856d4353db0b4cca2a49b96dfd19c92,2026-09-12,Bournemouth,Brentford,draw_no_bet,away,FanDuel,-114
2026-09-02T19:03:49+00:00,d856d4353db0b4cca2a49b96dfd19c92,2026-09-12,Bournemouth,Brentford,draw_no_bet,away,Fanatics,-115
2026-09-02T19:03:49+00:00,d856d4353db0b4cca2a49b96dfd19c92,2026-09-12,Bournemouth,Brentford,draw_no_bet,home,BetRivers,-124
2026-09-02T19:03:49+00:00,d856d4353db0b4cca2a49b96dfd19c92,2026-09-12,Bournemouth,Brentford,draw_no_bet,home,Bovada,-112
2026-09-02T19:03:49+00:00,d856d4353db0b4cca2a49b96dfd19c92,2026-09-12,Bournemouth,Brentford,draw_no_bet,home,DraftKings,-120
2026-09-02T19:03:49+00:00,d856d4353db0b4cca2a49b96dfd19c92,2026-09-12,Bournemouth,Brentford,draw_no_bet,home,FanDuel,-102
2026-09-02T19:03:49+00:00,d856d4353db0b4cca2a49b96dfd19c92,2026-09-12,Bournemouth,Brentford,draw_no_bet,home,Fanatics,-115
2026-09-02T19:03:49+00:00,d856d4353db0b4cca2a49b96dfd19c92,2026-09-12,Bournemouth,Brentford,total_2_5,over,BetRivers,-155
2026-09-02T19:03:49+00:00,d856d4353db0b4cca2a49b96dfd19c92,2026-09-12,Bournemouth,Brentford,total_2_5,over,Bovada,-150
2026-09-02T19:03:49+00:00,d856d4353db0b4cca2a49b96dfd19c92,2026-09-12,Bournemouth,Brentford,total_2_5,over,DraftKings,-155
2026-09-02T19:03:49+00:00,d856d4353db0b4cca2a49b96dfd19c92,2026-09-12,Bournemouth,Brentford,total_2_5,over,FanDuel,-148
2026-09-02T19:03:49+00:00,d856d4353db0b4cca2a49b96dfd19c92,2026-09-12,Bournemouth,Brentford,total_2_5,over,Fanatics,-150
2026-09-02T19:03:49+00:00,d856d4353db0b4cca2a49b96dfd19c92,2026-09-12,Bournemouth,Brentford,total_2_5,over,MyBookie.ag,-159
2026-09-02T19:03:49+00:00,d856d4353db0b4cca2a49b96dfd19c92,2026-09-12,Bournemouth,Brentford,total_2_5,under,BetRivers,123
2026-09-02T19:03:49+00:00,d856d4353db0b4cca2a49b96dfd19c92,2026-09-12,Bournemouth,Brentford,total_2_5,under,Bovada,125
2026-09-02T19:03:49+00:00,d856d4353db0b4cca2a49b96dfd19c92,2026-09-12,Bournemouth,Brentford,total_2_5,under,DraftKings,115
2026-09-02T19:03:49+00:00,d856d4353db0b4cca2a49b96dfd19c92,2026-09-12,Bournemouth,Brentford,total_2_5,under,FanDuel,120
2026-09-02T19:03:49+00:00,d856d4353db0b4cca2a49b96dfd19c92,2026-09-12,Bournemouth,Brentford,total_2_5,under,Fanatics,115
2026-09-02T19:03:49+00:00,d856d4353db0b4cca2a49b96dfd19c92,2026-09-12,Bournemouth,Brentford,total_2_5,under,MyBookie.ag,114
2026-09-02T19:03:49+00:00,e40d0fb44319f7bd0ebe1ffbc61fa661,2026-09-13,Man United,Man City,1x2,away,BetRivers,112
2026-09-02T19:03:49+00:00,e40d0fb44319f7bd0ebe1ffbc61fa661,2026-09-13,Man United,Man City,1x2,away,Bovada,115
2026-09-02T19:03:49+00:00,e40d0fb44319f7bd0ebe1ffbc61fa661,2026-09-13,Man United,Man City,1x2,away,DraftKings,110
2026-09-02T19:03:49+00:00,e40d0fb44319f7bd0ebe1ffbc61fa661,2026-09-13,Man United,Man City,1x2,away,FanDuel,110
2026-09-02T19:03:49+00:00,e40d0fb44319f7bd0ebe1ffbc61fa661,2026-09-13,Man United,Man City,1x2,away,Fanatics,110
2026-09-02T19:03:49+00:00,e40d0fb44319f7bd0ebe1ffbc61fa661,2026-09-13,Man United,Man City,1x2,away,MyBookie.ag,111
2026-09-02T19:03:49+00:00,e40d0fb44319f7bd0ebe1ffbc61fa661,2026-09-13,Man United,Man City,1x2,draw,BetRivers,285
2026-09-02T19:03:49+00:00,e40d0fb44319f7bd0ebe1ffbc61fa661,2026-09-13,Man United,Man City,1x2,draw,Bovada,290
2026-09-02T19:03:49+00:00,e40d0fb44319f7bd0ebe1ffbc61fa661,2026-09-13,Man United,Man City,1x2,draw,DraftKings,285
2026-09-02T19:03:49+00:00,e40d0fb44319f7bd0ebe1ffbc61fa661,2026-09-13,Man United,Man City,1x2,draw,FanDuel,280
2026-09-02T19:03:49+00:00,e40d0fb44319f7bd0ebe1ffbc61fa661,2026-09-13,Man United,Man City,1x2,draw,Fanatics,280
2026-09-02T19:03:49+00:00,e40d0fb44319f7bd0ebe1ffbc61fa661,2026-09-13,Man United,Man City,1x2,draw,MyBookie.ag,270
2026-09-02T19:03:49+00:00,e40d0fb44319f7bd0ebe1ffbc61fa661,2026-09-13,Man United,Man City,1x2,home,BetRivers,200
2026-09-02T19:03:49+00:00,e40d0fb44319f7bd0ebe1ffbc61fa661,2026-09-13,Man United,Man City,1x2,home,Bovada,205
2026-09-02T19:03:49+00:00,e40d0fb44319f7bd0ebe1ffbc61fa661,2026-09-13,Man United,Man City,1x2,home,DraftKings,200
2026-09-02T19:03:49+00:00,e40d0fb44319f7bd0ebe1ffbc61fa661,2026-09-13,Man United,Man City,1x2,home,FanDuel,210
2026-09-02T19:03:49+00:00,e40d0fb44319f7bd0ebe1ffbc61fa661,2026-09-13,Man United,Man City,1x2,home,Fanatics,210
2026-09-02T19:03:49+00:00,e40d0fb44319f7bd0ebe1ffbc61fa661,2026-09-13,Man United,Man City,1x2,home,MyBookie.ag,200
2026-09-02T19:03:49+00:00,e40d0fb44319f7bd0ebe1ffbc61fa661,2026-09-13,Man United,Man City,btts,no,BetRivers,150
2026-09-02T19:03:49+00:00,e40d0fb44319f7bd0ebe1ffbc61fa661,2026-09-13,Man United,Man City,btts,no,Bovada,168
2026-09-02T19:03:49+00:00,e40d0fb44319f7bd0ebe1ffbc61fa661,2026-09-13,Man United,Man City,btts,no,DraftKings,170
2026-09-02T19:03:49+00:00,e40d0fb44319f7bd0ebe1ffbc61fa661,2026-09-13,Man United,Man City,btts,no,FanDuel,164
2026-09-02T19:03:49+00:00,e40d0fb44319f7bd0ebe1ffbc61fa661,2026-09-13,Man United,Man City,btts,no,Fanatics,165
2026-09-02T19:03:49+00:00,e40d0fb44319f7bd0ebe1ffbc61fa661,2026-09-13,Man United,Man City,btts,yes,BetRivers,-230
2026-09-02T19:03:49+00:00,e40d0fb44319f7bd0ebe1ffbc61fa661,2026-09-13,Man United,Man City,btts,yes,Bovada,-225
2026-09-02T19:03:49+00:00,e40d0fb44319f7bd0ebe1ffbc61fa661,2026-09-13,Man United,Man City,btts,yes,DraftKings,-240
2026-09-02T19:03:49+00:00,e40d0fb44319f7bd0ebe1ffbc61fa661,2026-09-13,Man United,Man City,btts,yes,FanDuel,-215
2026-09-02T19:03:49+00:00,e40d0fb44319f7bd0ebe1ffbc61fa661,2026-09-13,Man United,Man City,btts,yes,Fanatics,-225
2026-09-02T19:03:49+00:00,e40d0fb44319f7bd0ebe1ffbc61fa661,2026-09-13,Man United,Man City,corners_1x2,away,BetRivers,-159
2026-09-02T19:03:49+00:00,e40d0fb44319f7bd0ebe1ffbc61fa661,2026-09-13,Man United,Man City,corners_1x2,away,Fanatics,-150
2026-09-02T19:03:49+00:00,e40d0fb44319f7bd0ebe1ffbc61fa661,2026-09-13,Man United,Man City,corners_1x2,draw,BetRivers,650
2026-09-02T19:03:49+00:00,e40d0fb44319f7bd0ebe1ffbc61fa661,2026-09-13,Man United,Man City,corners_1x2,draw,Fanatics,600
2026-09-02T19:03:49+00:00,e40d0fb44319f7bd0ebe1ffbc61fa661,2026-09-13,Man United,Man City,corners_1x2,home,BetRivers,160
2026-09-02T19:03:49+00:00,e40d0fb44319f7bd0ebe1ffbc61fa661,2026-09-13,Man United,Man City,corners_1x2,home,Fanatics,160
2026-09-02T19:03:49+00:00,e40d0fb44319f7bd0ebe1ffbc61fa661,2026-09-13,Man United,Man City,corners_total_10_5,over,BetRivers,114
2026-09-02T19:03:49+00:00,e40d0fb44319f7bd0ebe1ffbc61fa661,2026-09-13,Man United,Man City,corners_total_10_5,under,BetRivers,-167
2026-09-02T19:03:49+00:00,e40d0fb44319f7bd0ebe1ffbc61fa661,2026-09-13,Man United,Man City,corners_total_9_5,over,BetRivers,-139
2026-09-02T19:03:49+00:00,e40d0fb44319f7bd0ebe1ffbc61fa661,2026-09-13,Man United,Man City,corners_total_9_5,over,Fanatics,-130
2026-09-02T19:03:49+00:00,e40d0fb44319f7bd0ebe1ffbc61fa661,2026-09-13,Man United,Man City,corners_total_9_5,under,BetRivers,-105
2026-09-02T19:03:49+00:00,e40d0fb44319f7bd0ebe1ffbc61fa661,2026-09-13,Man United,Man City,corners_total_9_5,under,Fanatics,-110
2026-09-02T19:03:49+00:00,e40d0fb44319f7bd0ebe1ffbc61fa661,2026-09-13,Man United,Man City,double_chance,draw_or_away,BetRivers,-305
2026-09-02T19:03:49+00:00,e40d0fb44319f7bd0ebe1ffbc61fa661,2026-09-13,Man United,Man City,double_chance,draw_or_away,Bovada,-280
2026-09-02T19:03:49+00:00,e40d0fb44319f7bd0ebe1ffbc61fa661,2026-09-13,Man United,Man City,double_chance,draw_or_away,DraftKings,-285
2026-09-02T19:03:49+00:00,e40d0fb44319f7bd0ebe1ffbc61fa661,2026-09-13,Man United,Man City,double_chance,draw_or_away,FanDuel,-280
2026-09-02T19:03:49+00:00,e40d0fb44319f7bd0ebe1ffbc61fa661,2026-09-13,Man United,Man City,double_chance,draw_or_away,Fanatics,-260
2026-09-02T19:03:49+00:00,e40d0fb44319f7bd0ebe1ffbc61fa661,2026-09-13,Man United,Man City,double_chance,home_or_away,BetRivers,-455
2026-09-02T19:03:49+00:00,e40d0fb44319f7bd0ebe1ffbc61fa661,2026-09-13,Man United,Man City,double_chance,home_or_away,Bovada,-375
2026-09-02T19:03:49+00:00,e40d0fb44319f7bd0ebe1ffbc61fa661,2026-09-13,Man United,Man City,double_chance,home_or_away,DraftKings,-425
2026-09-02T19:03:49+00:00,e40d0fb44319f7bd0ebe1ffbc61fa661,2026-09-13,Man United,Man City,double_chance,home_or_away,FanDuel,-390
2026-09-02T19:03:49+00:00,e40d0fb44319f7bd0ebe1ffbc61fa661,2026-09-13,Man United,Man City,double_chance,home_or_away,Fanatics,-375
2026-09-02T19:03:49+00:00,e40d0fb44319f7bd0ebe1ffbc61fa661,2026-09-13,Man United,Man City,double_chance,home_or_draw,BetRivers,-157
2026-09-02T19:03:49+00:00,e40d0fb44319f7bd0ebe1ffbc61fa661,2026-09-13,Man United,Man City,double_chance,home_or_draw,Bovada,-148
2026-09-02T19:03:49+00:00,e40d0fb44319f7bd0ebe1ffbc61fa661,2026-09-13,Man United,Man City,double_chance,home_or_draw,DraftKings,-155
2026-09-02T19:03:49+00:00,e40d0fb44319f7bd0ebe1ffbc61fa661,2026-09-13,Man United,Man City,double_chance,home_or_draw,FanDuel,-150
2026-09-02T19:03:49+00:00,e40d0fb44319f7bd0ebe1ffbc61fa661,2026-09-13,Man United,Man City,double_chance,home_or_draw,Fanatics,-140
2026-09-02T19:03:49+00:00,e40d0fb44319f7bd0ebe1ffbc61fa661,2026-09-13,Man United,Man City,draw_no_bet,away,BetRivers,-177
2026-09-02T19:03:49+00:00,e40d0fb44319f7bd0ebe1ffbc61fa661,2026-09-13,Man United,Man City,draw_no_bet,away,Bovada,-162
2026-09-02T19:03:49+00:00,e40d0fb44319f7bd0ebe1ffbc61fa661,2026-09-13,Man United,Man City,draw_no_bet,away,DraftKings,-175
2026-09-02T19:03:49+00:00,e40d0fb44319f7bd0ebe1ffbc61fa661,2026-09-13,Man United,Man City,draw_no_bet,away,FanDuel,-162
2026-09-02T19:03:49+00:00,e40d0fb44319f7bd0ebe1ffbc61fa661,2026-09-13,Man United,Man City,draw_no_bet,away,Fanatics,-165
2026-09-02T19:03:49+00:00,e40d0fb44319f7bd0ebe1ffbc61fa661,2026-09-13,Man United,Man City,draw_no_bet,home,BetRivers,120
2026-09-02T19:03:49+00:00,e40d0fb44319f7bd0ebe1ffbc61fa661,2026-09-13,Man United,Man City,draw_no_bet,home,Bovada,134
2026-09-02T19:03:49+00:00,e40d0fb44319f7bd0ebe1ffbc61fa661,2026-09-13,Man United,Man City,draw_no_bet,home,DraftKings,125
2026-09-02T19:03:49+00:00,e40d0fb44319f7bd0ebe1ffbc61fa661,2026-09-13,Man United,Man City,draw_no_bet,home,FanDuel,138
2026-09-02T19:03:49+00:00,e40d0fb44319f7bd0ebe1ffbc61fa661,2026-09-13,Man United,Man City,draw_no_bet,home,Fanatics,125
2026-09-02T19:03:49+00:00,e40d0fb44319f7bd0ebe1ffbc61fa661,2026-09-13,Man United,Man City,total_2_5,over,BetRivers,-195
2026-09-02T19:03:49+00:00,e40d0fb44319f7bd0ebe1ffbc61fa661,2026-09-13,Man United,Man City,total_2_5,over,Bovada,-188
2026-09-02T19:03:49+00:00,e40d0fb44319f7bd0ebe1ffbc61fa661,2026-09-13,Man United,Man City,total_2_5,over,DraftKings,-215
2026-09-02T19:03:49+00:00,e40d0fb44319f7bd0ebe1ffbc61fa661,2026-09-13,Man United,Man City,total_2_5,over,FanDuel,-188
2026-09-02T19:03:49+00:00,e40d0fb44319f7bd0ebe1ffbc61fa661,2026-09-13,Man United,Man City,total_2_5,over,Fanatics,-200
2026-09-02T19:03:49+00:00,e40d0fb44319f7bd0ebe1ffbc61fa661,2026-09-13,Man United,Man City,total_2_5,under,BetRivers,150
2026-09-02T19:03:49+00:00,e40d0fb44319f7bd0ebe1ffbc61fa661,2026-09-13,Man United,Man City,total_2_5,under,Bovada,155
2026-09-02T19:03:49+00:00,e40d0fb44319f7bd0ebe1ffbc61fa661,2026-09-13,Man United,Man City,total_2_5,under,DraftKings,155
2026-09-02T19:03:49+00:00,e40d0fb44319f7bd0ebe1ffbc61fa661,2026-09-13,Man United,Man City,total_2_5,under,FanDuel,152
2026-09-02T19:03:49+00:00,e40d0fb44319f7bd0ebe1ffbc61fa661,2026-09-13,Man United,Man City,total_2_5,under,Fanatics,150
2026-09-02T19:04:05+00:00,082f74fe6a8bc5826555b76e9e114dab,2026-09-12,Sunderland,Arsenal,1x2,away,BetRivers,-190
2026-09-02T19:04:05+00:00,082f74fe6a8bc5826555b76e9e114dab,2026-09-12,Sunderland,Arsenal,1x2,away,Bovada,-197
2026-09-02T19:04:05+00:00,082f74fe6a8bc5826555b76e9e114dab,2026-09-12,Sunderland,Arsenal,1x2,away,DraftKings,-205
2026-09-02T19:04:05+00:00,082f74fe6a8bc5826555b76e9e114dab,2026-09-12,Sunderland,Arsenal,1x2,away,FanDuel,-240
2026-09-02T19:04:05+00:00,082f74fe6a8bc5826555b76e9e114dab,2026-09-12,Sunderland,Arsenal,1x2,away,Fanatics,-200
2026-09-02T19:04:05+00:00,082f74fe6a8bc5826555b76e9e114dab,2026-09-12,Sunderland,Arsenal,1x2,away,MyBookie.ag,-210
2026-09-02T19:04:05+00:00,082f74fe6a8bc5826555b76e9e114dab,2026-09-12,Sunderland,Arsenal,1x2,draw,BetRivers,295
2026-09-02T19:04:05+00:00,082f74fe6a8bc5826555b76e9e114dab,2026-09-12,Sunderland,Arsenal,1x2,draw,Bovada,330
2026-09-02T19:04:05+00:00,082f74fe6a8bc5826555b76e9e114dab,2026-09-12,Sunderland,Arsenal,1x2,draw,DraftKings,320
2026-09-02T19:04:05+00:00,082f74fe6a8bc5826555b76e9e114dab,2026-09-12,Sunderland,Arsenal,1x2,draw,FanDuel,320
2026-09-02T19:04:05+00:00,082f74fe6a8bc5826555b76e9e114dab,2026-09-12,Sunderland,Arsenal,1x2,draw,Fanatics,310
2026-09-02T19:04:05+00:00,082f74fe6a8bc5826555b76e9e114dab,2026-09-12,Sunderland,Arsenal,1x2,draw,MyBookie.ag,310
2026-09-02T19:04:05+00:00,082f74fe6a8bc5826555b76e9e114dab,2026-09-12,Sunderland,Arsenal,1x2,home,BetRivers,540
2026-09-02T19:04:05+00:00,082f74fe6a8bc5826555b76e9e114dab,2026-09-12,Sunderland,Arsenal,1x2,home,Bovada,575
2026-09-02T19:04:05+00:00,082f74fe6a8bc5826555b76e9e114dab,2026-09-12,Sunderland,Arsenal,1x2,home,DraftKings,550
2026-09-02T19:04:05+00:00,082f74fe6a8bc5826555b76e9e114dab,2026-09-12,Sunderland,Arsenal,1x2,home,FanDuel,600
2026-09-02T19:04:05+00:00,082f74fe6a8bc5826555b76e9e114dab,2026-09-12,Sunderland,Arsenal,1x2,home,Fanatics,550
2026-09-02T19:04:05+00:00,082f74fe6a8bc5826555b76e9e114dab,2026-09-12,Sunderland,Arsenal,1x2,home,MyBookie.ag,530
2026-09-02T19:04:05+00:00,082f74fe6a8bc5826555b76e9e114dab,2026-09-12,Sunderland,Arsenal,btts,no,BetRivers,-139
2026-09-02T19:04:05+00:00,082f74fe6a8bc5826555b76e9e114dab,2026-09-12,Sunderland,Arsenal,btts,no,Bovada,-145
2026-09-02T19:04:05+00:00,082f74fe6a8bc5826555b76e9e114dab,2026-09-12,Sunderland,Arsenal,btts,no,DraftKings,-140
2026-09-02T19:04:05+00:00,082f74fe6a8bc5826555b76e9e114dab,2026-09-12,Sunderland,Arsenal,btts,no,FanDuel,-146
2026-09-02T19:04:05+00:00,082f74fe6a8bc5826555b76e9e114dab,2026-09-12,Sunderland,Arsenal,btts,no,Fanatics,-140
2026-09-02T19:04:05+00:00,082f74fe6a8bc5826555b76e9e114dab,2026-09-12,Sunderland,Arsenal,btts,yes,BetRivers,-104
2026-09-02T19:04:05+00:00,082f74fe6a8bc5826555b76e9e114dab,2026-09-12,Sunderland,Arsenal,btts,yes,Bovada,110
2026-09-02T19:04:05+00:00,082f74fe6a8bc5826555b76e9e114dab,2026-09-12,Sunderland,Arsenal,btts,yes,DraftKings,100
2026-09-02T19:04:05+00:00,082f74fe6a8bc5826555b76e9e114dab,2026-09-12,Sunderland,Arsenal,btts,yes,FanDuel,114
2026-09-02T19:04:05+00:00,082f74fe6a8bc5826555b76e9e114dab,2026-09-12,Sunderland,Arsenal,btts,yes,Fanatics,105
2026-09-02T19:04:05+00:00,082f74fe6a8bc5826555b76e9e114dab,2026-09-12,Sunderland,Arsenal,corners_1x2,away,BetRivers,-175
2026-09-02T19:04:05+00:00,082f74fe6a8bc5826555b76e9e114dab,2026-09-12,Sunderland,Arsenal,corners_1x2,draw,BetRivers,650
2026-09-02T19:04:05+00:00,082f74fe6a8bc5826555b76e9e114dab,2026-09-12,Sunderland,Arsenal,corners_1x2,home,BetRivers,165
2026-09-02T19:04:05+00:00,082f74fe6a8bc5826555b76e9e114dab,2026-09-12,Sunderland,Arsenal,corners_total_10_5,over,BetRivers,-104
2026-09-02T19:04:05+00:00,082f74fe6a8bc5826555b76e9e114dab,2026-09-12,Sunderland,Arsenal,corners_total_10_5,under,BetRivers,-141
2026-09-02T19:04:05+00:00,082f74fe6a8bc5826555b76e9e114dab,2026-09-12,Sunderland,Arsenal,corners_total_9_5,over,BetRivers,-162
2026-09-02T19:04:05+00:00,082f74fe6a8bc5826555b76e9e114dab,2026-09-12,Sunderland,Arsenal,corners_total_9_5,under,BetRivers,110
2026-09-02T19:04:05+00:00,082f74fe6a8bc5826555b76e9e114dab,2026-09-12,Sunderland,Arsenal,double_chance,draw_or_away,BetRivers,-1115
2026-09-02T19:04:05+00:00,082f74fe6a8bc5826555b76e9e114dab,2026-09-12,Sunderland,Arsenal,double_chance,draw_or_away,Bovada,-1000
2026-09-02T19:04:05+00:00,082f74fe6a8bc5826555b76e9e114dab,2026-09-12,Sunderland,Arsenal,double_chance,draw_or_away,DraftKings,-1000
2026-09-02T19:04:05+00:00,082f74fe6a8bc5826555b76e9e114dab,2026-09-12,Sunderland,Arsenal,double_chance,draw_or_away,FanDuel,-1000
2026-09-02T19:04:05+00:00,082f74fe6a8bc5826555b76e9e114dab,2026-09-12,Sunderland,Arsenal,double_chance,draw_or_away,Fanatics,-900
2026-09-02T19:04:05+00:00,082f74fe6a8bc5826555b76e9e114dab,2026-09-12,Sunderland,Arsenal,double_chance,home_or_away,BetRivers,-500
2026-09-02T19:04:05+00:00,082f74fe6a8bc5826555b76e9e114dab,2026-09-12,Sunderland,Arsenal,double_chance,home_or_away,Bovada,-420
2026-09-02T19:04:05+00:00,082f74fe6a8bc5826555b76e9e114dab,2026-09-12,Sunderland,Arsenal,double_chance,home_or_away,DraftKings,-500
2026-09-02T19:04:05+00:00,082f74fe6a8bc5826555b76e9e114dab,2026-09-12,Sunderland,Arsenal,double_chance,home_or_away,FanDuel,-450
2026-09-02T19:04:05+00:00,082f74fe6a8bc5826555b76e9e114dab,2026-09-12,Sunderland,Arsenal,double_chance,home_or_away,Fanatics,-400
2026-09-02T19:04:05+00:00,082f74fe6a8bc5826555b76e9e114dab,2026-09-12,Sunderland,Arsenal,double_chance,home_or_draw,BetRivers,132
2026-09-02T19:04:05+00:00,082f74fe6a8bc5826555b76e9e114dab,2026-09-12,Sunderland,Arsenal,double_chance,home_or_draw,Bovada,150
2026-09-02T19:04:05+00:00,082f74fe6a8bc5826555b76e9e114dab,2026-09-12,Sunderland,Arsenal,double_chance,home_or_draw,DraftKings,140
2026-09-02T19:04:05+00:00,082f74fe6a8bc5826555b76e9e114dab,2026-09-12,Sunderland,Arsenal,double_chance,home_or_draw,FanDuel,160
2026-09-02T19:04:05+00:00,082f74fe6a8bc5826555b76e9e114dab,2026-09-12,Sunderland,Arsenal,double_chance,home_or_draw,Fanatics,160
2026-09-02T19:04:05+00:00,082f74fe6a8bc5826555b76e9e114dab,2026-09-12,Sunderland,Arsenal,draw_no_bet,away,BetRivers,-625
2026-09-02T19:04:05+00:00,082f74fe6a8bc5826555b76e9e114dab,2026-09-12,Sunderland,Arsenal,draw_no_bet,away,Bovada,-600
2026-09-02T19:04:05+00:00,082f74fe6a8bc5826555b76e9e114dab,2026-09-12,Sunderland,Arsenal,draw_no_bet,away,DraftKings,-650
2026-09-02T19:04:05+00:00,082f74fe6a8bc5826555b76e9e114dab,2026-09-12,Sunderland,Arsenal,draw_no_bet,away,FanDuel,-650
2026-09-02T19:04:05+00:00,082f74fe6a8bc5826555b76e9e114dab,2026-09-12,Sunderland,Arsenal,draw_no_bet,away,Fanatics,-630
2026-09-02T19:04:05+00:00,082f74fe6a8bc5826555b76e9e114dab,2026-09-12,Sunderland,Arsenal,draw_no_bet,home,BetRivers,335
2026-09-02T19:04:05+00:00,082f74fe6a8bc5826555b76e9e114dab,2026-09-12,Sunderland,Arsenal,draw_no_bet,home,Bovada,410
2026-09-02T19:04:05+00:00,082f74fe6a8bc5826555b76e9e114dab,2026-09-12,Sunderland,Arsenal,draw_no_bet,home,DraftKings,380
2026-09-02T19:04:05+00:00,082f74fe6a8bc5826555b76e9e114dab,2026-09-12,Sunderland,Arsenal,draw_no_bet,home,FanDuel,470
2026-09-02T19:04:05+00:00,082f74fe6a8bc5826555b76e9e114dab,2026-09-12,Sunderland,Arsenal,draw_no_bet,home,Fanatics,400
2026-09-02T19:04:05+00:00,082f74fe6a8bc5826555b76e9e114dab,2026-09-12,Sunderland,Arsenal,total_2_5,over,BetRivers,-104
2026-09-02T19:04:05+00:00,082f74fe6a8bc5826555b76e9e114dab,2026-09-12,Sunderland,Arsenal,total_2_5,over,Bovada,100
2026-09-02T19:04:05+00:00,082f74fe6a8bc5826555b76e9e114dab,2026-09-12,Sunderland,Arsenal,total_2_5,over,DraftKings,-110
2026-09-02T19:04:05+00:00,082f74fe6a8bc5826555b76e9e114dab,2026-09-12,Sunderland,Arsenal,total_2_5,over,FanDuel,100
2026-09-02T19:04:05+00:00,082f74fe6a8bc5826555b76e9e114dab,2026-09-12,Sunderland,Arsenal,total_2_5,over,Fanatics,-105
2026-09-02T19:04:05+00:00,082f74fe6a8bc5826555b76e9e114dab,2026-09-12,Sunderland,Arsenal,total_2_5,over,MyBookie.ag,-107
2026-09-02T19:04:05+00:00,082f74fe6a8bc5826555b76e9e114dab,2026-09-12,Sunderland,Arsenal,total_2_5,under,BetRivers,-122
2026-09-02T19:04:05+00:00,082f74fe6a8bc5826555b76e9e114dab,2026-09-12,Sunderland,Arsenal,total_2_5,under,Bovada,-120
2026-09-02T19:04:05+00:00,082f74fe6a8bc5826555b76e9e114dab,2026-09-12,Sunderland,Arsenal,total_2_5,under,DraftKings,-125
2026-09-02T19:04:05+00:00,082f74fe6a8bc5826555b76e9e114dab,2026-09-12,Sunderland,Arsenal,total_2_5,under,FanDuel,-122
2026-09-02T19:04:05+00:00,082f74fe6a8bc5826555b76e9e114dab,2026-09-12,Sunderland,Arsenal,total_2_5,under,Fanatics,-125
2026-09-02T19:04:05+00:00,082f74fe6a8bc5826555b76e9e114dab,2026-09-12,Sunderland,Arsenal,total_2_5,under,MyBookie.ag,-129
2026-09-02T19:04:05+00:00,14f6639178a943ac614c7b872bf6e4d6,2026-09-12,Crystal Palace,Ipswich,1x2,away,BetRivers,290
2026-09-02T19:04:05+00:00,14f6639178a943ac614c7b872bf6e4d6,2026-09-12,Crystal Palace,Ipswich,1x2,away,Bovada,290
2026-09-02T19:04:05+00:00,14f6639178a943ac614c7b872bf6e4d6,2026-09-12,Crystal Palace,Ipswich,1x2,away,DraftKings,275
2026-09-02T19:04:05+00:00,14f6639178a943ac614c7b872bf6e4d6,2026-09-12,Crystal Palace,Ipswich,1x2,away,FanDuel,300
2026-09-02T19:04:05+00:00,14f6639178a943ac614c7b872bf6e4d6,2026-09-12,Crystal Palace,Ipswich,1x2,away,Fanatics,300
2026-09-02T19:04:05+00:00,14f6639178a943ac614c7b872bf6e4d6,2026-09-12,Crystal Palace,Ipswich,1x2,away,MyBookie.ag,290
2026-09-02T19:04:05+00:00,14f6639178a943ac614c7b872bf6e4d6,2026-09-12,Crystal Palace,Ipswich,1x2,draw,BetRivers,255
2026-09-02T19:04:05+00:00,14f6639178a943ac614c7b872bf6e4d6,2026-09-12,Crystal Palace,Ipswich,1x2,draw,Bovada,275
2026-09-02T19:04:05+00:00,14f6639178a943ac614c7b872bf6e4d6,2026-09-12,Crystal Palace,Ipswich,1x2,draw,DraftKings,265
2026-09-02T19:04:05+00:00,14f6639178a943ac614c7b872bf6e4d6,2026-09-12,Crystal Palace,Ipswich,1x2,draw,FanDuel,260
2026-09-02T19:04:05+00:00,14f6639178a943ac614c7b872bf6e4d6,2026-09-12,Crystal Palace,Ipswich,1x2,draw,Fanatics,250
2026-09-02T19:04:05+00:00,14f6639178a943ac614c7b872bf6e4d6,2026-09-12,Crystal Palace,Ipswich,1x2,draw,MyBookie.ag,250
2026-09-02T19:04:05+00:00,14f6639178a943ac614c7b872bf6e4d6,2026-09-12,Crystal Palace,Ipswich,1x2,home,BetRivers,-112
2026-09-02T19:04:05+00:00,14f6639178a943ac614c7b872bf6e4d6,2026-09-12,Crystal Palace,Ipswich,1x2,home,Bovada,-110
2026-09-02T19:04:05+00:00,14f6639178a943ac614c7b872bf6e4d6,2026-09-12,Crystal Palace,Ipswich,1x2,home,DraftKings,-115
2026-09-02T19:04:05+00:00,14f6639178a943ac614c7b872bf6e4d6,2026-09-12,Crystal Palace,Ipswich,1x2,home,FanDuel,-120
2026-09-02T19:04:05+00:00,14f6639178a943ac614c7b872bf6e4d6,2026-09-12,Crystal Palace,Ipswich,1x2,home,Fanatics,-105
2026-09-02T19:04:05+00:00,14f6639178a943ac614c7b872bf6e4d6,2026-09-12,Crystal Palace,Ipswich,1x2,home,MyBookie.ag,-116
2026-09-02T19:04:05+00:00,14f6639178a943ac614c7b872bf6e4d6,2026-09-12,Crystal Palace,Ipswich,btts,no,BetRivers,-110
2026-09-02T19:04:05+00:00,14f6639178a943ac614c7b872bf6e4d6,2026-09-12,Crystal Palace,Ipswich,btts,no,Bovada,-102
2026-09-02T19:04:05+00:00,14f6639178a943ac614c7b872bf6e4d6,2026-09-12,Crystal Palace,Ipswich,btts,no,DraftKings,100
2026-09-02T19:04:05+00:00,14f6639178a943ac614c7b872bf6e4d6,2026-09-12,Crystal Palace,Ipswich,btts,no,FanDuel,102
2026-09-02T19:04:05+00:00,14f6639178a943ac614c7b872bf6e4d6,2026-09-12,Crystal Palace,Ipswich,btts,no,Fanatics,-110
2026-09-02T19:04:05+00:00,14f6639178a943ac614c7b872bf6e4d6,2026-09-12,Crystal Palace,Ipswich,btts,yes,BetRivers,-132
2026-09-02T19:04:05+00:00,14f6639178a943ac614c7b872bf6e4d6,2026-09-12,Crystal Palace,Ipswich,btts,yes,Bovada,-128
2026-09-02T19:04:05+00:00,14f6639178a943ac614c7b872bf6e4d6,2026-09-12,Crystal Palace,Ipswich,btts,yes,DraftKings,-135
2026-09-02T19:04:05+00:00,14f6639178a943ac614c7b872bf6e4d6,2026-09-12,Crystal Palace,Ipswich,btts,yes,FanDuel,-130
2026-09-02T19:04:05+00:00,14f6639178a943ac614c7b872bf6e4d6,2026-09-12,Crystal Palace,Ipswich,btts,yes,Fanatics,-120
2026-09-02T19:04:05+00:00,14f6639178a943ac614c7b872bf6e4d6,2026-09-12,Crystal Palace,Ipswich,corners_1x2,away,BetRivers,170
2026-09-02T19:04:05+00:00,14f6639178a943ac614c7b872bf6e4d6,2026-09-12,Crystal Palace,Ipswich,corners_1x2,draw,BetRivers,650
2026-09-02T19:04:05+00:00,14f6639178a943ac614c7b872bf6e4d6,2026-09-12,Crystal Palace,Ipswich,corners_1x2,home,BetRivers,-175
2026-09-02T19:04:05+00:00,14f6639178a943ac614c7b872bf6e4d6,2026-09-12,Crystal Palace,Ipswich,corners_total_10_5,over,BetRivers,123
2026-09-02T19:04:05+00:00,14f6639178a943ac614c7b872bf6e4d6,2026-09-12,Crystal Palace,Ipswich,corners_total_10_5,under,BetRivers,-182
2026-09-02T19:04:05+00:00,14f6639178a943ac614c7b872bf6e4d6,2026-09-12,Crystal Palace,Ipswich,corners_total_9_5,over,BetRivers,-127
2026-09-02T19:04:05+00:00,14f6639178a943ac614c7b872bf6e4d6,2026-09-12,Crystal Palace,Ipswich,corners_total_9_5,under,BetRivers,-114
2026-09-02T19:04:05+00:00,14f6639178a943ac614c7b872bf6e4d6,2026-09-12,Crystal Palace,Ipswich,double_chance,draw_or_away,BetRivers,-124
2026-09-02T19:04:05+00:00,14f6639178a943ac614c7b872bf6e4d6,2026-09-12,Crystal Palace,Ipswich,double_chance,draw_or_away,Bovada,-117
2026-09-02T19:04:05+00:00,14f6639178a943ac614c7b872bf6e4d6,2026-09-12,Crystal Palace,Ipswich,double_chance,draw_or_away,DraftKings,-125
2026-09-02T19:04:05+00:00,14f6639178a943ac614c7b872bf6e4d6,2026-09-12,Crystal Palace,Ipswich,double_chance,draw_or_away,FanDuel,-120
2026-09-02T19:04:05+00:00,14f6639178a943ac614c7b872bf6e4d6,2026-09-12,Crystal Palace,Ipswich,double_chance,draw_or_away,Fanatics,-115
2026-09-02T19:04:05+00:00,14f6639178a943ac614c7b872bf6e4d6,2026-09-12,Crystal Palace,Ipswich,double_chance,home_or_away,BetRivers,-400
2026-09-02T19:04:05+00:00,14f6639178a943ac614c7b872bf6e4d6,2026-09-12,Crystal Palace,Ipswich,double_chance,home_or_away,Bovada,-345
2026-09-02T19:04:05+00:00,14f6639178a943ac614c7b872bf6e4d6,2026-09-12,Crystal Palace,Ipswich,double_chance,home_or_away,DraftKings,-390
2026-09-02T19:04:05+00:00,14f6639178a943ac614c7b872bf6e4d6,2026-09-12,Crystal Palace,Ipswich,double_chance,home_or_away,FanDuel,-360
2026-09-02T19:04:05+00:00,14f6639178a943ac614c7b872bf6e4d6,2026-09-12,Crystal Palace,Ipswich,double_chance,home_or_away,Fanatics,-350
2026-09-02T19:04:05+00:00,14f6639178a943ac614c7b872bf6e4d6,2026-09-12,Crystal Palace,Ipswich,double_chance,home_or_draw,BetRivers,-480
2026-09-02T19:04:05+00:00,14f6639178a943ac614c7b872bf6e4d6,2026-09-12,Crystal Palace,Ipswich,double_chance,home_or_draw,Bovada,-435
2026-09-02T19:04:05+00:00,14f6639178a943ac614c7b872bf6e4d6,2026-09-12,Crystal Palace,Ipswich,double_chance,home_or_draw,DraftKings,-400
2026-09-02T19:04:05+00:00,14f6639178a943ac614c7b872bf6e4d6,2026-09-12,Crystal Palace,Ipswich,double_chance,home_or_draw,FanDuel,-425
2026-09-02T19:04:05+00:00,14f6639178a943ac614c7b872bf6e4d6,2026-09-12,Crystal Palace,Ipswich,double_chance,home_or_draw,Fanatics,-400
2026-09-02T19:04:05+00:00,14f6639178a943ac614c7b872bf6e4d6,2026-09-12,Crystal Palace,Ipswich,draw_no_bet,away,BetRivers,175
2026-09-02T19:04:05+00:00,14f6639178a943ac614c7b872bf6e4d6,2026-09-12,Crystal Palace,Ipswich,draw_no_bet,away,Bovada,195
2026-09-02T19:04:05+00:00,14f6639178a943ac614c7b872bf6e4d6,2026-09-12,Crystal Palace,Ipswich,draw_no_bet,away,DraftKings,175
2026-09-02T19:04:05+00:00,14f6639178a943ac614c7b872bf6e4d6,2026-09-12,Crystal Palace,Ipswich,draw_no_bet,away,FanDuel,205
2026-09-02T19:04:05+00:00,14f6639178a943ac614c7b872bf6e4d6,2026-09-12,Crystal Palace,Ipswich,draw_no_bet,away,Fanatics,185
2026-09-02T19:04:05+00:00,14f6639178a943ac614c7b872bf6e4d6,2026-09-12,Crystal Palace,Ipswich,draw_no_bet,home,BetRivers,-265
2026-09-02T19:04:05+00:00,14f6639178a943ac614c7b872bf6e4d6,2026-09-12,Crystal Palace,Ipswich,draw_no_bet,home,Bovada,-245
2026-09-02T19:04:05+00:00,14f6639178a943ac614c7b872bf6e4d6,2026-09-12,Crystal Palace,Ipswich,draw_no_bet,home,DraftKings,-250
2026-09-02T19:04:05+00:00,14f6639178a943ac614c7b872bf6e4d6,2026-09-12,Crystal Palace,Ipswich,draw_no_bet,home,FanDuel,-250
2026-09-02T19:04:05+00:00,14f6639178a943ac614c7b872bf6e4d6,2026-09-12,Crystal Palace,Ipswich,draw_no_bet,home,Fanatics,-250
2026-09-02T19:04:05+00:00,14f6639178a943ac614c7b872bf6e4d6,2026-09-12,Crystal Palace,Ipswich,total_2_5,over,BetRivers,-108
2026-09-02T19:04:05+00:00,14f6639178a943ac614c7b872bf6e4d6,2026-09-12,Crystal Palace,Ipswich,total_2_5,over,Bovada,-110
2026-09-02T19:04:05+00:00,14f6639178a943ac614c7b872bf6e4d6,2026-09-12,Crystal Palace,Ipswich,total_2_5,over,DraftKings,-115
2026-09-02T19:04:05+00:00,14f6639178a943ac614c7b872bf6e4d6,2026-09-12,Crystal Palace,Ipswich,total_2_5,over,FanDuel,-110
2026-09-02T19:04:05+00:00,14f6639178a943ac614c7b872bf6e4d6,2026-09-12,Crystal Palace,Ipswich,total_2_5,over,Fanatics,-105
2026-09-02T19:04:05+00:00,14f6639178a943ac614c7b872bf6e4d6,2026-09-12,Crystal Palace,Ipswich,total_2_5,over,MyBookie.ag,-116
2026-09-02T19:04:05+00:00,14f6639178a943ac614c7b872bf6e4d6,2026-09-12,Crystal Palace,Ipswich,total_2_5,under,BetRivers,-118
2026-09-02T19:04:05+00:00,14f6639178a943ac614c7b872bf6e4d6,2026-09-12,Crystal Palace,Ipswich,total_2_5,under,Bovada,-110
2026-09-02T19:04:05+00:00,14f6639178a943ac614c7b872bf6e4d6,2026-09-12,Crystal Palace,Ipswich,total_2_5,under,DraftKings,-115
2026-09-02T19:04:05+00:00,14f6639178a943ac614c7b872bf6e4d6,2026-09-12,Crystal Palace,Ipswich,total_2_5,under,FanDuel,-110
2026-09-02T19:04:05+00:00,14f6639178a943ac614c7b872bf6e4d6,2026-09-12,Crystal Palace,Ipswich,total_2_5,under,Fanatics,-125
2026-09-02T19:04:05+00:00,14f6639178a943ac614c7b872bf6e4d6,2026-09-12,Crystal Palace,Ipswich,total_2_5,under,MyBookie.ag,-119
2026-09-02T19:04:05+00:00,21fd24ad6732df00774304a046d84fe9,2026-09-05,Hull,Aston Villa,1x2,away,BetMGM,-135
2026-09-02T19:04:05+00:00,21fd24ad6732df00774304a046d84fe9,2026-09-05,Hull,Aston Villa,1x2,away,BetOnline.ag,-109
2026-09-02T19:04:05+00:00,21fd24ad6732df00774304a046d84fe9,2026-09-05,Hull,Aston Villa,1x2,away,BetRivers,-108
2026-09-02T19:04:05+00:00,21fd24ad6732df00774304a046d84fe9,2026-09-05,Hull,Aston Villa,1x2,away,BetUS,-109
2026-09-02T19:04:05+00:00,21fd24ad6732df00774304a046d84fe9,2026-09-05,Hull,Aston Villa,1x2,away,Bovada,-115
2026-09-02T19:04:05+00:00,21fd24ad6732df00774304a046d84fe9,2026-09-05,Hull,Aston Villa,1x2,away,Caesars,-114
2026-09-02T19:04:05+00:00,21fd24ad6732df00774304a046d84fe9,2026-09-05,Hull,Aston Villa,1x2,away,DraftKings,-115
2026-09-02T19:04:05+00:00,21fd24ad6732df00774304a046d84fe9,2026-09-05,Hull,Aston Villa,1x2,away,FanDuel,-120
2026-09-02T19:04:05+00:00,21fd24ad6732df00774304a046d84fe9,2026-09-05,Hull,Aston Villa,1x2,away,Fanatics,-115
2026-09-02T19:04:05+00:00,21fd24ad6732df00774304a046d84fe9,2026-09-05,Hull,Aston Villa,1x2,away,LowVig.ag,-109
2026-09-02T19:04:05+00:00,21fd24ad6732df00774304a046d84fe9,2026-09-05,Hull,Aston Villa,1x2,away,MyBookie.ag,-117
2026-09-02T19:04:05+00:00,21fd24ad6732df00774304a046d84fe9,2026-09-05,Hull,Aston Villa,1x2,draw,BetMGM,240
2026-09-02T19:04:05+00:00,21fd24ad6732df00774304a046d84fe9,2026-09-05,Hull,Aston Villa,1x2,draw,BetOnline.ag,272
2026-09-02T19:04:05+00:00,21fd24ad6732df00774304a046d84fe9,2026-09-05,Hull,Aston Villa,1x2,draw,BetRivers,255
2026-09-02T19:04:05+00:00,21fd24ad6732df00774304a046d84fe9,2026-09-05,Hull,Aston Villa,1x2,draw,BetUS,272
2026-09-02T19:04:05+00:00,21fd24ad6732df00774304a046d84fe9,2026-09-05,Hull,Aston Villa,1x2,draw,Bovada,270
2026-09-02T19:04:05+00:00,21fd24ad6732df00774304a046d84fe9,2026-09-05,Hull,Aston Villa,1x2,draw,Caesars,260
2026-09-02T19:04:05+00:00,21fd24ad6732df00774304a046d84fe9,2026-09-05,Hull,Aston Villa,1x2,draw,DraftKings,270
2026-09-02T19:04:05+00:00,21fd24ad6732df00774304a046d84fe9,2026-09-05,Hull,Aston Villa,1x2,draw,FanDuel,260
2026-09-02T19:04:05+00:00,21fd24ad6732df00774304a046d84fe9,2026-09-05,Hull,Aston Villa,1x2,draw,Fanatics,260
2026-09-02T19:04:05+00:00,21fd24ad6732df00774304a046d84fe9,2026-09-05,Hull,Aston Villa,1x2,draw,LowVig.ag,272
2026-09-02T19:04:05+00:00,21fd24ad6732df00774304a046d84fe9,2026-09-05,Hull,Aston Villa,1x2,draw,MyBookie.ag,250
2026-09-02T19:04:05+00:00,21fd24ad6732df00774304a046d84fe9,2026-09-05,Hull,Aston Villa,1x2,home,BetMGM,290
2026-09-02T19:04:05+00:00,21fd24ad6732df00774304a046d84fe9,2026-09-05,Hull,Aston Villa,1x2,home,BetOnline.ag,309
2026-09-02T19:04:05+00:00,21fd24ad6732df00774304a046d84fe9,2026-09-05,Hull,Aston Villa,1x2,home,BetRivers,300
2026-09-02T19:04:05+00:00,21fd24ad6732df00774304a046d84fe9,2026-09-05,Hull,Aston Villa,1x2,home,BetUS,309
2026-09-02T19:04:05+00:00,21fd24ad6732df00774304a046d84fe9,2026-09-05,Hull,Aston Villa,1x2,home,Bovada,310
2026-09-02T19:04:05+00:00,21fd24ad6732df00774304a046d84fe9,2026-09-05,Hull,Aston Villa,1x2,home,Caesars,295
2026-09-02T19:04:05+00:00,21fd24ad6732df00774304a046d84fe9,2026-09-05,Hull,Aston Villa,1x2,home,DraftKings,310
2026-09-02T19:04:05+00:00,21fd24ad6732df00774304a046d84fe9,2026-09-05,Hull,Aston Villa,1x2,home,FanDuel,300
2026-09-02T19:04:05+00:00,21fd24ad6732df00774304a046d84fe9,2026-09-05,Hull,Aston Villa,1x2,home,Fanatics,310
2026-09-02T19:04:05+00:00,21fd24ad6732df00774304a046d84fe9,2026-09-05,Hull,Aston Villa,1x2,home,LowVig.ag,309
2026-09-02T19:04:05+00:00,21fd24ad6732df00774304a046d84fe9,2026-09-05,Hull,Aston Villa,1x2,home,MyBookie.ag,290
2026-09-02T19:04:05+00:00,21fd24ad6732df00774304a046d84fe9,2026-09-05,Hull,Aston Villa,btts,no,BetMGM,-102
2026-09-02T19:04:05+00:00,21fd24ad6732df00774304a046d84fe9,2026-09-05,Hull,Aston Villa,btts,no,BetOnline.ag,-102
2026-09-02T19:04:05+00:00,21fd24ad6732df00774304a046d84fe9,2026-09-05,Hull,Aston Villa,btts,no,BetRivers,100
2026-09-02T19:04:05+00:00,21fd24ad6732df00774304a046d84fe9,2026-09-05,Hull,Aston Villa,btts,no,Bovada,108
2026-09-02T19:04:05+00:00,21fd24ad6732df00774304a046d84fe9,2026-09-05,Hull,Aston Villa,btts,no,Caesars,101
2026-09-02T19:04:05+00:00,21fd24ad6732df00774304a046d84fe9,2026-09-05,Hull,Aston Villa,btts,no,DraftKings,105
2026-09-02T19:04:05+00:00,21fd24ad6732df00774304a046d84fe9,2026-09-05,Hull,Aston Villa,btts,no,FanDuel,108
2026-09-02T19:04:05+00:00,21fd24ad6732df00774304a046d84fe9,2026-09-05,Hull,Aston Villa,btts,no,Fanatics,105
2026-09-02T19:04:05+00:00,21fd24ad6732df00774304a046d84fe9,2026-09-05,Hull,Aston Villa,btts,no,MyBookie.ag,-102
2026-09-02T19:04:05+00:00,21fd24ad6732df00774304a046d84fe9,2026-09-05,Hull,Aston Villa,btts,yes,BetMGM,-140
2026-09-02T19:04:05+00:00,21fd24ad6732df00774304a046d84fe9,2026-09-05,Hull,Aston Villa,btts,yes,BetOnline.ag,-127
2026-09-02T19:04:05+00:00,21fd24ad6732df00774304a046d84fe9,2026-09-05,Hull,Aston Villa,btts,yes,BetRivers,-136
2026-09-02T19:04:05+00:00,21fd24ad6732df00774304a046d84fe9,2026-09-05,Hull,Aston Villa,btts,yes,Bovada,-140
2026-09-02T19:04:05+00:00,21fd24ad6732df00774304a046d84fe9,2026-09-05,Hull,Aston Villa,btts,yes,Caesars,-129
2026-09-02T19:04:05+00:00,21fd24ad6732df00774304a046d84fe9,2026-09-05,Hull,Aston Villa,btts,yes,DraftKings,-135
2026-09-02T19:04:05+00:00,21fd24ad6732df00774304a046d84fe9,2026-09-05,Hull,Aston Villa,btts,yes,FanDuel,-136
2026-09-02T19:04:05+00:00,21fd24ad6732df00774304a046d84fe9,2026-09-05,Hull,Aston Villa,btts,yes,Fanatics,-140
2026-09-02T19:04:05+00:00,21fd24ad6732df00774304a046d84fe9,2026-09-05,Hull,Aston Villa,btts,yes,MyBookie.ag,-135
2026-09-02T19:04:05+00:00,21fd24ad6732df00774304a046d84fe9,2026-09-05,Hull,Aston Villa,corners_1x2,away,BetMGM,-200
2026-09-02T19:04:05+00:00,21fd24ad6732df00774304a046d84fe9,2026-09-05,Hull,Aston Villa,corners_1x2,away,BetRivers,-210
2026-09-02T19:04:05+00:00,21fd24ad6732df00774304a046d84fe9,2026-09-05,Hull,Aston Villa,corners_1x2,away,Bovada,-200
2026-09-02T19:04:05+00:00,21fd24ad6732df00774304a046d84fe9,2026-09-05,Hull,Aston Villa,corners_1x2,away,DraftKings,-205
2026-09-02T19:04:05+00:00,21fd24ad6732df00774304a046d84fe9,2026-09-05,Hull,Aston Villa,corners_1x2,draw,BetMGM,675
2026-09-02T19:04:05+00:00,21fd24ad6732df00774304a046d84fe9,2026-09-05,Hull,Aston Villa,corners_1x2,draw,BetRivers,650
2026-09-02T19:04:05+00:00,21fd24ad6732df00774304a046d84fe9,2026-09-05,Hull,Aston Villa,corners_1x2,draw,Bovada,675
2026-09-02T19:04:05+00:00,21fd24ad6732df00774304a046d84fe9,2026-09-05,Hull,Aston Villa,corners_1x2,draw,DraftKings,650
2026-09-02T19:04:05+00:00,21fd24ad6732df00774304a046d84fe9,2026-09-05,Hull,Aston Villa,corners_1x2,home,BetMGM,210
2026-09-02T19:04:05+00:00,21fd24ad6732df00774304a046d84fe9,2026-09-05,Hull,Aston Villa,corners_1x2,home,BetRivers,205
2026-09-02T19:04:05+00:00,21fd24ad6732df00774304a046d84fe9,2026-09-05,Hull,Aston Villa,corners_1x2,home,Bovada,210
2026-09-02T19:04:05+00:00,21fd24ad6732df00774304a046d84fe9,2026-09-05,Hull,Aston Villa,corners_1x2,home,DraftKings,250
2026-09-02T19:04:05+00:00,21fd24ad6732df00774304a046d84fe9,2026-09-05,Hull,Aston Villa,corners_total_10_5,over,BetMGM,170
2026-09-02T19:04:05+00:00,21fd24ad6732df00774304a046d84fe9,2026-09-05,Hull,Aston Villa,corners_total_10_5,over,BetRivers,155
2026-09-02T19:04:05+00:00,21fd24ad6732df00774304a046d84fe9,2026-09-05,Hull,Aston Villa,corners_total_10_5,over,DraftKings,170
2026-09-02T19:04:05+00:00,21fd24ad6732df00774304a046d84fe9,2026-09-05,Hull,Aston Villa,corners_total_10_5,under,BetMGM,-250
2026-09-02T19:04:05+00:00,21fd24ad6732df00774304a046d84fe9,2026-09-05,Hull,Aston Villa,corners_total_10_5,under,BetRivers,-235
2026-09-02T19:04:05+00:00,21fd24ad6732df00774304a046d84fe9,2026-09-05,Hull,Aston Villa,corners_total_10_5,under,DraftKings,-240
2026-09-02T19:04:05+00:00,21fd24ad6732df00774304a046d84fe9,2026-09-05,Hull,Aston Villa,corners_total_9_5,over,BetMGM,105
2026-09-02T19:04:05+00:00,21fd24ad6732df00774304a046d84fe9,2026-09-05,Hull,Aston Villa,corners_total_9_5,over,BetRivers,-104
2026-09-02T19:04:05+00:00,21fd24ad6732df00774304a046d84fe9,2026-09-05,Hull,Aston Villa,corners_total_9_5,over,Bovada,108
2026-09-02T19:04:05+00:00,21fd24ad6732df00774304a046d84fe9,2026-09-05,Hull,Aston Villa,corners_total_9_5,over,Caesars,109
2026-09-02T19:04:05+00:00,21fd24ad6732df00774304a046d84fe9,2026-09-05,Hull,Aston Villa,corners_total_9_5,over,DraftKings,105
2026-09-02T19:04:05+00:00,21fd24ad6732df00774304a046d84fe9,2026-09-05,Hull,Aston Villa,corners_total_9_5,under,BetMGM,-145
2026-09-02T19:04:05+00:00,21fd24ad6732df00774304a046d84fe9,2026-09-05,Hull,Aston Villa,corners_total_9_5,under,BetRivers,-141
2026-09-02T19:04:05+00:00,21fd24ad6732df00774304a046d84fe9,2026-09-05,Hull,Aston Villa,corners_total_9_5,under,Bovada,-140
2026-09-02T19:04:05+00:00,21fd24ad6732df00774304a046d84fe9,2026-09-05,Hull,Aston Villa,corners_total_9_5,under,Caesars,-139
2026-09-02T19:04:05+00:00,21fd24ad6732df00774304a046d84fe9,2026-09-05,Hull,Aston Villa,corners_total_9_5,under,DraftKings,-145
2026-09-02T19:04:05+00:00,21fd24ad6732df00774304a046d84fe9,2026-09-05,Hull,Aston Villa,double_chance,draw_or_away,BetOnline.ag,-417
2026-09-02T19:04:05+00:00,21fd24ad6732df00774304a046d84fe9,2026-09-05,Hull,Aston Villa,double_chance,draw_or_away,BetRivers,-420
2026-09-02T19:04:05+00:00,21fd24ad6732df00774304a046d84fe9,2026-09-05,Hull,Aston Villa,double_chance,draw_or_away,Bovada,-435
2026-09-02T19:04:05+00:00,21fd24ad6732df00774304a046d84fe9,2026-09-05,Hull,Aston Villa,double_chance,draw_or_away,DraftKings,-400
2026-09-02T19:04:05+00:00,21fd24ad6732df00774304a046d84fe9,2026-09-05,Hull,Aston Villa,double_chance,draw_or_away,FanDuel,-425
2026-09-02T19:04:05+00:00,21fd24ad6732df00774304a046d84fe9,2026-09-05,Hull,Aston Villa,double_chance,draw_or_away,Fanatics,-400
2026-09-02T19:04:05+00:00,21fd24ad6732df00774304a046d84fe9,2026-09-05,Hull,Aston Villa,double_chance,draw_or_away,MyBookie.ag,-500
2026-09-02T19:04:05+00:00,21fd24ad6732df00774304a046d84fe9,2026-09-05,Hull,Aston Villa,double_chance,home_or_away,BetOnline.ag,-370
2026-09-02T19:04:05+00:00,21fd24ad6732df00774304a046d84fe9,2026-09-05,Hull,Aston Villa,double_chance,home_or_away,BetRivers,-345
2026-09-02T19:04:05+00:00,21fd24ad6732df00774304a046d84fe9,2026-09-05,Hull,Aston Villa,double_chance,home_or_away,Bovada,-360
2026-09-02T19:04:05+00:00,21fd24ad6732df00774304a046d84fe9,2026-09-05,Hull,Aston Villa,double_chance,home_or_away,DraftKings,-350
2026-09-02T19:04:05+00:00,21fd24ad6732df00774304a046d84fe9,2026-09-05,Hull,Aston Villa,double_chance,home_or_away,FanDuel,-350
2026-09-02T19:04:05+00:00,21fd24ad6732df00774304a046d84fe9,2026-09-05,Hull,Aston Villa,double_chance,home_or_away,Fanatics,-350
2026-09-02T19:04:05+00:00,21fd24ad6732df00774304a046d84fe9,2026-09-05,Hull,Aston Villa,double_chance,home_or_away,MyBookie.ag,-441
2026-09-02T19:04:05+00:00,21fd24ad6732df00774304a046d84fe9,2026-09-05,Hull,Aston Villa,double_chance,home_or_draw,BetOnline.ag,-108
2026-09-02T19:04:05+00:00,21fd24ad6732df00774304a046d84fe9,2026-09-05,Hull,Aston Villa,double_chance,home_or_draw,BetRivers,-117
2026-09-02T19:04:05+00:00,21fd24ad6732df00774304a046d84fe9,2026-09-05,Hull,Aston Villa,double_chance,home_or_draw,Bovada,-113
2026-09-02T19:04:05+00:00,21fd24ad6732df00774304a046d84fe9,2026-09-05,Hull,Aston Villa,double_chance,home_or_draw,DraftKings,-115
2026-09-02T19:04:05+00:00,21fd24ad6732df00774304a046d84fe9,2026-09-05,Hull,Aston Villa,double_chance,home_or_draw,FanDuel,-120
2026-09-02T19:04:05+00:00,21fd24ad6732df00774304a046d84fe9,2026-09-05,Hull,Aston Villa,double_chance,home_or_draw,Fanatics,-105
2026-09-02T19:04:05+00:00,21fd24ad6732df00774304a046d84fe9,2026-09-05,Hull,Aston Villa,double_chance,home_or_draw,MyBookie.ag,-151
2026-09-02T19:04:05+00:00,21fd24ad6732df00774304a046d84fe9,2026-09-05,Hull,Aston Villa,draw_no_bet,away,BetMGM,-295
2026-09-02T19:04:05+00:00,21fd24ad6732df00774304a046d84fe9,2026-09-05,Hull,Aston Villa,draw_no_bet,away,BetOnline.ag,-256
2026-09-02T19:04:05+00:00,21fd24ad6732df00774304a046d84fe9,2026-09-05,Hull,Aston Villa,draw_no_bet,away,BetRivers,-265
2026-09-02T19:04:05+00:00,21fd24ad6732df00774304a046d84fe9,2026-09-05,Hull,Aston Villa,draw_no_bet,away,Bovada,-250
2026-09-02T19:04:05+00:00,21fd24ad6732df00774304a046d84fe9,2026-09-05,Hull,Aston Villa,draw_no_bet,away,Caesars,-235
2026-09-02T19:04:05+00:00,21fd24ad6732df00774304a046d84fe9,2026-09-05,Hull,Aston Villa,draw_no_bet,away,DraftKings,-255
2026-09-02T19:04:05+00:00,21fd24ad6732df00774304a046d84fe9,2026-09-05,Hull,Aston Villa,draw_no_bet,away,FanDuel,-245
2026-09-02T19:04:05+00:00,21fd24ad6732df00774304a046d84fe9,2026-09-05,Hull,Aston Villa,draw_no_bet,away,Fanatics,-275
2026-09-02T19:04:05+00:00,21fd24ad6732df00774304a046d84fe9,2026-09-05,Hull,Aston Villa,draw_no_bet,away,MyBookie.ag,-250
2026-09-02T19:04:05+00:00,21fd24ad6732df00774304a046d84fe9,2026-09-05,Hull,Aston Villa,draw_no_bet,home,BetMGM,200
2026-09-02T19:04:05+00:00,21fd24ad6732df00774304a046d84fe9,2026-09-05,Hull,Aston Villa,draw_no_bet,home,BetOnline.ag,195
2026-09-02T19:04:05+00:00,21fd24ad6732df00774304a046d84fe9,2026-09-05,Hull,Aston Villa,draw_no_bet,home,BetRivers,175
2026-09-02T19:04:05+00:00,21fd24ad6732df00774304a046d84fe9,2026-09-05,Hull,Aston Villa,draw_no_bet,home,Bovada,200
2026-09-02T19:04:05+00:00,21fd24ad6732df00774304a046d84fe9,2026-09-05,Hull,Aston Villa,draw_no_bet,home,Caesars,175
2026-09-02T19:04:05+00:00,21fd24ad6732df00774304a046d84fe9,2026-09-05,Hull,Aston Villa,draw_no_bet,home,DraftKings,195
2026-09-02T19:04:05+00:00,21fd24ad6732df00774304a046d84fe9,2026-09-05,Hull,Aston Villa,draw_no_bet,home,FanDuel,205
2026-09-02T19:04:05+00:00,21fd24ad6732df00774304a046d84fe9,2026-09-05,Hull,Aston Villa,draw_no_bet,home,Fanatics,200
2026-09-02T19:04:05+00:00,21fd24ad6732df00774304a046d84fe9,2026-09-05,Hull,Aston Villa,draw_no_bet,home,MyBookie.ag,189
2026-09-02T19:04:05+00:00,21fd24ad6732df00774304a046d84fe9,2026-09-05,Hull,Aston Villa,total_2_5,over,BetMGM,-125
2026-09-02T19:04:05+00:00,21fd24ad6732df00774304a046d84fe9,2026-09-05,Hull,Aston Villa,total_2_5,over,BetOnline.ag,-113
2026-09-02T19:04:05+00:00,21fd24ad6732df00774304a046d84fe9,2026-09-05,Hull,Aston Villa,total_2_5,over,BetRivers,-112
2026-09-02T19:04:05+00:00,21fd24ad6732df00774304a046d84fe9,2026-09-05,Hull,Aston Villa,total_2_5,over,BetUS,-110
2026-09-02T19:04:05+00:00,21fd24ad6732df00774304a046d84fe9,2026-09-05,Hull,Aston Villa,total_2_5,over,Bovada,-118
2026-09-02T19:04:05+00:00,21fd24ad6732df00774304a046d84fe9,2026-09-05,Hull,Aston Villa,total_2_5,over,Caesars,-120
2026-09-02T19:04:05+00:00,21fd24ad6732df00774304a046d84fe9,2026-09-05,Hull,Aston Villa,total_2_5,over,DraftKings,-115
2026-09-02T19:04:05+00:00,21fd24ad6732df00774304a046d84fe9,2026-09-05,Hull,Aston Villa,total_2_5,over,FanDuel,-114
2026-09-02T19:04:05+00:00,21fd24ad6732df00774304a046d84fe9,2026-09-05,Hull,Aston Villa,total_2_5,over,Fanatics,-120
2026-09-02T19:04:05+00:00,21fd24ad6732df00774304a046d84fe9,2026-09-05,Hull,Aston Villa,total_2_5,over,LowVig.ag,-113
2026-09-02T19:04:05+00:00,21fd24ad6732df00774304a046d84fe9,2026-09-05,Hull,Aston Villa,total_2_5,over,MyBookie.ag,-122
2026-09-02T19:04:05+00:00,21fd24ad6732df00774304a046d84fe9,2026-09-05,Hull,Aston Villa,total_2_5,under,BetMGM,-110
2026-09-02T19:04:05+00:00,21fd24ad6732df00774304a046d84fe9,2026-09-05,Hull,Aston Villa,total_2_5,under,BetOnline.ag,-107
2026-09-02T19:04:05+00:00,21fd24ad6732df00774304a046d84fe9,2026-09-05,Hull,Aston Villa,total_2_5,under,BetRivers,-114
2026-09-02T19:04:05+00:00,21fd24ad6732df00774304a046d84fe9,2026-09-05,Hull,Aston Villa,total_2_5,under,BetUS,-110
2026-09-02T19:04:05+00:00,21fd24ad6732df00774304a046d84fe9,2026-09-05,Hull,Aston Villa,total_2_5,under,Bovada,-102
2026-09-02T19:04:05+00:00,21fd24ad6732df00774304a046d84fe9,2026-09-05,Hull,Aston Villa,total_2_5,under,Caesars,-108
2026-09-02T19:04:05+00:00,21fd24ad6732df00774304a046d84fe9,2026-09-05,Hull,Aston Villa,total_2_5,under,DraftKings,-110
2026-09-02T19:04:05+00:00,21fd24ad6732df00774304a046d84fe9,2026-09-05,Hull,Aston Villa,total_2_5,under,FanDuel,-106
2026-09-02T19:04:05+00:00,21fd24ad6732df00774304a046d84fe9,2026-09-05,Hull,Aston Villa,total_2_5,under,Fanatics,-110
2026-09-02T19:04:05+00:00,21fd24ad6732df00774304a046d84fe9,2026-09-05,Hull,Aston Villa,total_2_5,under,LowVig.ag,-107
2026-09-02T19:04:05+00:00,21fd24ad6732df00774304a046d84fe9,2026-09-05,Hull,Aston Villa,total_2_5,under,MyBookie.ag,-113
2026-09-02T19:04:05+00:00,29f81160baf6a97d6391d7172fad2425,2026-09-05,Brentford,Sunderland,1x2,away,BetMGM,380
2026-09-02T19:04:05+00:00,29f81160baf6a97d6391d7172fad2425,2026-09-05,Brentford,Sunderland,1x2,away,BetOnline.ag,459
2026-09-02T19:04:05+00:00,29f81160baf6a97d6391d7172fad2425,2026-09-05,Brentford,Sunderland,1x2,away,BetRivers,510
2026-09-02T19:04:05+00:00,29f81160baf6a97d6391d7172fad2425,2026-09-05,Brentford,Sunderland,1x2,away,BetUS,459
2026-09-02T19:04:05+00:00,29f81160baf6a97d6391d7172fad2425,2026-09-05,Brentford,Sunderland,1x2,away,Bovada,460
2026-09-02T19:04:05+00:00,29f81160baf6a97d6391d7172fad2425,2026-09-05,Brentford,Sunderland,1x2,away,Caesars,450
2026-09-02T19:04:05+00:00,29f81160baf6a97d6391d7172fad2425,2026-09-05,Brentford,Sunderland,1x2,away,DraftKings,450
2026-09-02T19:04:05+00:00,29f81160baf6a97d6391d7172fad2425,2026-09-05,Brentford,Sunderland,1x2,away,FanDuel,480
2026-09-02T19:04:05+00:00,29f81160baf6a97d6391d7172fad2425,2026-09-05,Brentford,Sunderland,1x2,away,Fanatics,450
2026-09-02T19:04:05+00:00,29f81160baf6a97d6391d7172fad2425,2026-09-05,Brentford,Sunderland,1x2,away,LowVig.ag,459
2026-09-02T19:04:05+00:00,29f81160baf6a97d6391d7172fad2425,2026-09-05,Brentford,Sunderland,1x2,away,MyBookie.ag,430
2026-09-02T19:04:05+00:00,29f81160baf6a97d6391d7172fad2425,2026-09-05,Brentford,Sunderland,1x2,draw,BetMGM,270
2026-09-02T19:04:05+00:00,29f81160baf6a97d6391d7172fad2425,2026-09-05,Brentford,Sunderland,1x2,draw,BetOnline.ag,305
2026-09-02T19:04:05+00:00,29f81160baf6a97d6391d7172fad2425,2026-09-05,Brentford,Sunderland,1x2,draw,BetRivers,310
2026-09-02T19:04:05+00:00,29f81160baf6a97d6391d7172fad2425,2026-09-05,Brentford,Sunderland,1x2,draw,BetUS,305
2026-09-02T19:04:05+00:00,29f81160baf6a97d6391d7172fad2425,2026-09-05,Brentford,Sunderland,1x2,draw,Bovada,300
2026-09-02T19:04:05+00:00,29f81160baf6a97d6391d7172fad2425,2026-09-05,Brentford,Sunderland,1x2,draw,Caesars,295
2026-09-02T19:04:05+00:00,29f81160baf6a97d6391d7172fad2425,2026-09-05,Brentford,Sunderland,1x2,draw,DraftKings,310
2026-09-02T19:04:05+00:00,29f81160baf6a97d6391d7172fad2425,2026-09-05,Brentford,Sunderland,1x2,draw,FanDuel,290
2026-09-02T19:04:05+00:00,29f81160baf6a97d6391d7172fad2425,2026-09-05,Brentford,Sunderland,1x2,draw,Fanatics,300
2026-09-02T19:04:05+00:00,29f81160baf6a97d6391d7172fad2425,2026-09-05,Brentford,Sunderland,1x2,draw,LowVig.ag,305
2026-09-02T19:04:05+00:00,29f81160baf6a97d6391d7172fad2425,2026-09-05,Brentford,Sunderland,1x2,draw,MyBookie.ag,290
2026-09-02T19:04:05+00:00,29f81160baf6a97d6391d7172fad2425,2026-09-05,Brentford,Sunderland,1x2,home,BetMGM,-185
2026-09-02T19:04:05+00:00,29f81160baf6a97d6391d7172fad2425,2026-09-05,Brentford,Sunderland,1x2,home,BetOnline.ag,-156
2026-09-02T19:04:05+00:00,29f81160baf6a97d6391d7172fad2425,2026-09-05,Brentford,Sunderland,1x2,home,BetRivers,-180
2026-09-02T19:04:05+00:00,29f81160baf6a97d6391d7172fad2425,2026-09-05,Brentford,Sunderland,1x2,home,BetUS,-156
2026-09-02T19:04:05+00:00,29f81160baf6a97d6391d7172fad2425,2026-09-05,Brentford,Sunderland,1x2,home,Bovada,-162
2026-09-02T19:04:05+00:00,29f81160baf6a97d6391d7172fad2425,2026-09-05,Brentford,Sunderland,1x2,home,Caesars,-170
2026-09-02T19:04:05+00:00,29f81160baf6a97d6391d7172fad2425,2026-09-05,Brentford,Sunderland,1x2,home,DraftKings,-165
2026-09-02T19:04:05+00:00,29f81160baf6a97d6391d7172fad2425,2026-09-05,Brentford,Sunderland,1x2,home,FanDuel,-175
2026-09-02T19:04:05+00:00,29f81160baf6a97d6391d7172fad2425,2026-09-05,Brentford,Sunderland,1x2,home,Fanatics,-170
2026-09-02T19:04:05+00:00,29f81160baf6a97d6391d7172fad2425,2026-09-05,Brentford,Sunderland,1x2,home,LowVig.ag,-156
2026-09-02T19:04:05+00:00,29f81160baf6a97d6391d7172fad2425,2026-09-05,Brentford,Sunderland,1x2,home,MyBookie.ag,-176
2026-09-02T19:04:05+00:00,29f81160baf6a97d6391d7172fad2425,2026-09-05,Brentford,Sunderland,btts,no,BetMGM,-112
2026-09-02T19:04:05+00:00,29f81160baf6a97d6391d7172fad2425,2026-09-05,Brentford,Sunderland,btts,no,BetOnline.ag,-110
2026-09-02T19:04:05+00:00,29f81160baf6a97d6391d7172fad2425,2026-09-05,Brentford,Sunderland,btts,no,BetRivers,-112
2026-09-02T19:04:05+00:00,29f81160baf6a97d6391d7172fad2425,2026-09-05,Brentford,Sunderland,btts,no,Bovada,-108
2026-09-02T19:04:05+00:00,29f81160baf6a97d6391d7172fad2425,2026-09-05,Brentford,Sunderland,btts,no,Caesars,-112
2026-09-02T19:04:05+00:00,29f81160baf6a97d6391d7172fad2425,2026-09-05,Brentford,Sunderland,btts,no,DraftKings,-105
2026-09-02T19:04:05+00:00,29f81160baf6a97d6391d7172fad2425,2026-09-05,Brentford,Sunderland,btts,no,FanDuel,-102
2026-09-02T19:04:05+00:00,29f81160baf6a97d6391d7172fad2425,2026-09-05,Brentford,Sunderland,btts,no,Fanatics,-115
2026-09-02T19:04:05+00:00,29f81160baf6a97d6391d7172fad2425,2026-09-05,Brentford,Sunderland,btts,no,MyBookie.ag,-116
2026-09-02T19:04:05+00:00,29f81160baf6a97d6391d7172fad2425,2026-09-05,Brentford,Sunderland,btts,yes,BetMGM,-125
2026-09-02T19:04:05+00:00,29f81160baf6a97d6391d7172fad2425,2026-09-05,Brentford,Sunderland,btts,yes,BetOnline.ag,-118
2026-09-02T19:04:05+00:00,29f81160baf6a97d6391d7172fad2425,2026-09-05,Brentford,Sunderland,btts,yes,BetRivers,-122
2026-09-02T19:04:05+00:00,29f81160baf6a97d6391d7172fad2425,2026-09-05,Brentford,Sunderland,btts,yes,Bovada,-122
2026-09-02T19:04:05+00:00,29f81160baf6a97d6391d7172fad2425,2026-09-05,Brentford,Sunderland,btts,yes,Caesars,-115
2026-09-02T19:04:05+00:00,29f81160baf6a97d6391d7172fad2425,2026-09-05,Brentford,Sunderland,btts,yes,DraftKings,-125
2026-09-02T19:04:05+00:00,29f81160baf6a97d6391d7172fad2425,2026-09-05,Brentford,Sunderland,btts,yes,FanDuel,-124
2026-09-02T19:04:05+00:00,29f81160baf6a97d6391d7172fad2425,2026-09-05,Brentford,Sunderland,btts,yes,Fanatics,-115
2026-09-02T19:04:05+00:00,29f81160baf6a97d6391d7172fad2425,2026-09-05,Brentford,Sunderland,btts,yes,MyBookie.ag,-119
2026-09-02T19:04:05+00:00,29f81160baf6a97d6391d7172fad2425,2026-09-05,Brentford,Sunderland,corners_1x2,away,BetMGM,210
2026-09-02T19:04:05+00:00,29f81160baf6a97d6391d7172fad2425,2026-09-05,Brentford,Sunderland,corners_1x2,away,BetRivers,250
2026-09-02T19:04:05+00:00,29f81160baf6a97d6391d7172fad2425,2026-09-05,Brentford,Sunderland,corners_1x2,away,Bovada,210
2026-09-02T19:04:05+00:00,29f81160baf6a97d6391d7172fad2425,2026-09-05,Brentford,Sunderland,corners_1x2,away,DraftKings,240
2026-09-02T19:04:05+00:00,29f81160baf6a97d6391d7172fad2425,2026-09-05,Brentford,Sunderland,corners_1x2,draw,BetMGM,700
2026-09-02T19:04:05+00:00,29f81160baf6a97d6391d7172fad2425,2026-09-05,Brentford,Sunderland,corners_1x2,draw,BetRivers,700
2026-09-02T19:04:05+00:00,29f81160baf6a97d6391d7172fad2425,2026-09-05,Brentford,Sunderland,corners_1x2,draw,Bovada,700
2026-09-02T19:04:05+00:00,29f81160baf6a97d6391d7172fad2425,2026-09-05,Brentford,Sunderland,corners_1x2,draw,DraftKings,700
2026-09-02T19:04:05+00:00,29f81160baf6a97d6391d7172fad2425,2026-09-05,Brentford,Sunderland,corners_1x2,home,BetMGM,-210
2026-09-02T19:04:05+00:00,29f81160baf6a97d6391d7172fad2425,2026-09-05,Brentford,Sunderland,corners_1x2,home,BetRivers,-275
2026-09-02T19:04:05+00:00,29f81160baf6a97d6391d7172fad2425,2026-09-05,Brentford,Sunderland,corners_1x2,home,Bovada,-205
2026-09-02T19:04:05+00:00,29f81160baf6a97d6391d7172fad2425,2026-09-05,Brentford,Sunderland,corners_1x2,home,DraftKings,-205
2026-09-02T19:04:05+00:00,29f81160baf6a97d6391d7172fad2425,2026-09-05,Brentford,Sunderland,corners_total_10_5,over,BetMGM,120
2026-09-02T19:04:05+00:00,29f81160baf6a97d6391d7172fad2425,2026-09-05,Brentford,Sunderland,corners_total_10_5,over,BetRivers,100
2026-09-02T19:04:05+00:00,29f81160baf6a97d6391d7172fad2425,2026-09-05,Brentford,Sunderland,corners_total_10_5,over,Bovada,120
2026-09-02T19:04:05+00:00,29f81160baf6a97d6391d7172fad2425,2026-09-05,Brentford,Sunderland,corners_total_10_5,over,DraftKings,120
2026-09-02T19:04:05+00:00,29f81160baf6a97d6391d7172fad2425,2026-09-05,Brentford,Sunderland,corners_total_10_5,under,BetMGM,-175
2026-09-02T19:04:05+00:00,29f81160baf6a97d6391d7172fad2425,2026-09-05,Brentford,Sunderland,corners_total_10_5,under,BetRivers,-143
2026-09-02T19:04:05+00:00,29f81160baf6a97d6391d7172fad2425,2026-09-05,Brentford,Sunderland,corners_total_10_5,under,Bovada,-160
2026-09-02T19:04:05+00:00,29f81160baf6a97d6391d7172fad2425,2026-09-05,Brentford,Sunderland,corners_total_10_5,under,DraftKings,-165
2026-09-02T19:04:05+00:00,29f81160baf6a97d6391d7172fad2425,2026-09-05,Brentford,Sunderland,corners_total_9_5,over,BetMGM,-135
2026-09-02T19:04:05+00:00,29f81160baf6a97d6391d7172fad2425,2026-09-05,Brentford,Sunderland,corners_total_9_5,over,BetRivers,-162
2026-09-02T19:04:05+00:00,29f81160baf6a97d6391d7172fad2425,2026-09-05,Brentford,Sunderland,corners_total_9_5,over,Bovada,-132
2026-09-02T19:04:05+00:00,29f81160baf6a97d6391d7172fad2425,2026-09-05,Brentford,Sunderland,corners_total_9_5,over,Caesars,-134
2026-09-02T19:04:05+00:00,29f81160baf6a97d6391d7172fad2425,2026-09-05,Brentford,Sunderland,corners_total_9_5,over,DraftKings,-135
2026-09-02T19:04:05+00:00,29f81160baf6a97d6391d7172fad2425,2026-09-05,Brentford,Sunderland,corners_total_9_5,over,MyBookie.ag,-138
2026-09-02T19:04:05+00:00,29f81160baf6a97d6391d7172fad2425,2026-09-05,Brentford,Sunderland,corners_total_9_5,under,BetMGM,-105
2026-09-02T19:04:05+00:00,29f81160baf6a97d6391d7172fad2425,2026-09-05,Brentford,Sunderland,corners_total_9_5,under,BetRivers,110
2026-09-02T19:04:05+00:00,29f81160baf6a97d6391d7172fad2425,2026-09-05,Brentford,Sunderland,corners_total_9_5,under,Bovada,102
2026-09-02T19:04:05+00:00,29f81160baf6a97d6391d7172fad2425,2026-09-05,Brentford,Sunderland,corners_total_9_5,under,Caesars,105
2026-09-02T19:04:05+00:00,29f81160baf6a97d6391d7172fad2425,2026-09-05,Brentford,Sunderland,corners_total_9_5,under,DraftKings,100
2026-09-02T19:04:05+00:00,29f81160baf6a97d6391d7172fad2425,2026-09-05,Brentford,Sunderland,corners_total_9_5,under,MyBookie.ag,100
2026-09-02T19:04:05+00:00,29f81160baf6a97d6391d7172fad2425,2026-09-05,Brentford,Sunderland,double_chance,draw_or_away,BetOnline.ag,128
2026-09-02T19:04:05+00:00,29f81160baf6a97d6391d7172fad2425,2026-09-05,Brentford,Sunderland,double_chance,draw_or_away,BetRivers,140
2026-09-02T19:04:05+00:00,29f81160baf6a97d6391d7172fad2425,2026-09-05,Brentford,Sunderland,double_chance,draw_or_away,Bovada,130
2026-09-02T19:04:05+00:00,29f81160baf6a97d6391d7172fad2425,2026-09-05,Brentford,Sunderland,double_chance,draw_or_away,DraftKings,130
2026-09-02T19:04:05+00:00,29f81160baf6a97d6391d7172fad2425,2026-09-05,Brentford,Sunderland,double_chance,draw_or_away,FanDuel,130
2026-09-02T19:04:05+00:00,29f81160baf6a97d6391d7172fad2425,2026-09-05,Brentford,Sunderland,double_chance,draw_or_away,Fanatics,135
2026-09-02T19:04:05+00:00,29f81160baf6a97d6391d7172fad2425,2026-09-05,Brentford,Sunderland,double_chance,draw_or_away,MyBookie.ag,-107
2026-09-02T19:04:05+00:00,29f81160baf6a97d6391d7172fad2425,2026-09-05,Brentford,Sunderland,double_chance,home_or_away,BetOnline.ag,-417
2026-09-02T19:04:05+00:00,29f81160baf6a97d6391d7172fad2425,2026-09-05,Brentford,Sunderland,double_chance,home_or_away,BetRivers,-435
2026-09-02T19:04:05+00:00,29f81160baf6a97d6391d7172fad2425,2026-09-05,Brentford,Sunderland,double_chance,home_or_away,Bovada,-420
2026-09-02T19:04:05+00:00,29f81160baf6a97d6391d7172fad2425,2026-09-05,Brentford,Sunderland,double_chance,home_or_away,DraftKings,-425
2026-09-02T19:04:05+00:00,29f81160baf6a97d6391d7172fad2425,2026-09-05,Brentford,Sunderland,double_chance,home_or_away,FanDuel,-390
2026-09-02T19:04:05+00:00,29f81160baf6a97d6391d7172fad2425,2026-09-05,Brentford,Sunderland,double_chance,home_or_away,Fanatics,-400
2026-09-02T19:04:05+00:00,29f81160baf6a97d6391d7172fad2425,2026-09-05,Brentford,Sunderland,double_chance,home_or_away,MyBookie.ag,-549
2026-09-02T19:04:05+00:00,29f81160baf6a97d6391d7172fad2425,2026-09-05,Brentford,Sunderland,double_chance,home_or_draw,BetOnline.ag,-714
2026-09-02T19:04:05+00:00,29f81160baf6a97d6391d7172fad2425,2026-09-05,Brentford,Sunderland,double_chance,home_or_draw,BetRivers,-835
2026-09-02T19:04:05+00:00,29f81160baf6a97d6391d7172fad2425,2026-09-05,Brentford,Sunderland,double_chance,home_or_draw,Bovada,-725
2026-09-02T19:04:05+00:00,29f81160baf6a97d6391d7172fad2425,2026-09-05,Brentford,Sunderland,double_chance,home_or_draw,DraftKings,-650
2026-09-02T19:04:05+00:00,29f81160baf6a97d6391d7172fad2425,2026-09-05,Brentford,Sunderland,double_chance,home_or_draw,FanDuel,-700
2026-09-02T19:04:05+00:00,29f81160baf6a97d6391d7172fad2425,2026-09-05,Brentford,Sunderland,double_chance,home_or_draw,Fanatics,-630
2026-09-02T19:04:05+00:00,29f81160baf6a97d6391d7172fad2425,2026-09-05,Brentford,Sunderland,double_chance,home_or_draw,MyBookie.ag,-800
2026-09-02T19:04:05+00:00,29f81160baf6a97d6391d7172fad2425,2026-09-05,Brentford,Sunderland,draw_no_bet,away,BetMGM,290
2026-09-02T19:04:05+00:00,29f81160baf6a97d6391d7172fad2425,2026-09-05,Brentford,Sunderland,draw_no_bet,away,BetOnline.ag,300
2026-09-02T19:04:05+00:00,29f81160baf6a97d6391d7172fad2425,2026-09-05,Brentford,Sunderland,draw_no_bet,away,BetRivers,310
2026-09-02T19:04:05+00:00,29f81160baf6a97d6391d7172fad2425,2026-09-05,Brentford,Sunderland,draw_no_bet,away,Bovada,325
2026-09-02T19:04:05+00:00,29f81160baf6a97d6391d7172fad2425,2026-09-05,Brentford,Sunderland,draw_no_bet,away,Caesars,275
2026-09-02T19:04:05+00:00,29f81160baf6a97d6391d7172fad2425,2026-09-05,Brentford,Sunderland,draw_no_bet,away,DraftKings,320
2026-09-02T19:04:05+00:00,29f81160baf6a97d6391d7172fad2425,2026-09-05,Brentford,Sunderland,draw_no_bet,away,FanDuel,360
2026-09-02T19:04:05+00:00,29f81160baf6a97d6391d7172fad2425,2026-09-05,Brentford,Sunderland,draw_no_bet,away,Fanatics,310
2026-09-02T19:04:05+00:00,29f81160baf6a97d6391d7172fad2425,2026-09-05,Brentford,Sunderland,draw_no_bet,away,MyBookie.ag,300
2026-09-02T19:04:05+00:00,29f81160baf6a97d6391d7172fad2425,2026-09-05,Brentford,Sunderland,draw_no_bet,home,BetMGM,-450
2026-09-02T19:04:05+00:00,29f81160baf6a97d6391d7172fad2425,2026-09-05,Brentford,Sunderland,draw_no_bet,home,BetOnline.ag,-435
2026-09-02T19:04:05+00:00,29f81160baf6a97d6391d7172fad2425,2026-09-05,Brentford,Sunderland,draw_no_bet,home,BetRivers,-560
2026-09-02T19:04:05+00:00,29f81160baf6a97d6391d7172fad2425,2026-09-05,Brentford,Sunderland,draw_no_bet,home,Bovada,-435
2026-09-02T19:04:05+00:00,29f81160baf6a97d6391d7172fad2425,2026-09-05,Brentford,Sunderland,draw_no_bet,home,Caesars,-380
2026-09-02T19:04:05+00:00,29f81160baf6a97d6391d7172fad2425,2026-09-05,Brentford,Sunderland,draw_no_bet,home,DraftKings,-450
2026-09-02T19:04:05+00:00,29f81160baf6a97d6391d7172fad2425,2026-09-05,Brentford,Sunderland,draw_no_bet,home,FanDuel,-460
2026-09-02T19:04:05+00:00,29f81160baf6a97d6391d7172fad2425,2026-09-05,Brentford,Sunderland,draw_no_bet,home,Fanatics,-450
2026-09-02T19:04:05+00:00,29f81160baf6a97d6391d7172fad2425,2026-09-05,Brentford,Sunderland,draw_no_bet,home,MyBookie.ag,-429
2026-09-02T19:04:05+00:00,29f81160baf6a97d6391d7172fad2425,2026-09-05,Brentford,Sunderland,total_2_5,over,BetMGM,-130
2026-09-02T19:04:05+00:00,29f81160baf6a97d6391d7172fad2425,2026-09-05,Brentford,Sunderland,total_2_5,over,BetOnline.ag,-119
2026-09-02T19:04:05+00:00,29f81160baf6a97d6391d7172fad2425,2026-09-05,Brentford,Sunderland,total_2_5,over,BetRivers,-129
2026-09-02T19:04:05+00:00,29f81160baf6a97d6391d7172fad2425,2026-09-05,Brentford,Sunderland,total_2_5,over,BetUS,-125
2026-09-02T19:04:05+00:00,29f81160baf6a97d6391d7172fad2425,2026-09-05,Brentford,Sunderland,total_2_5,over,Bovada,-122
2026-09-02T19:04:05+00:00,29f81160baf6a97d6391d7172fad2425,2026-09-05,Brentford,Sunderland,total_2_5,over,Caesars,-125
2026-09-02T19:04:05+00:00,29f81160baf6a97d6391d7172fad2425,2026-09-05,Brentford,Sunderland,total_2_5,over,DraftKings,-125
2026-09-02T19:04:05+00:00,29f81160baf6a97d6391d7172fad2425,2026-09-05,Brentford,Sunderland,total_2_5,over,FanDuel,-120
2026-09-02T19:04:05+00:00,29f81160baf6a97d6391d7172fad2425,2026-09-05,Brentford,Sunderland,total_2_5,over,Fanatics,-120
2026-09-02T19:04:05+00:00,29f81160baf6a97d6391d7172fad2425,2026-09-05,Brentford,Sunderland,total_2_5,over,LowVig.ag,-119
2026-09-02T19:04:05+00:00,29f81160baf6a97d6391d7172fad2425,2026-09-05,Brentford,Sunderland,total_2_5,over,MyBookie.ag,-130
2026-09-02T19:04:05+00:00,29f81160baf6a97d6391d7172fad2425,2026-09-05,Brentford,Sunderland,total_2_5,under,BetMGM,-108
2026-09-02T19:04:05+00:00,29f81160baf6a97d6391d7172fad2425,2026-09-05,Brentford,Sunderland,total_2_5,under,BetOnline.ag,-102
2026-09-02T19:04:05+00:00,29f81160baf6a97d6391d7172fad2425,2026-09-05,Brentford,Sunderland,total_2_5,under,BetRivers,102
2026-09-02T19:04:05+00:00,29f81160baf6a97d6391d7172fad2425,2026-09-05,Brentford,Sunderland,total_2_5,under,BetUS,105
2026-09-02T19:04:05+00:00,29f81160baf6a97d6391d7172fad2425,2026-09-05,Brentford,Sunderland,total_2_5,under,Bovada,102
2026-09-02T19:04:05+00:00,29f81160baf6a97d6391d7172fad2425,2026-09-05,Brentford,Sunderland,total_2_5,under,Caesars,-102
2026-09-02T19:04:05+00:00,29f81160baf6a97d6391d7172fad2425,2026-09-05,Brentford,Sunderland,total_2_5,under,DraftKings,100
2026-09-02T19:04:05+00:00,29f81160baf6a97d6391d7172fad2425,2026-09-05,Brentford,Sunderland,total_2_5,under,FanDuel,-102
2026-09-02T19:04:05+00:00,29f81160baf6a97d6391d7172fad2425,2026-09-05,Brentford,Sunderland,total_2_5,under,Fanatics,-110
2026-09-02T19:04:05+00:00,29f81160baf6a97d6391d7172fad2425,2026-09-05,Brentford,Sunderland,total_2_5,under,LowVig.ag,-102
2026-09-02T19:04:05+00:00,29f81160baf6a97d6391d7172fad2425,2026-09-05,Brentford,Sunderland,total_2_5,under,MyBookie.ag,-106
2026-09-02T19:04:05+00:00,3b81531990da7ea3e461c43e8827672b,2026-09-05,Brighton,Leeds,1x2,away,BetMGM,270
2026-09-02T19:04:05+00:00,3b81531990da7ea3e461c43e8827672b,2026-09-05,Brighton,Leeds,1x2,away,BetOnline.ag,302
2026-09-02T19:04:05+00:00,3b81531990da7ea3e461c43e8827672b,2026-09-05,Brighton,Leeds,1x2,away,BetRivers,310
2026-09-02T19:04:05+00:00,3b81531990da7ea3e461c43e8827672b,2026-09-05,Brighton,Leeds,1x2,away,BetUS,302
2026-09-02T19:04:05+00:00,3b81531990da7ea3e461c43e8827672b,2026-09-05,Brighton,Leeds,1x2,away,Bovada,300
2026-09-02T19:04:05+00:00,3b81531990da7ea3e461c43e8827672b,2026-09-05,Brighton,Leeds,1x2,away,Caesars,290
2026-09-02T19:04:05+00:00,3b81531990da7ea3e461c43e8827672b,2026-09-05,Brighton,Leeds,1x2,away,DraftKings,295
2026-09-02T19:04:05+00:00,3b81531990da7ea3e461c43e8827672b,2026-09-05,Brighton,Leeds,1x2,away,FanDuel,300
2026-09-02T19:04:05+00:00,3b81531990da7ea3e461c43e8827672b,2026-09-05,Brighton,Leeds,1x2,away,Fanatics,300
2026-09-02T19:04:05+00:00,3b81531990da7ea3e461c43e8827672b,2026-09-05,Brighton,Leeds,1x2,away,LowVig.ag,302
2026-09-02T19:04:05+00:00,3b81531990da7ea3e461c43e8827672b,2026-09-05,Brighton,Leeds,1x2,away,MyBookie.ag,280
2026-09-02T19:04:05+00:00,3b81531990da7ea3e461c43e8827672b,2026-09-05,Brighton,Leeds,1x2,draw,BetMGM,230
2026-09-02T19:04:05+00:00,3b81531990da7ea3e461c43e8827672b,2026-09-05,Brighton,Leeds,1x2,draw,BetOnline.ag,275
2026-09-02T19:04:05+00:00,3b81531990da7ea3e461c43e8827672b,2026-09-05,Brighton,Leeds,1x2,draw,BetRivers,250
2026-09-02T19:04:05+00:00,3b81531990da7ea3e461c43e8827672b,2026-09-05,Brighton,Leeds,1x2,draw,BetUS,275
2026-09-02T19:04:05+00:00,3b81531990da7ea3e461c43e8827672b,2026-09-05,Brighton,Leeds,1x2,draw,Bovada,265
2026-09-02T19:04:05+00:00,3b81531990da7ea3e461c43e8827672b,2026-09-05,Brighton,Leeds,1x2,draw,Caesars,255
2026-09-02T19:04:05+00:00,3b81531990da7ea3e461c43e8827672b,2026-09-05,Brighton,Leeds,1x2,draw,DraftKings,270
2026-09-02T19:04:05+00:00,3b81531990da7ea3e461c43e8827672b,2026-09-05,Brighton,Leeds,1x2,draw,FanDuel,260
2026-09-02T19:04:05+00:00,3b81531990da7ea3e461c43e8827672b,2026-09-05,Brighton,Leeds,1x2,draw,Fanatics,250
2026-09-02T19:04:05+00:00,3b81531990da7ea3e461c43e8827672b,2026-09-05,Brighton,Leeds,1x2,draw,LowVig.ag,275
2026-09-02T19:04:05+00:00,3b81531990da7ea3e461c43e8827672b,2026-09-05,Brighton,Leeds,1x2,draw,MyBookie.ag,248
2026-09-02T19:04:05+00:00,3b81531990da7ea3e461c43e8827672b,2026-09-05,Brighton,Leeds,1x2,home,BetMGM,-120
2026-09-02T19:04:05+00:00,3b81531990da7ea3e461c43e8827672b,2026-09-05,Brighton,Leeds,1x2,home,BetOnline.ag,-108
2026-09-02T19:04:05+00:00,3b81531990da7ea3e461c43e8827672b,2026-09-05,Brighton,Leeds,1x2,home,BetRivers,-109
2026-09-02T19:04:05+00:00,3b81531990da7ea3e461c43e8827672b,2026-09-05,Brighton,Leeds,1x2,home,BetUS,-108
2026-09-02T19:04:05+00:00,3b81531990da7ea3e461c43e8827672b,2026-09-05,Brighton,Leeds,1x2,home,Bovada,-110
2026-09-02T19:04:05+00:00,3b81531990da7ea3e461c43e8827672b,2026-09-05,Brighton,Leeds,1x2,home,Caesars,-110
2026-09-02T19:04:05+00:00,3b81531990da7ea3e461c43e8827672b,2026-09-05,Brighton,Leeds,1x2,home,DraftKings,-110
2026-09-02T19:04:05+00:00,3b81531990da7ea3e461c43e8827672b,2026-09-05,Brighton,Leeds,1x2,home,FanDuel,-120
2026-09-02T19:04:05+00:00,3b81531990da7ea3e461c43e8827672b,2026-09-05,Brighton,Leeds,1x2,home,Fanatics,-110
2026-09-02T19:04:05+00:00,3b81531990da7ea3e461c43e8827672b,2026-09-05,Brighton,Leeds,1x2,home,LowVig.ag,-108
2026-09-02T19:04:05+00:00,3b81531990da7ea3e461c43e8827672b,2026-09-05,Brighton,Leeds,1x2,home,MyBookie.ag,-112
2026-09-02T19:04:05+00:00,3b81531990da7ea3e461c43e8827672b,2026-09-05,Brighton,Leeds,btts,no,BetMGM,105
2026-09-02T19:04:05+00:00,3b81531990da7ea3e461c43e8827672b,2026-09-05,Brighton,Leeds,btts,no,BetOnline.ag,104
2026-09-02T19:04:05+00:00,3b81531990da7ea3e461c43e8827672b,2026-09-05,Brighton,Leeds,btts,no,BetRivers,100
2026-09-02T19:04:05+00:00,3b81531990da7ea3e461c43e8827672b,2026-09-05,Brighton,Leeds,btts,no,Bovada,110
2026-09-02T19:04:05+00:00,3b81531990da7ea3e461c43e8827672b,2026-09-05,Brighton,Leeds,btts,no,Caesars,103
2026-09-02T19:04:05+00:00,3b81531990da7ea3e461c43e8827672b,2026-09-05,Brighton,Leeds,btts,no,DraftKings,110
2026-09-02T19:04:05+00:00,3b81531990da7ea3e461c43e8827672b,2026-09-05,Brighton,Leeds,btts,no,FanDuel,116
2026-09-02T19:04:05+00:00,3b81531990da7ea3e461c43e8827672b,2026-09-05,Brighton,Leeds,btts,no,Fanatics,105
2026-09-02T19:04:05+00:00,3b81531990da7ea3e461c43e8827672b,2026-09-05,Brighton,Leeds,btts,no,MyBookie.ag,104
2026-09-02T19:04:05+00:00,3b81531990da7ea3e461c43e8827672b,2026-09-05,Brighton,Leeds,btts,yes,BetMGM,-145
2026-09-02T19:04:05+00:00,3b81531990da7ea3e461c43e8827672b,2026-09-05,Brighton,Leeds,btts,yes,BetOnline.ag,-135
2026-09-02T19:04:05+00:00,3b81531990da7ea3e461c43e8827672b,2026-09-05,Brighton,Leeds,btts,yes,BetRivers,-136
2026-09-02T19:04:05+00:00,3b81531990da7ea3e461c43e8827672b,2026-09-05,Brighton,Leeds,btts,yes,Bovada,-145
2026-09-02T19:04:05+00:00,3b81531990da7ea3e461c43e8827672b,2026-09-05,Brighton,Leeds,btts,yes,Caesars,-130
2026-09-02T19:04:05+00:00,3b81531990da7ea3e461c43e8827672b,2026-09-05,Brighton,Leeds,btts,yes,DraftKings,-140
2026-09-02T19:04:05+00:00,3b81531990da7ea3e461c43e8827672b,2026-09-05,Brighton,Leeds,btts,yes,FanDuel,-148
2026-09-02T19:04:05+00:00,3b81531990da7ea3e461c43e8827672b,2026-09-05,Brighton,Leeds,btts,yes,Fanatics,-140
2026-09-02T19:04:05+00:00,3b81531990da7ea3e461c43e8827672b,2026-09-05,Brighton,Leeds,btts,yes,MyBookie.ag,-143
2026-09-02T19:04:05+00:00,3b81531990da7ea3e461c43e8827672b,2026-09-05,Brighton,Leeds,corners_1x2,away,BetMGM,300
2026-09-02T19:04:05+00:00,3b81531990da7ea3e461c43e8827672b,2026-09-05,Brighton,Leeds,corners_1x2,away,BetRivers,245
2026-09-02T19:04:05+00:00,3b81531990da7ea3e461c43e8827672b,2026-09-05,Brighton,Leeds,corners_1x2,away,Bovada,300
2026-09-02T19:04:05+00:00,3b81531990da7ea3e461c43e8827672b,2026-09-05,Brighton,Leeds,corners_1x2,away,DraftKings,425
2026-09-02T19:04:05+00:00,3b81531990da7ea3e461c43e8827672b,2026-09-05,Brighton,Leeds,corners_1x2,away,FanDuel,350
2026-09-02T19:04:05+00:00,3b81531990da7ea3e461c43e8827672b,2026-09-05,Brighton,Leeds,corners_1x2,draw,BetMGM,775
2026-09-02T19:04:05+00:00,3b81531990da7ea3e461c43e8827672b,2026-09-05,Brighton,Leeds,corners_1x2,draw,BetRivers,700
2026-09-02T19:04:05+00:00,3b81531990da7ea3e461c43e8827672b,2026-09-05,Brighton,Leeds,corners_1x2,draw,Bovada,775
2026-09-02T19:04:05+00:00,3b81531990da7ea3e461c43e8827672b,2026-09-05,Brighton,Leeds,corners_1x2,draw,DraftKings,850
2026-09-02T19:04:05+00:00,3b81531990da7ea3e461c43e8827672b,2026-09-05,Brighton,Leeds,corners_1x2,draw,FanDuel,800
2026-09-02T19:04:05+00:00,3b81531990da7ea3e461c43e8827672b,2026-09-05,Brighton,Leeds,corners_1x2,home,BetMGM,-295
2026-09-02T19:04:05+00:00,3b81531990da7ea3e461c43e8827672b,2026-09-05,Brighton,Leeds,corners_1x2,home,BetRivers,-265
2026-09-02T19:04:05+00:00,3b81531990da7ea3e461c43e8827672b,2026-09-05,Brighton,Leeds,corners_1x2,home,Bovada,-290
2026-09-02T19:04:05+00:00,3b81531990da7ea3e461c43e8827672b,2026-09-05,Brighton,Leeds,corners_1x2,home,DraftKings,-360
2026-09-02T19:04:05+00:00,3b81531990da7ea3e461c43e8827672b,2026-09-05,Brighton,Leeds,corners_1x2,home,FanDuel,-320
2026-09-02T19:04:05+00:00,3b81531990da7ea3e461c43e8827672b,2026-09-05,Brighton,Leeds,corners_total_10_5,over,BetMGM,110
2026-09-02T19:04:05+00:00,3b81531990da7ea3e461c43e8827672b,2026-09-05,Brighton,Leeds,corners_total_10_5,over,BetRivers,123
2026-09-02T19:04:05+00:00,3b81531990da7ea3e461c43e8827672b,2026-09-05,Brighton,Leeds,corners_total_10_5,over,Bovada,113
2026-09-02T19:04:05+00:00,3b81531990da7ea3e461c43e8827672b,2026-09-05,Brighton,Leeds,corners_total_10_5,over,DraftKings,115
2026-09-02T19:04:05+00:00,3b81531990da7ea3e461c43e8827672b,2026-09-05,Brighton,Leeds,corners_total_10_5,over,FanDuel,102
2026-09-02T19:04:05+00:00,3b81531990da7ea3e461c43e8827672b,2026-09-05,Brighton,Leeds,corners_total_10_5,under,BetMGM,-155
2026-09-02T19:04:05+00:00,3b81531990da7ea3e461c43e8827672b,2026-09-05,Brighton,Leeds,corners_total_10_5,under,BetRivers,-180
2026-09-02T19:04:05+00:00,3b81531990da7ea3e461c43e8827672b,2026-09-05,Brighton,Leeds,corners_total_10_5,under,Bovada,-148
2026-09-02T19:04:05+00:00,3b81531990da7ea3e461c43e8827672b,2026-09-05,Brighton,Leeds,corners_total_10_5,under,DraftKings,-155
2026-09-02T19:04:05+00:00,3b81531990da7ea3e461c43e8827672b,2026-09-05,Brighton,Leeds,corners_total_10_5,under,FanDuel,-136
2026-09-02T19:04:05+00:00,3b81531990da7ea3e461c43e8827672b,2026-09-05,Brighton,Leeds,corners_total_9_5,over,BetMGM,-150
2026-09-02T19:04:05+00:00,3b81531990da7ea3e461c43e8827672b,2026-09-05,Brighton,Leeds,corners_total_9_5,over,BetRivers,-132
2026-09-02T19:04:05+00:00,3b81531990da7ea3e461c43e8827672b,2026-09-05,Brighton,Leeds,corners_total_9_5,over,Bovada,-140
2026-09-02T19:04:05+00:00,3b81531990da7ea3e461c43e8827672b,2026-09-05,Brighton,Leeds,corners_total_9_5,over,Caesars,-137
2026-09-02T19:04:05+00:00,3b81531990da7ea3e461c43e8827672b,2026-09-05,Brighton,Leeds,corners_total_9_5,over,DraftKings,-145
2026-09-02T19:04:05+00:00,3b81531990da7ea3e461c43e8827672b,2026-09-05,Brighton,Leeds,corners_total_9_5,over,FanDuel,-168
2026-09-02T19:04:05+00:00,3b81531990da7ea3e461c43e8827672b,2026-09-05,Brighton,Leeds,corners_total_9_5,over,MyBookie.ag,-138
2026-09-02T19:04:05+00:00,3b81531990da7ea3e461c43e8827672b,2026-09-05,Brighton,Leeds,corners_total_9_5,under,BetMGM,105
2026-09-02T19:04:05+00:00,3b81531990da7ea3e461c43e8827672b,2026-09-05,Brighton,Leeds,corners_total_9_5,under,BetRivers,-112
2026-09-02T19:04:05+00:00,3b81531990da7ea3e461c43e8827672b,2026-09-05,Brighton,Leeds,corners_total_9_5,under,Bovada,108
2026-09-02T19:04:05+00:00,3b81531990da7ea3e461c43e8827672b,2026-09-05,Brighton,Leeds,corners_total_9_5,under,Caesars,108
2026-09-02T19:04:05+00:00,3b81531990da7ea3e461c43e8827672b,2026-09-05,Brighton,Leeds,corners_total_9_5,under,DraftKings,105
2026-09-02T19:04:05+00:00,3b81531990da7ea3e461c43e8827672b,2026-09-05,Brighton,Leeds,corners_total_9_5,under,FanDuel,126
2026-09-02T19:04:05+00:00,3b81531990da7ea3e461c43e8827672b,2026-09-05,Brighton,Leeds,corners_total_9_5,under,MyBookie.ag,100
2026-09-02T19:04:05+00:00,3b81531990da7ea3e461c43e8827672b,2026-09-05,Brighton,Leeds,double_chance,draw_or_away,BetOnline.ag,-108
2026-09-02T19:04:05+00:00,3b81531990da7ea3e461c43e8827672b,2026-09-05,Brighton,Leeds,double_chance,draw_or_away,BetRivers,-115
2026-09-02T19:04:05+00:00,3b81531990da7ea3e461c43e8827672b,2026-09-05,Brighton,Leeds,double_chance,draw_or_away,Bovada,-117
2026-09-02T19:04:05+00:00,3b81531990da7ea3e461c43e8827672b,2026-09-05,Brighton,Leeds,double_chance,draw_or_away,DraftKings,-115
2026-09-02T19:04:05+00:00,3b81531990da7ea3e461c43e8827672b,2026-09-05,Brighton,Leeds,double_chance,draw_or_away,FanDuel,-120
2026-09-02T19:04:05+00:00,3b81531990da7ea3e461c43e8827672b,2026-09-05,Brighton,Leeds,double_chance,draw_or_away,Fanatics,-115
2026-09-02T19:04:05+00:00,3b81531990da7ea3e461c43e8827672b,2026-09-05,Brighton,Leeds,double_chance,draw_or_away,MyBookie.ag,-157
2026-09-02T19:04:05+00:00,3b81531990da7ea3e461c43e8827672b,2026-09-05,Brighton,Leeds,double_chance,home_or_away,BetOnline.ag,-345
2026-09-02T19:04:05+00:00,3b81531990da7ea3e461c43e8827672b,2026-09-05,Brighton,Leeds,double_chance,home_or_away,BetRivers,-335
2026-09-02T19:04:05+00:00,3b81531990da7ea3e461c43e8827672b,2026-09-05,Brighton,Leeds,double_chance,home_or_away,Bovada,-360
2026-09-02T19:04:05+00:00,3b81531990da7ea3e461c43e8827672b,2026-09-05,Brighton,Leeds,double_chance,home_or_away,DraftKings,-350
2026-09-02T19:04:05+00:00,3b81531990da7ea3e461c43e8827672b,2026-09-05,Brighton,Leeds,double_chance,home_or_away,FanDuel,-350
2026-09-02T19:04:05+00:00,3b81531990da7ea3e461c43e8827672b,2026-09-05,Brighton,Leeds,double_chance,home_or_away,Fanatics,-350
2026-09-02T19:04:05+00:00,3b81531990da7ea3e461c43e8827672b,2026-09-05,Brighton,Leeds,double_chance,home_or_away,MyBookie.ag,-429
2026-09-02T19:04:05+00:00,3b81531990da7ea3e461c43e8827672b,2026-09-05,Brighton,Leeds,double_chance,home_or_draw,BetOnline.ag,-435
2026-09-02T19:04:05+00:00,3b81531990da7ea3e461c43e8827672b,2026-09-05,Brighton,Leeds,double_chance,home_or_draw,BetRivers,-435
2026-09-02T19:04:05+00:00,3b81531990da7ea3e461c43e8827672b,2026-09-05,Brighton,Leeds,double_chance,home_or_draw,Bovada,-420
2026-09-02T19:04:05+00:00,3b81531990da7ea3e461c43e8827672b,2026-09-05,Brighton,Leeds,double_chance,home_or_draw,DraftKings,-390
2026-09-02T19:04:05+00:00,3b81531990da7ea3e461c43e8827672b,2026-09-05,Brighton,Leeds,double_chance,home_or_draw,FanDuel,-425
2026-09-02T19:04:05+00:00,3b81531990da7ea3e461c43e8827672b,2026-09-05,Brighton,Leeds,double_chance,home_or_draw,Fanatics,-400
2026-09-02T19:04:05+00:00,3b81531990da7ea3e461c43e8827672b,2026-09-05,Brighton,Leeds,double_chance,home_or_draw,MyBookie.ag,-490
2026-09-02T19:04:05+00:00,3b81531990da7ea3e461c43e8827672b,2026-09-05,Brighton,Leeds,draw_no_bet,away,BetMGM,180
2026-09-02T19:04:05+00:00,3b81531990da7ea3e461c43e8827672b,2026-09-05,Brighton,Leeds,draw_no_bet,away,BetOnline.ag,195
2026-09-02T19:04:05+00:00,3b81531990da7ea3e461c43e8827672b,2026-09-05,Brighton,Leeds,draw_no_bet,away,BetRivers,180
2026-09-02T19:04:05+00:00,3b81531990da7ea3e461c43e8827672b,2026-09-05,Brighton,Leeds,draw_no_bet,away,Bovada,193
2026-09-02T19:04:05+00:00,3b81531990da7ea3e461c43e8827672b,2026-09-05,Brighton,Leeds,draw_no_bet,away,Caesars,170
2026-09-02T19:04:05+00:00,3b81531990da7ea3e461c43e8827672b,2026-09-05,Brighton,Leeds,draw_no_bet,away,DraftKings,185
2026-09-02T19:04:05+00:00,3b81531990da7ea3e461c43e8827672b,2026-09-05,Brighton,Leeds,draw_no_bet,away,FanDuel,200
2026-09-02T19:04:05+00:00,3b81531990da7ea3e461c43e8827672b,2026-09-05,Brighton,Leeds,draw_no_bet,away,Fanatics,190
2026-09-02T19:04:05+00:00,3b81531990da7ea3e461c43e8827672b,2026-09-05,Brighton,Leeds,draw_no_bet,away,MyBookie.ag,180
2026-09-02T19:04:05+00:00,3b81531990da7ea3e461c43e8827672b,2026-09-05,Brighton,Leeds,draw_no_bet,home,BetMGM,-275
2026-09-02T19:04:05+00:00,3b81531990da7ea3e461c43e8827672b,2026-09-05,Brighton,Leeds,draw_no_bet,home,BetOnline.ag,-256
2026-09-02T19:04:05+00:00,3b81531990da7ea3e461c43e8827672b,2026-09-05,Brighton,Leeds,draw_no_bet,home,BetRivers,-275
2026-09-02T19:04:05+00:00,3b81531990da7ea3e461c43e8827672b,2026-09-05,Brighton,Leeds,draw_no_bet,home,Bovada,-240
2026-09-02T19:04:05+00:00,3b81531990da7ea3e461c43e8827672b,2026-09-05,Brighton,Leeds,draw_no_bet,home,Caesars,-235
2026-09-02T19:04:05+00:00,3b81531990da7ea3e461c43e8827672b,2026-09-05,Brighton,Leeds,draw_no_bet,home,DraftKings,-240
2026-09-02T19:04:05+00:00,3b81531990da7ea3e461c43e8827672b,2026-09-05,Brighton,Leeds,draw_no_bet,home,FanDuel,-245
2026-09-02T19:04:05+00:00,3b81531990da7ea3e461c43e8827672b,2026-09-05,Brighton,Leeds,draw_no_bet,home,Fanatics,-260
2026-09-02T19:04:05+00:00,3b81531990da7ea3e461c43e8827672b,2026-09-05,Brighton,Leeds,draw_no_bet,home,MyBookie.ag,-236
2026-09-02T19:04:05+00:00,3b81531990da7ea3e461c43e8827672b,2026-09-05,Brighton,Leeds,total_2_5,over,BetMGM,-125
2026-09-02T19:04:05+00:00,3b81531990da7ea3e461c43e8827672b,2026-09-05,Brighton,Leeds,total_2_5,over,BetOnline.ag,-120
2026-09-02T19:04:05+00:00,3b81531990da7ea3e461c43e8827672b,2026-09-05,Brighton,Leeds,total_2_5,over,BetRivers,-112
2026-09-02T19:04:05+00:00,3b81531990da7ea3e461c43e8827672b,2026-09-05,Brighton,Leeds,total_2_5,over,BetUS,-125
2026-09-02T19:04:05+00:00,3b81531990da7ea3e461c43e8827672b,2026-09-05,Brighton,Leeds,total_2_5,over,Bovada,-118
2026-09-02T19:04:05+00:00,3b81531990da7ea3e461c43e8827672b,2026-09-05,Brighton,Leeds,total_2_5,over,Caesars,-122
2026-09-02T19:04:05+00:00,3b81531990da7ea3e461c43e8827672b,2026-09-05,Brighton,Leeds,total_2_5,over,DraftKings,-115
2026-09-02T19:04:05+00:00,3b81531990da7ea3e461c43e8827672b,2026-09-05,Brighton,Leeds,total_2_5,over,FanDuel,-122
2026-09-02T19:04:05+00:00,3b81531990da7ea3e461c43e8827672b,2026-09-05,Brighton,Leeds,total_2_5,over,Fanatics,-115
2026-09-02T19:04:05+00:00,3b81531990da7ea3e461c43e8827672b,2026-09-05,Brighton,Leeds,total_2_5,over,LowVig.ag,-120
2026-09-02T19:04:05+00:00,3b81531990da7ea3e461c43e8827672b,2026-09-05,Brighton,Leeds,total_2_5,over,MyBookie.ag,-127
2026-09-02T19:04:05+00:00,3b81531990da7ea3e461c43e8827672b,2026-09-05,Brighton,Leeds,total_2_5,under,BetMGM,-110
2026-09-02T19:04:05+00:00,3b81531990da7ea3e461c43e8827672b,2026-09-05,Brighton,Leeds,total_2_5,under,BetOnline.ag,-102
2026-09-02T19:04:05+00:00,3b81531990da7ea3e461c43e8827672b,2026-09-05,Brighton,Leeds,total_2_5,under,BetRivers,-114
2026-09-02T19:04:05+00:00,3b81531990da7ea3e461c43e8827672b,2026-09-05,Brighton,Leeds,total_2_5,under,BetUS,105
2026-09-02T19:04:05+00:00,3b81531990da7ea3e461c43e8827672b,2026-09-05,Brighton,Leeds,total_2_5,under,Bovada,-102
2026-09-02T19:04:05+00:00,3b81531990da7ea3e461c43e8827672b,2026-09-05,Brighton,Leeds,total_2_5,under,Caesars,-106
2026-09-02T19:04:05+00:00,3b81531990da7ea3e461c43e8827672b,2026-09-05,Brighton,Leeds,total_2_5,under,DraftKings,-105
2026-09-02T19:04:05+00:00,3b81531990da7ea3e461c43e8827672b,2026-09-05,Brighton,Leeds,total_2_5,under,FanDuel,100
2026-09-02T19:04:05+00:00,3b81531990da7ea3e461c43e8827672b,2026-09-05,Brighton,Leeds,total_2_5,under,Fanatics,-115
2026-09-02T19:04:05+00:00,3b81531990da7ea3e461c43e8827672b,2026-09-05,Brighton,Leeds,total_2_5,under,LowVig.ag,-102
2026-09-02T19:04:05+00:00,3b81531990da7ea3e461c43e8827672b,2026-09-05,Brighton,Leeds,total_2_5,under,MyBookie.ag,-108
2026-09-02T19:04:05+00:00,3db5f919507eb8ab0c8c72bddaca8f08,2026-09-05,Man City,Coventry,1x2,away,BetMGM,950
2026-09-02T19:04:05+00:00,3db5f919507eb8ab0c8c72bddaca8f08,2026-09-05,Man City,Coventry,1x2,away,BetOnline.ag,1500
2026-09-02T19:04:05+00:00,3db5f919507eb8ab0c8c72bddaca8f08,2026-09-05,Man City,Coventry,1x2,away,BetRivers,1400
2026-09-02T19:04:05+00:00,3db5f919507eb8ab0c8c72bddaca8f08,2026-09-05,Man City,Coventry,1x2,away,BetUS,1500
2026-09-02T19:04:05+00:00,3db5f919507eb8ab0c8c72bddaca8f08,2026-09-05,Man City,Coventry,1x2,away,Bovada,1200
2026-09-02T19:04:05+00:00,3db5f919507eb8ab0c8c72bddaca8f08,2026-09-05,Man City,Coventry,1x2,away,Caesars,1200
2026-09-02T19:04:05+00:00,3db5f919507eb8ab0c8c72bddaca8f08,2026-09-05,Man City,Coventry,1x2,away,DraftKings,1300
2026-09-02T19:04:05+00:00,3db5f919507eb8ab0c8c72bddaca8f08,2026-09-05,Man City,Coventry,1x2,away,FanDuel,1200
2026-09-02T19:04:05+00:00,3db5f919507eb8ab0c8c72bddaca8f08,2026-09-05,Man City,Coventry,1x2,away,Fanatics,1400
2026-09-02T19:04:05+00:00,3db5f919507eb8ab0c8c72bddaca8f08,2026-09-05,Man City,Coventry,1x2,away,LowVig.ag,1500
2026-09-02T19:04:05+00:00,3db5f919507eb8ab0c8c72bddaca8f08,2026-09-05,Man City,Coventry,1x2,away,MyBookie.ag,1025
2026-09-02T19:04:05+00:00,3db5f919507eb8ab0c8c72bddaca8f08,2026-09-05,Man City,Coventry,1x2,draw,BetMGM,550
2026-09-02T19:04:05+00:00,3db5f919507eb8ab0c8c72bddaca8f08,2026-09-05,Man City,Coventry,1x2,draw,BetOnline.ag,700
2026-09-02T19:04:05+00:00,3db5f919507eb8ab0c8c72bddaca8f08,2026-09-05,Man City,Coventry,1x2,draw,BetRivers,650
2026-09-02T19:04:05+00:00,3db5f919507eb8ab0c8c72bddaca8f08,2026-09-05,Man City,Coventry,1x2,draw,BetUS,700
2026-09-02T19:04:05+00:00,3db5f919507eb8ab0c8c72bddaca8f08,2026-09-05,Man City,Coventry,1x2,draw,Bovada,700
2026-09-02T19:04:05+00:00,3db5f919507eb8ab0c8c72bddaca8f08,2026-09-05,Man City,Coventry,1x2,draw,Caesars,650
2026-09-02T19:04:05+00:00,3db5f919507eb8ab0c8c72bddaca8f08,2026-09-05,Man City,Coventry,1x2,draw,DraftKings,700
2026-09-02T19:04:05+00:00,3db5f919507eb8ab0c8c72bddaca8f08,2026-09-05,Man City,Coventry,1x2,draw,FanDuel,700
2026-09-02T19:04:05+00:00,3db5f919507eb8ab0c8c72bddaca8f08,2026-09-05,Man City,Coventry,1x2,draw,Fanatics,700
2026-09-02T19:04:05+00:00,3db5f919507eb8ab0c8c72bddaca8f08,2026-09-05,Man City,Coventry,1x2,draw,LowVig.ag,700
2026-09-02T19:04:05+00:00,3db5f919507eb8ab0c8c72bddaca8f08,2026-09-05,Man City,Coventry,1x2,draw,MyBookie.ag,620
2026-09-02T19:04:05+00:00,3db5f919507eb8ab0c8c72bddaca8f08,2026-09-05,Man City,Coventry,1x2,home,BetMGM,-600
2026-09-02T19:04:05+00:00,3db5f919507eb8ab0c8c72bddaca8f08,2026-09-05,Man City,Coventry,1x2,home,BetOnline.ag,-550
2026-09-02T19:04:05+00:00,3db5f919507eb8ab0c8c72bddaca8f08,2026-09-05,Man City,Coventry,1x2,home,BetRivers,-560
2026-09-02T19:04:05+00:00,3db5f919507eb8ab0c8c72bddaca8f08,2026-09-05,Man City,Coventry,1x2,home,BetUS,-550
2026-09-02T19:04:05+00:00,3db5f919507eb8ab0c8c72bddaca8f08,2026-09-05,Man City,Coventry,1x2,home,Bovada,-575
2026-09-02T19:04:05+00:00,3db5f919507eb8ab0c8c72bddaca8f08,2026-09-05,Man City,Coventry,1x2,home,Caesars,-590
2026-09-02T19:04:05+00:00,3db5f919507eb8ab0c8c72bddaca8f08,2026-09-05,Man City,Coventry,1x2,home,DraftKings,-575
2026-09-02T19:04:05+00:00,3db5f919507eb8ab0c8c72bddaca8f08,2026-09-05,Man City,Coventry,1x2,home,FanDuel,-750
2026-09-02T19:04:05+00:00,3db5f919507eb8ab0c8c72bddaca8f08,2026-09-05,Man City,Coventry,1x2,home,Fanatics,-630
2026-09-02T19:04:05+00:00,3db5f919507eb8ab0c8c72bddaca8f08,2026-09-05,Man City,Coventry,1x2,home,LowVig.ag,-550
2026-09-02T19:04:05+00:00,3db5f919507eb8ab0c8c72bddaca8f08,2026-09-05,Man City,Coventry,1x2,home,MyBookie.ag,-575
2026-09-02T19:04:05+00:00,3db5f919507eb8ab0c8c72bddaca8f08,2026-09-05,Man City,Coventry,btts,no,BetMGM,-125
2026-09-02T19:04:05+00:00,3db5f919507eb8ab0c8c72bddaca8f08,2026-09-05,Man City,Coventry,btts,no,BetOnline.ag,-120
2026-09-02T19:04:05+00:00,3db5f919507eb8ab0c8c72bddaca8f08,2026-09-05,Man City,Coventry,btts,no,BetRivers,-124
2026-09-02T19:04:05+00:00,3db5f919507eb8ab0c8c72bddaca8f08,2026-09-05,Man City,Coventry,btts,no,Bovada,-120
2026-09-02T19:04:05+00:00,3db5f919507eb8ab0c8c72bddaca8f08,2026-09-05,Man City,Coventry,btts,no,Caesars,-115
2026-09-02T19:04:05+00:00,3db5f919507eb8ab0c8c72bddaca8f08,2026-09-05,Man City,Coventry,btts,no,DraftKings,-115
2026-09-02T19:04:05+00:00,3db5f919507eb8ab0c8c72bddaca8f08,2026-09-05,Man City,Coventry,btts,no,FanDuel,-130
2026-09-02T19:04:05+00:00,3db5f919507eb8ab0c8c72bddaca8f08,2026-09-05,Man City,Coventry,btts,no,Fanatics,-120
2026-09-02T19:04:05+00:00,3db5f919507eb8ab0c8c72bddaca8f08,2026-09-05,Man City,Coventry,btts,no,MyBookie.ag,-118
2026-09-02T19:04:05+00:00,3db5f919507eb8ab0c8c72bddaca8f08,2026-09-05,Man City,Coventry,btts,yes,BetMGM,-112
2026-09-02T19:04:05+00:00,3db5f919507eb8ab0c8c72bddaca8f08,2026-09-05,Man City,Coventry,btts,yes,BetOnline.ag,-106
2026-09-02T19:04:05+00:00,3db5f919507eb8ab0c8c72bddaca8f08,2026-09-05,Man City,Coventry,btts,yes,BetRivers,-110
2026-09-02T19:04:05+00:00,3db5f919507eb8ab0c8c72bddaca8f08,2026-09-05,Man City,Coventry,btts,yes,Bovada,-110
2026-09-02T19:04:05+00:00,3db5f919507eb8ab0c8c72bddaca8f08,2026-09-05,Man City,Coventry,btts,yes,Caesars,-112
2026-09-02T19:04:05+00:00,3db5f919507eb8ab0c8c72bddaca8f08,2026-09-05,Man City,Coventry,btts,yes,DraftKings,-110
2026-09-02T19:04:05+00:00,3db5f919507eb8ab0c8c72bddaca8f08,2026-09-05,Man City,Coventry,btts,yes,FanDuel,104
2026-09-02T19:04:05+00:00,3db5f919507eb8ab0c8c72bddaca8f08,2026-09-05,Man City,Coventry,btts,yes,Fanatics,-110
2026-09-02T19:04:05+00:00,3db5f919507eb8ab0c8c72bddaca8f08,2026-09-05,Man City,Coventry,btts,yes,MyBookie.ag,-117
2026-09-02T19:04:05+00:00,3db5f919507eb8ab0c8c72bddaca8f08,2026-09-05,Man City,Coventry,corners_1x2,away,BetMGM,750
2026-09-02T19:04:05+00:00,3db5f919507eb8ab0c8c72bddaca8f08,2026-09-05,Man City,Coventry,corners_1x2,away,BetRivers,700
2026-09-02T19:04:05+00:00,3db5f919507eb8ab0c8c72bddaca8f08,2026-09-05,Man City,Coventry,corners_1x2,away,Bovada,750
2026-09-02T19:04:05+00:00,3db5f919507eb8ab0c8c72bddaca8f08,2026-09-05,Man City,Coventry,corners_1x2,away,DraftKings,1500
2026-09-02T19:04:05+00:00,3db5f919507eb8ab0c8c72bddaca8f08,2026-09-05,Man City,Coventry,corners_1x2,draw,BetMGM,1150
2026-09-02T19:04:05+00:00,3db5f919507eb8ab0c8c72bddaca8f08,2026-09-05,Man City,Coventry,corners_1x2,draw,BetRivers,1050
2026-09-02T19:04:05+00:00,3db5f919507eb8ab0c8c72bddaca8f08,2026-09-05,Man City,Coventry,corners_1x2,draw,Bovada,1200
2026-09-02T19:04:05+00:00,3db5f919507eb8ab0c8c72bddaca8f08,2026-09-05,Man City,Coventry,corners_1x2,draw,DraftKings,1800
2026-09-02T19:04:05+00:00,3db5f919507eb8ab0c8c72bddaca8f08,2026-09-05,Man City,Coventry,corners_1x2,home,BetMGM,-800
2026-09-02T19:04:05+00:00,3db5f919507eb8ab0c8c72bddaca8f08,2026-09-05,Man City,Coventry,corners_1x2,home,BetRivers,-1000
2026-09-02T19:04:05+00:00,3db5f919507eb8ab0c8c72bddaca8f08,2026-09-05,Man City,Coventry,corners_1x2,home,Bovada,-800
2026-09-02T19:04:05+00:00,3db5f919507eb8ab0c8c72bddaca8f08,2026-09-05,Man City,Coventry,corners_1x2,home,DraftKings,-2000
2026-09-02T19:04:05+00:00,3db5f919507eb8ab0c8c72bddaca8f08,2026-09-05,Man City,Coventry,corners_total_10_5,over,BetMGM,-102
2026-09-02T19:04:05+00:00,3db5f919507eb8ab0c8c72bddaca8f08,2026-09-05,Man City,Coventry,corners_total_10_5,over,BetRivers,-108
2026-09-02T19:04:05+00:00,3db5f919507eb8ab0c8c72bddaca8f08,2026-09-05,Man City,Coventry,corners_total_10_5,over,Bovada,-105
2026-09-02T19:04:05+00:00,3db5f919507eb8ab0c8c72bddaca8f08,2026-09-05,Man City,Coventry,corners_total_10_5,over,Caesars,-102
2026-09-02T19:04:05+00:00,3db5f919507eb8ab0c8c72bddaca8f08,2026-09-05,Man City,Coventry,corners_total_10_5,over,DraftKings,-105
2026-09-02T19:04:05+00:00,3db5f919507eb8ab0c8c72bddaca8f08,2026-09-05,Man City,Coventry,corners_total_10_5,over,MyBookie.ag,-110
2026-09-02T19:04:05+00:00,3db5f919507eb8ab0c8c72bddaca8f08,2026-09-05,Man City,Coventry,corners_total_10_5,under,BetMGM,-140
2026-09-02T19:04:05+00:00,3db5f919507eb8ab0c8c72bddaca8f08,2026-09-05,Man City,Coventry,corners_total_10_5,under,BetRivers,-136
2026-09-02T19:04:05+00:00,3db5f919507eb8ab0c8c72bddaca8f08,2026-09-05,Man City,Coventry,corners_total_10_5,under,Bovada,-125
2026-09-02T19:04:05+00:00,3db5f919507eb8ab0c8c72bddaca8f08,2026-09-05,Man City,Coventry,corners_total_10_5,under,Caesars,-125
2026-09-02T19:04:05+00:00,3db5f919507eb8ab0c8c72bddaca8f08,2026-09-05,Man City,Coventry,corners_total_10_5,under,DraftKings,-130
2026-09-02T19:04:05+00:00,3db5f919507eb8ab0c8c72bddaca8f08,2026-09-05,Man City,Coventry,corners_total_10_5,under,MyBookie.ag,-125
2026-09-02T19:04:05+00:00,3db5f919507eb8ab0c8c72bddaca8f08,2026-09-05,Man City,Coventry,corners_total_9_5,over,BetMGM,-165
2026-09-02T19:04:05+00:00,3db5f919507eb8ab0c8c72bddaca8f08,2026-09-05,Man City,Coventry,corners_total_9_5,over,BetRivers,-175
2026-09-02T19:04:05+00:00,3db5f919507eb8ab0c8c72bddaca8f08,2026-09-05,Man City,Coventry,corners_total_9_5,over,Bovada,-172
2026-09-02T19:04:05+00:00,3db5f919507eb8ab0c8c72bddaca8f08,2026-09-05,Man City,Coventry,corners_total_9_5,over,DraftKings,-175
2026-09-02T19:04:05+00:00,3db5f919507eb8ab0c8c72bddaca8f08,2026-09-05,Man City,Coventry,corners_total_9_5,under,BetMGM,115
2026-09-02T19:04:05+00:00,3db5f919507eb8ab0c8c72bddaca8f08,2026-09-05,Man City,Coventry,corners_total_9_5,under,BetRivers,117
2026-09-02T19:04:05+00:00,3db5f919507eb8ab0c8c72bddaca8f08,2026-09-05,Man City,Coventry,corners_total_9_5,under,Bovada,130
2026-09-02T19:04:05+00:00,3db5f919507eb8ab0c8c72bddaca8f08,2026-09-05,Man City,Coventry,corners_total_9_5,under,DraftKings,125
2026-09-02T19:04:05+00:00,3db5f919507eb8ab0c8c72bddaca8f08,2026-09-05,Man City,Coventry,double_chance,draw_or_away,BetOnline.ag,370
2026-09-02T19:04:05+00:00,3db5f919507eb8ab0c8c72bddaca8f08,2026-09-05,Man City,Coventry,double_chance,draw_or_away,BetRivers,380
2026-09-02T19:04:05+00:00,3db5f919507eb8ab0c8c72bddaca8f08,2026-09-05,Man City,Coventry,double_chance,draw_or_away,DraftKings,360
2026-09-02T19:04:05+00:00,3db5f919507eb8ab0c8c72bddaca8f08,2026-09-05,Man City,Coventry,double_chance,draw_or_away,FanDuel,460
2026-09-02T19:04:05+00:00,3db5f919507eb8ab0c8c72bddaca8f08,2026-09-05,Man City,Coventry,double_chance,draw_or_away,Fanatics,400
2026-09-02T19:04:05+00:00,3db5f919507eb8ab0c8c72bddaca8f08,2026-09-05,Man City,Coventry,double_chance,draw_or_away,MyBookie.ag,198
2026-09-02T19:04:05+00:00,3db5f919507eb8ab0c8c72bddaca8f08,2026-09-05,Man City,Coventry,double_chance,home_or_away,BetOnline.ag,-1429
2026-09-02T19:04:05+00:00,3db5f919507eb8ab0c8c72bddaca8f08,2026-09-05,Man City,Coventry,double_chance,home_or_away,BetRivers,-1250
2026-09-02T19:04:05+00:00,3db5f919507eb8ab0c8c72bddaca8f08,2026-09-05,Man City,Coventry,double_chance,home_or_away,DraftKings,-1400
2026-09-02T19:04:05+00:00,3db5f919507eb8ab0c8c72bddaca8f08,2026-09-05,Man City,Coventry,double_chance,home_or_away,FanDuel,-1250
2026-09-02T19:04:05+00:00,3db5f919507eb8ab0c8c72bddaca8f08,2026-09-05,Man City,Coventry,double_chance,home_or_away,Fanatics,-1100
2026-09-02T19:04:05+00:00,3db5f919507eb8ab0c8c72bddaca8f08,2026-09-05,Man City,Coventry,double_chance,home_or_away,MyBookie.ag,-1786
2026-09-02T19:04:05+00:00,3db5f919507eb8ab0c8c72bddaca8f08,2026-09-05,Man City,Coventry,double_chance,home_or_draw,BetOnline.ag,-5000
2026-09-02T19:04:05+00:00,3db5f919507eb8ab0c8c72bddaca8f08,2026-09-05,Man City,Coventry,double_chance,home_or_draw,BetRivers,-5000
2026-09-02T19:04:05+00:00,3db5f919507eb8ab0c8c72bddaca8f08,2026-09-05,Man City,Coventry,double_chance,home_or_draw,DraftKings,-3000
2026-09-02T19:04:05+00:00,3db5f919507eb8ab0c8c72bddaca8f08,2026-09-05,Man City,Coventry,double_chance,home_or_draw,FanDuel,-3000
2026-09-02T19:04:05+00:00,3db5f919507eb8ab0c8c72bddaca8f08,2026-09-05,Man City,Coventry,double_chance,home_or_draw,Fanatics,-2500
2026-09-02T19:04:05+00:00,3db5f919507eb8ab0c8c72bddaca8f08,2026-09-05,Man City,Coventry,double_chance,home_or_draw,MyBookie.ag,-3030
2026-09-02T19:04:05+00:00,3db5f919507eb8ab0c8c72bddaca8f08,2026-09-05,Man City,Coventry,draw_no_bet,away,BetMGM,875
2026-09-02T19:04:05+00:00,3db5f919507eb8ab0c8c72bddaca8f08,2026-09-05,Man City,Coventry,draw_no_bet,away,BetOnline.ag,900
2026-09-02T19:04:05+00:00,3db5f919507eb8ab0c8c72bddaca8f08,2026-09-05,Man City,Coventry,draw_no_bet,away,BetRivers,850
2026-09-02T19:04:05+00:00,3db5f919507eb8ab0c8c72bddaca8f08,2026-09-05,Man City,Coventry,draw_no_bet,away,Bovada,1000
2026-09-02T19:04:05+00:00,3db5f919507eb8ab0c8c72bddaca8f08,2026-09-05,Man City,Coventry,draw_no_bet,away,Caesars,700
2026-09-02T19:04:05+00:00,3db5f919507eb8ab0c8c72bddaca8f08,2026-09-05,Man City,Coventry,draw_no_bet,away,DraftKings,1000
2026-09-02T19:04:05+00:00,3db5f919507eb8ab0c8c72bddaca8f08,2026-09-05,Man City,Coventry,draw_no_bet,away,FanDuel,1340
2026-09-02T19:04:05+00:00,3db5f919507eb8ab0c8c72bddaca8f08,2026-09-05,Man City,Coventry,draw_no_bet,away,Fanatics,1050
2026-09-02T19:04:05+00:00,3db5f919507eb8ab0c8c72bddaca8f08,2026-09-05,Man City,Coventry,draw_no_bet,away,MyBookie.ag,780
2026-09-02T19:04:05+00:00,3db5f919507eb8ab0c8c72bddaca8f08,2026-09-05,Man City,Coventry,draw_no_bet,home,BetMGM,-2500
2026-09-02T19:04:05+00:00,3db5f919507eb8ab0c8c72bddaca8f08,2026-09-05,Man City,Coventry,draw_no_bet,home,BetOnline.ag,-3333
2026-09-02T19:04:05+00:00,3db5f919507eb8ab0c8c72bddaca8f08,2026-09-05,Man City,Coventry,draw_no_bet,home,BetRivers,-2500
2026-09-02T19:04:05+00:00,3db5f919507eb8ab0c8c72bddaca8f08,2026-09-05,Man City,Coventry,draw_no_bet,home,Bovada,-2500
2026-09-02T19:04:05+00:00,3db5f919507eb8ab0c8c72bddaca8f08,2026-09-05,Man City,Coventry,draw_no_bet,home,Caesars,-1600
2026-09-02T19:04:05+00:00,3db5f919507eb8ab0c8c72bddaca8f08,2026-09-05,Man City,Coventry,draw_no_bet,home,DraftKings,-2500
2026-09-02T19:04:05+00:00,3db5f919507eb8ab0c8c72bddaca8f08,2026-09-05,Man City,Coventry,draw_no_bet,home,FanDuel,-2300
2026-09-02T19:04:05+00:00,3db5f919507eb8ab0c8c72bddaca8f08,2026-09-05,Man City,Coventry,draw_no_bet,home,Fanatics,-2200
2026-09-02T19:04:05+00:00,3db5f919507eb8ab0c8c72bddaca8f08,2026-09-05,Man City,Coventry,draw_no_bet,home,MyBookie.ag,-1786
2026-09-02T19:04:05+00:00,3db5f919507eb8ab0c8c72bddaca8f08,2026-09-05,Man City,Coventry,total_2_5,over,BetMGM,-295
2026-09-02T19:04:05+00:00,3db5f919507eb8ab0c8c72bddaca8f08,2026-09-05,Man City,Coventry,total_2_5,over,BetRivers,-286
2026-09-02T19:04:05+00:00,3db5f919507eb8ab0c8c72bddaca8f08,2026-09-05,Man City,Coventry,total_2_5,over,Bovada,-275
2026-09-02T19:04:05+00:00,3db5f919507eb8ab0c8c72bddaca8f08,2026-09-05,Man City,Coventry,total_2_5,over,Caesars,-312
2026-09-02T19:04:05+00:00,3db5f919507eb8ab0c8c72bddaca8f08,2026-09-05,Man City,Coventry,total_2_5,over,DraftKings,-285
2026-09-02T19:04:05+00:00,3db5f919507eb8ab0c8c72bddaca8f08,2026-09-05,Man City,Coventry,total_2_5,over,FanDuel,-290
2026-09-02T19:04:05+00:00,3db5f919507eb8ab0c8c72bddaca8f08,2026-09-05,Man City,Coventry,total_2_5,over,Fanatics,-285
2026-09-02T19:04:05+00:00,3db5f919507eb8ab0c8c72bddaca8f08,2026-09-05,Man City,Coventry,total_2_5,under,BetMGM,200
2026-09-02T19:04:05+00:00,3db5f919507eb8ab0c8c72bddaca8f08,2026-09-05,Man City,Coventry,total_2_5,under,BetRivers,215
2026-09-02T19:04:05+00:00,3db5f919507eb8ab0c8c72bddaca8f08,2026-09-05,Man City,Coventry,total_2_5,under,Bovada,220
2026-09-02T19:04:05+00:00,3db5f919507eb8ab0c8c72bddaca8f08,2026-09-05,Man City,Coventry,total_2_5,under,Caesars,204
2026-09-02T19:04:05+00:00,3db5f919507eb8ab0c8c72bddaca8f08,2026-09-05,Man City,Coventry,total_2_5,under,DraftKings,225
2026-09-02T19:04:05+00:00,3db5f919507eb8ab0c8c72bddaca8f08,2026-09-05,Man City,Coventry,total_2_5,under,FanDuel,225
2026-09-02T19:04:05+00:00,3db5f919507eb8ab0c8c72bddaca8f08,2026-09-05,Man City,Coventry,total_2_5,under,Fanatics,210
2026-09-02T19:04:05+00:00,5163190733dcaaea80474e43cbe20a51,2026-09-12,Chelsea,Hull,1x2,away,BetRivers,950
2026-09-02T19:04:05+00:00,5163190733dcaaea80474e43cbe20a51,2026-09-12,Chelsea,Hull,1x2,away,Bovada,1100
2026-09-02T19:04:05+00:00,5163190733dcaaea80474e43cbe20a51,2026-09-12,Chelsea,Hull,1x2,away,DraftKings,1100
2026-09-02T19:04:05+00:00,5163190733dcaaea80474e43cbe20a51,2026-09-12,Chelsea,Hull,1x2,away,FanDuel,950
2026-09-02T19:04:05+00:00,5163190733dcaaea80474e43cbe20a51,2026-09-12,Chelsea,Hull,1x2,away,Fanatics,1200
2026-09-02T19:04:05+00:00,5163190733dcaaea80474e43cbe20a51,2026-09-12,Chelsea,Hull,1x2,away,MyBookie.ag,900
2026-09-02T19:04:05+00:00,5163190733dcaaea80474e43cbe20a51,2026-09-12,Chelsea,Hull,1x2,draw,BetRivers,525
2026-09-02T19:04:05+00:00,5163190733dcaaea80474e43cbe20a51,2026-09-12,Chelsea,Hull,1x2,draw,Bovada,500
2026-09-02T19:04:05+00:00,5163190733dcaaea80474e43cbe20a51,2026-09-12,Chelsea,Hull,1x2,draw,DraftKings,475
2026-09-02T19:04:05+00:00,5163190733dcaaea80474e43cbe20a51,2026-09-12,Chelsea,Hull,1x2,draw,FanDuel,500
2026-09-02T19:04:05+00:00,5163190733dcaaea80474e43cbe20a51,2026-09-12,Chelsea,Hull,1x2,draw,Fanatics,475
2026-09-02T19:04:05+00:00,5163190733dcaaea80474e43cbe20a51,2026-09-12,Chelsea,Hull,1x2,draw,MyBookie.ag,520
2026-09-02T19:04:05+00:00,5163190733dcaaea80474e43cbe20a51,2026-09-12,Chelsea,Hull,1x2,home,BetRivers,-420
2026-09-02T19:04:05+00:00,5163190733dcaaea80474e43cbe20a51,2026-09-12,Chelsea,Hull,1x2,home,Bovada,-400
2026-09-02T19:04:05+00:00,5163190733dcaaea80474e43cbe20a51,2026-09-12,Chelsea,Hull,1x2,home,DraftKings,-425
2026-09-02T19:04:05+00:00,5163190733dcaaea80474e43cbe20a51,2026-09-12,Chelsea,Hull,1x2,home,FanDuel,-475
2026-09-02T19:04:05+00:00,5163190733dcaaea80474e43cbe20a51,2026-09-12,Chelsea,Hull,1x2,home,Fanatics,-400
2026-09-02T19:04:05+00:00,5163190733dcaaea80474e43cbe20a51,2026-09-12,Chelsea,Hull,1x2,home,MyBookie.ag,-450
2026-09-02T19:04:05+00:00,5163190733dcaaea80474e43cbe20a51,2026-09-12,Chelsea,Hull,btts,no,BetRivers,-118
2026-09-02T19:04:05+00:00,5163190733dcaaea80474e43cbe20a51,2026-09-12,Chelsea,Hull,btts,no,Bovada,-118
2026-09-02T19:04:05+00:00,5163190733dcaaea80474e43cbe20a51,2026-09-12,Chelsea,Hull,btts,no,DraftKings,-115
2026-09-02T19:04:05+00:00,5163190733dcaaea80474e43cbe20a51,2026-09-12,Chelsea,Hull,btts,no,FanDuel,-108
2026-09-02T19:04:05+00:00,5163190733dcaaea80474e43cbe20a51,2026-09-12,Chelsea,Hull,btts,no,Fanatics,-105
2026-09-02T19:04:05+00:00,5163190733dcaaea80474e43cbe20a51,2026-09-12,Chelsea,Hull,btts,yes,BetRivers,-122
2026-09-02T19:04:05+00:00,5163190733dcaaea80474e43cbe20a51,2026-09-12,Chelsea,Hull,btts,yes,Bovada,-112
2026-09-02T19:04:05+00:00,5163190733dcaaea80474e43cbe20a51,2026-09-12,Chelsea,Hull,btts,yes,DraftKings,-120
2026-09-02T19:04:05+00:00,5163190733dcaaea80474e43cbe20a51,2026-09-12,Chelsea,Hull,btts,yes,FanDuel,-118
2026-09-02T19:04:05+00:00,5163190733dcaaea80474e43cbe20a51,2026-09-12,Chelsea,Hull,btts,yes,Fanatics,-125
2026-09-02T19:04:05+00:00,5163190733dcaaea80474e43cbe20a51,2026-09-12,Chelsea,Hull,corners_1x2,away,BetRivers,575
2026-09-02T19:04:05+00:00,5163190733dcaaea80474e43cbe20a51,2026-09-12,Chelsea,Hull,corners_1x2,draw,BetRivers,900
2026-09-02T19:04:05+00:00,5163190733dcaaea80474e43cbe20a51,2026-09-12,Chelsea,Hull,corners_1x2,home,BetRivers,-770
2026-09-02T19:04:05+00:00,5163190733dcaaea80474e43cbe20a51,2026-09-12,Chelsea,Hull,corners_total_10_5,over,BetRivers,128
2026-09-02T19:04:05+00:00,5163190733dcaaea80474e43cbe20a51,2026-09-12,Chelsea,Hull,corners_total_10_5,under,BetRivers,-190
2026-09-02T19:04:05+00:00,5163190733dcaaea80474e43cbe20a51,2026-09-12,Chelsea,Hull,corners_total_9_5,over,BetRivers,-121
2026-09-02T19:04:05+00:00,5163190733dcaaea80474e43cbe20a51,2026-09-12,Chelsea,Hull,corners_total_9_5,under,BetRivers,-121
2026-09-02T19:04:05+00:00,5163190733dcaaea80474e43cbe20a51,2026-09-12,Chelsea,Hull,double_chance,draw_or_away,BetRivers,260
2026-09-02T19:04:05+00:00,5163190733dcaaea80474e43cbe20a51,2026-09-12,Chelsea,Hull,double_chance,draw_or_away,Bovada,305
2026-09-02T19:04:05+00:00,5163190733dcaaea80474e43cbe20a51,2026-09-12,Chelsea,Hull,double_chance,draw_or_away,DraftKings,255
2026-09-02T19:04:05+00:00,5163190733dcaaea80474e43cbe20a51,2026-09-12,Chelsea,Hull,double_chance,draw_or_away,FanDuel,310
2026-09-02T19:04:05+00:00,5163190733dcaaea80474e43cbe20a51,2026-09-12,Chelsea,Hull,double_chance,draw_or_away,Fanatics,300
2026-09-02T19:04:05+00:00,5163190733dcaaea80474e43cbe20a51,2026-09-12,Chelsea,Hull,double_chance,home_or_away,BetRivers,-1115
2026-09-02T19:04:05+00:00,5163190733dcaaea80474e43cbe20a51,2026-09-12,Chelsea,Hull,double_chance,home_or_away,Bovada,-950
2026-09-02T19:04:05+00:00,5163190733dcaaea80474e43cbe20a51,2026-09-12,Chelsea,Hull,double_chance,home_or_away,DraftKings,-1000
2026-09-02T19:04:05+00:00,5163190733dcaaea80474e43cbe20a51,2026-09-12,Chelsea,Hull,double_chance,home_or_away,FanDuel,-800
2026-09-02T19:04:05+00:00,5163190733dcaaea80474e43cbe20a51,2026-09-12,Chelsea,Hull,double_chance,home_or_away,Fanatics,-700
2026-09-02T19:04:05+00:00,5163190733dcaaea80474e43cbe20a51,2026-09-12,Chelsea,Hull,double_chance,home_or_draw,BetRivers,-2500
2026-09-02T19:04:05+00:00,5163190733dcaaea80474e43cbe20a51,2026-09-12,Chelsea,Hull,double_chance,home_or_draw,Bovada,-3500
2026-09-02T19:04:05+00:00,5163190733dcaaea80474e43cbe20a51,2026-09-12,Chelsea,Hull,double_chance,home_or_draw,DraftKings,-3000
2026-09-02T19:04:05+00:00,5163190733dcaaea80474e43cbe20a51,2026-09-12,Chelsea,Hull,double_chance,home_or_draw,FanDuel,-2000
2026-09-02T19:04:05+00:00,5163190733dcaaea80474e43cbe20a51,2026-09-12,Chelsea,Hull,double_chance,home_or_draw,Fanatics,-2000
2026-09-02T19:04:05+00:00,5163190733dcaaea80474e43cbe20a51,2026-09-12,Chelsea,Hull,draw_no_bet,away,BetRivers,600
2026-09-02T19:04:05+00:00,5163190733dcaaea80474e43cbe20a51,2026-09-12,Chelsea,Hull,draw_no_bet,away,Bovada,875
2026-09-02T19:04:05+00:00,5163190733dcaaea80474e43cbe20a51,2026-09-12,Chelsea,Hull,draw_no_bet,away,DraftKings,750
2026-09-02T19:04:05+00:00,5163190733dcaaea80474e43cbe20a51,2026-09-12,Chelsea,Hull,draw_no_bet,away,FanDuel,960
2026-09-02T19:04:05+00:00,5163190733dcaaea80474e43cbe20a51,2026-09-12,Chelsea,Hull,draw_no_bet,away,Fanatics,850
2026-09-02T19:04:05+00:00,5163190733dcaaea80474e43cbe20a51,2026-09-12,Chelsea,Hull,draw_no_bet,home,BetRivers,-1667
2026-09-02T19:04:05+00:00,5163190733dcaaea80474e43cbe20a51,2026-09-12,Chelsea,Hull,draw_no_bet,home,Bovada,-1800
2026-09-02T19:04:05+00:00,5163190733dcaaea80474e43cbe20a51,2026-09-12,Chelsea,Hull,draw_no_bet,home,DraftKings,-2500
2026-09-02T19:04:05+00:00,5163190733dcaaea80474e43cbe20a51,2026-09-12,Chelsea,Hull,draw_no_bet,home,FanDuel,-1500
2026-09-02T19:04:05+00:00,5163190733dcaaea80474e43cbe20a51,2026-09-12,Chelsea,Hull,draw_no_bet,home,Fanatics,-1700
2026-09-02T19:04:05+00:00,5163190733dcaaea80474e43cbe20a51,2026-09-12,Chelsea,Hull,total_2_5,over,BetRivers,-235
2026-09-02T19:04:05+00:00,5163190733dcaaea80474e43cbe20a51,2026-09-12,Chelsea,Hull,total_2_5,over,Bovada,-220
2026-09-02T19:04:05+00:00,5163190733dcaaea80474e43cbe20a51,2026-09-12,Chelsea,Hull,total_2_5,over,DraftKings,-255
2026-09-02T19:04:05+00:00,5163190733dcaaea80474e43cbe20a51,2026-09-12,Chelsea,Hull,total_2_5,over,FanDuel,-240
2026-09-02T19:04:05+00:00,5163190733dcaaea80474e43cbe20a51,2026-09-12,Chelsea,Hull,total_2_5,over,Fanatics,-240
2026-09-02T19:04:05+00:00,5163190733dcaaea80474e43cbe20a51,2026-09-12,Chelsea,Hull,total_2_5,under,BetRivers,180
2026-09-02T19:04:05+00:00,5163190733dcaaea80474e43cbe20a51,2026-09-12,Chelsea,Hull,total_2_5,under,Bovada,178
2026-09-02T19:04:05+00:00,5163190733dcaaea80474e43cbe20a51,2026-09-12,Chelsea,Hull,total_2_5,under,DraftKings,180
2026-09-02T19:04:05+00:00,5163190733dcaaea80474e43cbe20a51,2026-09-12,Chelsea,Hull,total_2_5,under,FanDuel,190
2026-09-02T19:04:05+00:00,5163190733dcaaea80474e43cbe20a51,2026-09-12,Chelsea,Hull,total_2_5,under,Fanatics,175
2026-09-02T19:04:05+00:00,625c096fabb6047cbeb082dab9affce4,2026-09-04,Ipswich,Liverpool,1x2,away,BetMGM,-210
2026-09-02T19:04:05+00:00,625c096fabb6047cbeb082dab9affce4,2026-09-04,Ipswich,Liverpool,1x2,away,BetOnline.ag,-182
2026-09-02T19:04:05+00:00,625c096fabb6047cbeb082dab9affce4,2026-09-04,Ipswich,Liverpool,1x2,away,BetRivers,-195
2026-09-02T19:04:05+00:00,625c096fabb6047cbeb082dab9affce4,2026-09-04,Ipswich,Liverpool,1x2,away,BetUS,-180
2026-09-02T19:04:05+00:00,625c096fabb6047cbeb082dab9affce4,2026-09-04,Ipswich,Liverpool,1x2,away,Bovada,-182
2026-09-02T19:04:05+00:00,625c096fabb6047cbeb082dab9affce4,2026-09-04,Ipswich,Liverpool,1x2,away,Caesars,-190
2026-09-02T19:04:05+00:00,625c096fabb6047cbeb082dab9affce4,2026-09-04,Ipswich,Liverpool,1x2,away,DraftKings,-185
2026-09-02T19:04:05+00:00,625c096fabb6047cbeb082dab9affce4,2026-09-04,Ipswich,Liverpool,1x2,away,FanDuel,-190
2026-09-02T19:04:05+00:00,625c096fabb6047cbeb082dab9affce4,2026-09-04,Ipswich,Liverpool,1x2,away,Fanatics,-180
2026-09-02T19:04:05+00:00,625c096fabb6047cbeb082dab9affce4,2026-09-04,Ipswich,Liverpool,1x2,away,LowVig.ag,-182
2026-09-02T19:04:05+00:00,625c096fabb6047cbeb082dab9affce4,2026-09-04,Ipswich,Liverpool,1x2,away,MyBookie.ag,-192
2026-09-02T19:04:05+00:00,625c096fabb6047cbeb082dab9affce4,2026-09-04,Ipswich,Liverpool,1x2,draw,BetMGM,320
2026-09-02T19:04:05+00:00,625c096fabb6047cbeb082dab9affce4,2026-09-04,Ipswich,Liverpool,1x2,draw,BetOnline.ag,388
2026-09-02T19:04:05+00:00,625c096fabb6047cbeb082dab9affce4,2026-09-04,Ipswich,Liverpool,1x2,draw,BetRivers,370
2026-09-02T19:04:05+00:00,625c096fabb6047cbeb082dab9affce4,2026-09-04,Ipswich,Liverpool,1x2,draw,BetUS,390
2026-09-02T19:04:05+00:00,625c096fabb6047cbeb082dab9affce4,2026-09-04,Ipswich,Liverpool,1x2,draw,Bovada,370
2026-09-02T19:04:05+00:00,625c096fabb6047cbeb082dab9affce4,2026-09-04,Ipswich,Liverpool,1x2,draw,Caesars,360
2026-09-02T19:04:05+00:00,625c096fabb6047cbeb082dab9affce4,2026-09-04,Ipswich,Liverpool,1x2,draw,DraftKings,370
2026-09-02T19:04:05+00:00,625c096fabb6047cbeb082dab9affce4,2026-09-04,Ipswich,Liverpool,1x2,draw,FanDuel,370
2026-09-02T19:04:05+00:00,625c096fabb6047cbeb082dab9affce4,2026-09-04,Ipswich,Liverpool,1x2,draw,Fanatics,350
2026-09-02T19:04:05+00:00,625c096fabb6047cbeb082dab9affce4,2026-09-04,Ipswich,Liverpool,1x2,draw,LowVig.ag,388
2026-09-02T19:04:05+00:00,625c096fabb6047cbeb082dab9affce4,2026-09-04,Ipswich,Liverpool,1x2,draw,MyBookie.ag,350
2026-09-02T19:04:05+00:00,625c096fabb6047cbeb082dab9affce4,2026-09-04,Ipswich,Liverpool,1x2,home,BetMGM,375
2026-09-02T19:04:05+00:00,625c096fabb6047cbeb082dab9affce4,2026-09-04,Ipswich,Liverpool,1x2,home,BetOnline.ag,440
2026-09-02T19:04:05+00:00,625c096fabb6047cbeb082dab9affce4,2026-09-04,Ipswich,Liverpool,1x2,home,BetRivers,460
2026-09-02T19:04:05+00:00,625c096fabb6047cbeb082dab9affce4,2026-09-04,Ipswich,Liverpool,1x2,home,BetUS,440
2026-09-02T19:04:05+00:00,625c096fabb6047cbeb082dab9affce4,2026-09-04,Ipswich,Liverpool,1x2,home,Bovada,440
2026-09-02T19:04:05+00:00,625c096fabb6047cbeb082dab9affce4,2026-09-04,Ipswich,Liverpool,1x2,home,Caesars,425
2026-09-02T19:04:05+00:00,625c096fabb6047cbeb082dab9affce4,2026-09-04,Ipswich,Liverpool,1x2,home,DraftKings,425
2026-09-02T19:04:05+00:00,625c096fabb6047cbeb082dab9affce4,2026-09-04,Ipswich,Liverpool,1x2,home,FanDuel,460
2026-09-02T19:04:05+00:00,625c096fabb6047cbeb082dab9affce4,2026-09-04,Ipswich,Liverpool,1x2,home,Fanatics,425
2026-09-02T19:04:05+00:00,625c096fabb6047cbeb082dab9affce4,2026-09-04,Ipswich,Liverpool,1x2,home,LowVig.ag,440
2026-09-02T19:04:05+00:00,625c096fabb6047cbeb082dab9affce4,2026-09-04,Ipswich,Liverpool,1x2,home,MyBookie.ag,400
2026-09-02T19:04:05+00:00,625c096fabb6047cbeb082dab9affce4,2026-09-04,Ipswich,Liverpool,btts,no,BetMGM,125
2026-09-02T19:04:05+00:00,625c096fabb6047cbeb082dab9affce4,2026-09-04,Ipswich,Liverpool,btts,no,BetRivers,130
2026-09-02T19:04:05+00:00,625c096fabb6047cbeb082dab9affce4,2026-09-04,Ipswich,Liverpool,btts,no,Bovada,132
2026-09-02T19:04:05+00:00,625c096fabb6047cbeb082dab9affce4,2026-09-04,Ipswich,Liverpool,btts,no,Caesars,130
2026-09-02T19:04:05+00:00,625c096fabb6047cbeb082dab9affce4,2026-09-04,Ipswich,Liverpool,btts,no,DraftKings,145
2026-09-02T19:04:05+00:00,625c096fabb6047cbeb082dab9affce4,2026-09-04,Ipswich,Liverpool,btts,no,FanDuel,134
2026-09-02T19:04:05+00:00,625c096fabb6047cbeb082dab9affce4,2026-09-04,Ipswich,Liverpool,btts,no,Fanatics,135
2026-09-02T19:04:05+00:00,625c096fabb6047cbeb082dab9affce4,2026-09-04,Ipswich,Liverpool,btts,no,MyBookie.ag,128
2026-09-02T19:04:05+00:00,625c096fabb6047cbeb082dab9affce4,2026-09-04,Ipswich,Liverpool,btts,yes,BetMGM,-175
2026-09-02T19:04:05+00:00,625c096fabb6047cbeb082dab9affce4,2026-09-04,Ipswich,Liverpool,btts,yes,BetRivers,-177
2026-09-02T19:04:05+00:00,625c096fabb6047cbeb082dab9affce4,2026-09-04,Ipswich,Liverpool,btts,yes,Bovada,-175
2026-09-02T19:04:05+00:00,625c096fabb6047cbeb082dab9affce4,2026-09-04,Ipswich,Liverpool,btts,yes,Caesars,-170
2026-09-02T19:04:05+00:00,625c096fabb6047cbeb082dab9affce4,2026-09-04,Ipswich,Liverpool,btts,yes,DraftKings,-180
2026-09-02T19:04:05+00:00,625c096fabb6047cbeb082dab9affce4,2026-09-04,Ipswich,Liverpool,btts,yes,FanDuel,-174
2026-09-02T19:04:05+00:00,625c096fabb6047cbeb082dab9affce4,2026-09-04,Ipswich,Liverpool,btts,yes,Fanatics,-175
2026-09-02T19:04:05+00:00,625c096fabb6047cbeb082dab9affce4,2026-09-04,Ipswich,Liverpool,btts,yes,MyBookie.ag,-178
2026-09-02T19:04:05+00:00,625c096fabb6047cbeb082dab9affce4,2026-09-04,Ipswich,Liverpool,corners_1x2,away,BetMGM,-250
2026-09-02T19:04:05+00:00,625c096fabb6047cbeb082dab9affce4,2026-09-04,Ipswich,Liverpool,corners_1x2,away,BetRivers,-215
2026-09-02T19:04:05+00:00,625c096fabb6047cbeb082dab9affce4,2026-09-04,Ipswich,Liverpool,corners_1x2,away,Bovada,-260
2026-09-02T19:04:05+00:00,625c096fabb6047cbeb082dab9affce4,2026-09-04,Ipswich,Liverpool,corners_1x2,away,DraftKings,-280
2026-09-02T19:04:05+00:00,625c096fabb6047cbeb082dab9affce4,2026-09-04,Ipswich,Liverpool,corners_1x2,away,FanDuel,-240
2026-09-02T19:04:05+00:00,625c096fabb6047cbeb082dab9affce4,2026-09-04,Ipswich,Liverpool,corners_1x2,draw,BetMGM,725
2026-09-02T19:04:05+00:00,625c096fabb6047cbeb082dab9affce4,2026-09-04,Ipswich,Liverpool,corners_1x2,draw,BetRivers,700
2026-09-02T19:04:05+00:00,625c096fabb6047cbeb082dab9affce4,2026-09-04,Ipswich,Liverpool,corners_1x2,draw,Bovada,725
2026-09-02T19:04:05+00:00,625c096fabb6047cbeb082dab9affce4,2026-09-04,Ipswich,Liverpool,corners_1x2,draw,DraftKings,750
2026-09-02T19:04:05+00:00,625c096fabb6047cbeb082dab9affce4,2026-09-04,Ipswich,Liverpool,corners_1x2,draw,FanDuel,750
2026-09-02T19:04:05+00:00,625c096fabb6047cbeb082dab9affce4,2026-09-04,Ipswich,Liverpool,corners_1x2,home,BetMGM,260
2026-09-02T19:04:05+00:00,625c096fabb6047cbeb082dab9affce4,2026-09-04,Ipswich,Liverpool,corners_1x2,home,BetRivers,205
2026-09-02T19:04:05+00:00,625c096fabb6047cbeb082dab9affce4,2026-09-04,Ipswich,Liverpool,corners_1x2,home,Bovada,260
2026-09-02T19:04:05+00:00,625c096fabb6047cbeb082dab9affce4,2026-09-04,Ipswich,Liverpool,corners_1x2,home,DraftKings,340
2026-09-02T19:04:05+00:00,625c096fabb6047cbeb082dab9affce4,2026-09-04,Ipswich,Liverpool,corners_1x2,home,FanDuel,280
2026-09-02T19:04:05+00:00,625c096fabb6047cbeb082dab9affce4,2026-09-04,Ipswich,Liverpool,corners_total_10_5,over,BetMGM,130
2026-09-02T19:04:05+00:00,625c096fabb6047cbeb082dab9affce4,2026-09-04,Ipswich,Liverpool,corners_total_10_5,over,BetRivers,118
2026-09-02T19:04:05+00:00,625c096fabb6047cbeb082dab9affce4,2026-09-04,Ipswich,Liverpool,corners_total_10_5,over,Bovada,130
2026-09-02T19:04:05+00:00,625c096fabb6047cbeb082dab9affce4,2026-09-04,Ipswich,Liverpool,corners_total_10_5,over,DraftKings,125
2026-09-02T19:04:05+00:00,625c096fabb6047cbeb082dab9affce4,2026-09-04,Ipswich,Liverpool,corners_total_10_5,over,FanDuel,130
2026-09-02T19:04:05+00:00,625c096fabb6047cbeb082dab9affce4,2026-09-04,Ipswich,Liverpool,corners_total_10_5,under,BetMGM,-190
2026-09-02T19:04:05+00:00,625c096fabb6047cbeb082dab9affce4,2026-09-04,Ipswich,Liverpool,corners_total_10_5,under,BetRivers,-175
2026-09-02T19:04:05+00:00,625c096fabb6047cbeb082dab9affce4,2026-09-04,Ipswich,Liverpool,corners_total_10_5,under,Bovada,-172
2026-09-02T19:04:05+00:00,625c096fabb6047cbeb082dab9affce4,2026-09-04,Ipswich,Liverpool,corners_total_10_5,under,DraftKings,-180
2026-09-02T19:04:05+00:00,625c096fabb6047cbeb082dab9affce4,2026-09-04,Ipswich,Liverpool,corners_total_10_5,under,FanDuel,-200
2026-09-02T19:04:05+00:00,625c096fabb6047cbeb082dab9affce4,2026-09-04,Ipswich,Liverpool,corners_total_9_5,over,BetMGM,-120
2026-09-02T19:04:05+00:00,625c096fabb6047cbeb082dab9affce4,2026-09-04,Ipswich,Liverpool,corners_total_9_5,over,BetRivers,-136
2026-09-02T19:04:05+00:00,625c096fabb6047cbeb082dab9affce4,2026-09-04,Ipswich,Liverpool,corners_total_9_5,over,Bovada,-122
2026-09-02T19:04:05+00:00,625c096fabb6047cbeb082dab9affce4,2026-09-04,Ipswich,Liverpool,corners_total_9_5,over,Caesars,-120
2026-09-02T19:04:05+00:00,625c096fabb6047cbeb082dab9affce4,2026-09-04,Ipswich,Liverpool,corners_total_9_5,over,DraftKings,-125
2026-09-02T19:04:05+00:00,625c096fabb6047cbeb082dab9affce4,2026-09-04,Ipswich,Liverpool,corners_total_9_5,over,FanDuel,-130
2026-09-02T19:04:05+00:00,625c096fabb6047cbeb082dab9affce4,2026-09-04,Ipswich,Liverpool,corners_total_9_5,over,MyBookie.ag,-138
2026-09-02T19:04:05+00:00,625c096fabb6047cbeb082dab9affce4,2026-09-04,Ipswich,Liverpool,corners_total_9_5,under,BetMGM,-115
2026-09-02T19:04:05+00:00,625c096fabb6047cbeb082dab9affce4,2026-09-04,Ipswich,Liverpool,corners_total_9_5,under,BetRivers,-108
2026-09-02T19:04:05+00:00,625c096fabb6047cbeb082dab9affce4,2026-09-04,Ipswich,Liverpool,corners_total_9_5,under,Bovada,-108
2026-09-02T19:04:05+00:00,625c096fabb6047cbeb082dab9affce4,2026-09-04,Ipswich,Liverpool,corners_total_9_5,under,Caesars,-107
2026-09-02T19:04:05+00:00,625c096fabb6047cbeb082dab9affce4,2026-09-04,Ipswich,Liverpool,corners_total_9_5,under,DraftKings,-110
2026-09-02T19:04:05+00:00,625c096fabb6047cbeb082dab9affce4,2026-09-04,Ipswich,Liverpool,corners_total_9_5,under,FanDuel,-125
2026-09-02T19:04:05+00:00,625c096fabb6047cbeb082dab9affce4,2026-09-04,Ipswich,Liverpool,corners_total_9_5,under,MyBookie.ag,100
2026-09-02T19:04:05+00:00,625c096fabb6047cbeb082dab9affce4,2026-09-04,Ipswich,Liverpool,double_chance,draw_or_away,BetRivers,-715
2026-09-02T19:04:05+00:00,625c096fabb6047cbeb082dab9affce4,2026-09-04,Ipswich,Liverpool,double_chance,draw_or_away,Bovada,-725
2026-09-02T19:04:05+00:00,625c096fabb6047cbeb082dab9affce4,2026-09-04,Ipswich,Liverpool,double_chance,draw_or_away,DraftKings,-600
2026-09-02T19:04:05+00:00,625c096fabb6047cbeb082dab9affce4,2026-09-04,Ipswich,Liverpool,double_chance,draw_or_away,FanDuel,-650
2026-09-02T19:04:05+00:00,625c096fabb6047cbeb082dab9affce4,2026-09-04,Ipswich,Liverpool,double_chance,draw_or_away,Fanatics,-575
2026-09-02T19:04:05+00:00,625c096fabb6047cbeb082dab9affce4,2026-09-04,Ipswich,Liverpool,double_chance,draw_or_away,MyBookie.ag,-752
2026-09-02T19:04:05+00:00,625c096fabb6047cbeb082dab9affce4,2026-09-04,Ipswich,Liverpool,double_chance,home_or_away,BetRivers,-530
2026-09-02T19:04:05+00:00,625c096fabb6047cbeb082dab9affce4,2026-09-04,Ipswich,Liverpool,double_chance,home_or_away,Bovada,-480
2026-09-02T19:04:05+00:00,625c096fabb6047cbeb082dab9affce4,2026-09-04,Ipswich,Liverpool,double_chance,home_or_away,DraftKings,-525
2026-09-02T19:04:05+00:00,625c096fabb6047cbeb082dab9affce4,2026-09-04,Ipswich,Liverpool,double_chance,home_or_away,FanDuel,-550
2026-09-02T19:04:05+00:00,625c096fabb6047cbeb082dab9affce4,2026-09-04,Ipswich,Liverpool,double_chance,home_or_away,Fanatics,-500
2026-09-02T19:04:05+00:00,625c096fabb6047cbeb082dab9affce4,2026-09-04,Ipswich,Liverpool,double_chance,home_or_away,MyBookie.ag,-649
2026-09-02T19:04:05+00:00,625c096fabb6047cbeb082dab9affce4,2026-09-04,Ipswich,Liverpool,double_chance,home_or_draw,BetRivers,150
2026-09-02T19:04:05+00:00,625c096fabb6047cbeb082dab9affce4,2026-09-04,Ipswich,Liverpool,double_chance,home_or_draw,Bovada,143
2026-09-02T19:04:05+00:00,625c096fabb6047cbeb082dab9affce4,2026-09-04,Ipswich,Liverpool,double_chance,home_or_draw,DraftKings,140
2026-09-02T19:04:05+00:00,625c096fabb6047cbeb082dab9affce4,2026-09-04,Ipswich,Liverpool,double_chance,home_or_draw,FanDuel,145
2026-09-02T19:04:05+00:00,625c096fabb6047cbeb082dab9affce4,2026-09-04,Ipswich,Liverpool,double_chance,home_or_draw,Fanatics,145
2026-09-02T19:04:05+00:00,625c096fabb6047cbeb082dab9affce4,2026-09-04,Ipswich,Liverpool,double_chance,home_or_draw,MyBookie.ag,100
2026-09-02T19:04:05+00:00,625c096fabb6047cbeb082dab9affce4,2026-09-04,Ipswich,Liverpool,draw_no_bet,away,BetMGM,-450
2026-09-02T19:04:05+00:00,625c096fabb6047cbeb082dab9affce4,2026-09-04,Ipswich,Liverpool,draw_no_bet,away,BetRivers,-530
2026-09-02T19:04:05+00:00,625c096fabb6047cbeb082dab9affce4,2026-09-04,Ipswich,Liverpool,draw_no_bet,away,Bovada,-450
2026-09-02T19:04:05+00:00,625c096fabb6047cbeb082dab9affce4,2026-09-04,Ipswich,Liverpool,draw_no_bet,away,Caesars,-380
2026-09-02T19:04:05+00:00,625c096fabb6047cbeb082dab9affce4,2026-09-04,Ipswich,Liverpool,draw_no_bet,away,DraftKings,-450
2026-09-02T19:04:05+00:00,625c096fabb6047cbeb082dab9affce4,2026-09-04,Ipswich,Liverpool,draw_no_bet,away,FanDuel,-460
2026-09-02T19:04:05+00:00,625c096fabb6047cbeb082dab9affce4,2026-09-04,Ipswich,Liverpool,draw_no_bet,away,Fanatics,-425
2026-09-02T19:04:05+00:00,625c096fabb6047cbeb082dab9affce4,2026-09-04,Ipswich,Liverpool,draw_no_bet,away,MyBookie.ag,-420
2026-09-02T19:04:05+00:00,625c096fabb6047cbeb082dab9affce4,2026-09-04,Ipswich,Liverpool,draw_no_bet,home,BetMGM,290
2026-09-02T19:04:05+00:00,625c096fabb6047cbeb082dab9affce4,2026-09-04,Ipswich,Liverpool,draw_no_bet,home,BetRivers,295
2026-09-02T19:04:05+00:00,625c096fabb6047cbeb082dab9affce4,2026-09-04,Ipswich,Liverpool,draw_no_bet,home,Bovada,335
2026-09-02T19:04:05+00:00,625c096fabb6047cbeb082dab9affce4,2026-09-04,Ipswich,Liverpool,draw_no_bet,home,Caesars,270
2026-09-02T19:04:05+00:00,625c096fabb6047cbeb082dab9affce4,2026-09-04,Ipswich,Liverpool,draw_no_bet,home,DraftKings,320
2026-09-02T19:04:05+00:00,625c096fabb6047cbeb082dab9affce4,2026-09-04,Ipswich,Liverpool,draw_no_bet,home,FanDuel,350
2026-09-02T19:04:05+00:00,625c096fabb6047cbeb082dab9affce4,2026-09-04,Ipswich,Liverpool,draw_no_bet,home,Fanatics,300
2026-09-02T19:04:05+00:00,625c096fabb6047cbeb082dab9affce4,2026-09-04,Ipswich,Liverpool,draw_no_bet,home,MyBookie.ag,295
2026-09-02T19:04:05+00:00,625c096fabb6047cbeb082dab9affce4,2026-09-04,Ipswich,Liverpool,total_2_5,over,BetMGM,-210
2026-09-02T19:04:05+00:00,625c096fabb6047cbeb082dab9affce4,2026-09-04,Ipswich,Liverpool,total_2_5,over,BetRivers,-205
2026-09-02T19:04:05+00:00,625c096fabb6047cbeb082dab9affce4,2026-09-04,Ipswich,Liverpool,total_2_5,over,Bovada,-212
2026-09-02T19:04:05+00:00,625c096fabb6047cbeb082dab9affce4,2026-09-04,Ipswich,Liverpool,total_2_5,over,Caesars,-227
2026-09-02T19:04:05+00:00,625c096fabb6047cbeb082dab9affce4,2026-09-04,Ipswich,Liverpool,total_2_5,over,DraftKings,-215
2026-09-02T19:04:05+00:00,625c096fabb6047cbeb082dab9affce4,2026-09-04,Ipswich,Liverpool,total_2_5,over,FanDuel,-210
2026-09-02T19:04:05+00:00,625c096fabb6047cbeb082dab9affce4,2026-09-04,Ipswich,Liverpool,total_2_5,over,Fanatics,-210
2026-09-02T19:04:05+00:00,625c096fabb6047cbeb082dab9affce4,2026-09-04,Ipswich,Liverpool,total_2_5,under,BetMGM,150
2026-09-02T19:04:05+00:00,625c096fabb6047cbeb082dab9affce4,2026-09-04,Ipswich,Liverpool,total_2_5,under,BetRivers,160
2026-09-02T19:04:05+00:00,625c096fabb6047cbeb082dab9affce4,2026-09-04,Ipswich,Liverpool,total_2_5,under,Bovada,170
2026-09-02T19:04:05+00:00,625c096fabb6047cbeb082dab9affce4,2026-09-04,Ipswich,Liverpool,total_2_5,under,Caesars,154
2026-09-02T19:04:05+00:00,625c096fabb6047cbeb082dab9affce4,2026-09-04,Ipswich,Liverpool,total_2_5,under,DraftKings,170
2026-09-02T19:04:05+00:00,625c096fabb6047cbeb082dab9affce4,2026-09-04,Ipswich,Liverpool,total_2_5,under,FanDuel,168
2026-09-02T19:04:05+00:00,625c096fabb6047cbeb082dab9affce4,2026-09-04,Ipswich,Liverpool,total_2_5,under,Fanatics,160
2026-09-02T19:04:05+00:00,63da4075a4ae406575fd3086b839fe49,2026-09-12,Liverpool,Fulham,1x2,away,BetRivers,500
2026-09-02T19:04:05+00:00,63da4075a4ae406575fd3086b839fe49,2026-09-12,Liverpool,Fulham,1x2,away,Bovada,500
2026-09-02T19:04:05+00:00,63da4075a4ae406575fd3086b839fe49,2026-09-12,Liverpool,Fulham,1x2,away,DraftKings,500
2026-09-02T19:04:05+00:00,63da4075a4ae406575fd3086b839fe49,2026-09-12,Liverpool,Fulham,1x2,away,FanDuel,550
2026-09-02T19:04:05+00:00,63da4075a4ae406575fd3086b839fe49,2026-09-12,Liverpool,Fulham,1x2,away,Fanatics,500
2026-09-02T19:04:05+00:00,63da4075a4ae406575fd3086b839fe49,2026-09-12,Liverpool,Fulham,1x2,away,MyBookie.ag,460
2026-09-02T19:04:05+00:00,63da4075a4ae406575fd3086b839fe49,2026-09-12,Liverpool,Fulham,1x2,draw,BetRivers,375
2026-09-02T19:04:05+00:00,63da4075a4ae406575fd3086b839fe49,2026-09-12,Liverpool,Fulham,1x2,draw,Bovada,390
2026-09-02T19:04:05+00:00,63da4075a4ae406575fd3086b839fe49,2026-09-12,Liverpool,Fulham,1x2,draw,DraftKings,380
2026-09-02T19:04:05+00:00,63da4075a4ae406575fd3086b839fe49,2026-09-12,Liverpool,Fulham,1x2,draw,FanDuel,380
2026-09-02T19:04:05+00:00,63da4075a4ae406575fd3086b839fe49,2026-09-12,Liverpool,Fulham,1x2,draw,Fanatics,400
2026-09-02T19:04:05+00:00,63da4075a4ae406575fd3086b839fe49,2026-09-12,Liverpool,Fulham,1x2,draw,MyBookie.ag,370
2026-09-02T19:04:05+00:00,63da4075a4ae406575fd3086b839fe49,2026-09-12,Liverpool,Fulham,1x2,home,BetRivers,-220
2026-09-02T19:04:05+00:00,63da4075a4ae406575fd3086b839fe49,2026-09-12,Liverpool,Fulham,1x2,home,Bovada,-213
2026-09-02T19:04:05+00:00,63da4075a4ae406575fd3086b839fe49,2026-09-12,Liverpool,Fulham,1x2,home,DraftKings,-225
2026-09-02T19:04:05+00:00,63da4075a4ae406575fd3086b839fe49,2026-09-12,Liverpool,Fulham,1x2,home,FanDuel,-260
2026-09-02T19:04:05+00:00,63da4075a4ae406575fd3086b839fe49,2026-09-12,Liverpool,Fulham,1x2,home,Fanatics,-240
2026-09-02T19:04:05+00:00,63da4075a4ae406575fd3086b839fe49,2026-09-12,Liverpool,Fulham,1x2,home,MyBookie.ag,-222
2026-09-02T19:04:05+00:00,63da4075a4ae406575fd3086b839fe49,2026-09-12,Liverpool,Fulham,btts,no,BetRivers,123
2026-09-02T19:04:05+00:00,63da4075a4ae406575fd3086b839fe49,2026-09-12,Liverpool,Fulham,btts,no,Bovada,128
2026-09-02T19:04:05+00:00,63da4075a4ae406575fd3086b839fe49,2026-09-12,Liverpool,Fulham,btts,no,DraftKings,125
2026-09-02T19:04:05+00:00,63da4075a4ae406575fd3086b839fe49,2026-09-12,Liverpool,Fulham,btts,no,FanDuel,122
2026-09-02T19:04:05+00:00,63da4075a4ae406575fd3086b839fe49,2026-09-12,Liverpool,Fulham,btts,no,Fanatics,130
2026-09-02T19:04:05+00:00,63da4075a4ae406575fd3086b839fe49,2026-09-12,Liverpool,Fulham,btts,yes,BetRivers,-180
2026-09-02T19:04:05+00:00,63da4075a4ae406575fd3086b839fe49,2026-09-12,Liverpool,Fulham,btts,yes,Bovada,-170
2026-09-02T19:04:05+00:00,63da4075a4ae406575fd3086b839fe49,2026-09-12,Liverpool,Fulham,btts,yes,DraftKings,-175
2026-09-02T19:04:05+00:00,63da4075a4ae406575fd3086b839fe49,2026-09-12,Liverpool,Fulham,btts,yes,FanDuel,-156
2026-09-02T19:04:05+00:00,63da4075a4ae406575fd3086b839fe49,2026-09-12,Liverpool,Fulham,btts,yes,Fanatics,-170
2026-09-02T19:04:05+00:00,63da4075a4ae406575fd3086b839fe49,2026-09-12,Liverpool,Fulham,corners_1x2,away,BetRivers,235
2026-09-02T19:04:05+00:00,63da4075a4ae406575fd3086b839fe49,2026-09-12,Liverpool,Fulham,corners_1x2,draw,BetRivers,750
2026-09-02T19:04:05+00:00,63da4075a4ae406575fd3086b839fe49,2026-09-12,Liverpool,Fulham,corners_1x2,home,BetRivers,-265
2026-09-02T19:04:05+00:00,63da4075a4ae406575fd3086b839fe49,2026-09-12,Liverpool,Fulham,corners_total_10_5,over,BetRivers,-141
2026-09-02T19:04:05+00:00,63da4075a4ae406575fd3086b839fe49,2026-09-12,Liverpool,Fulham,corners_total_10_5,under,BetRivers,-104
2026-09-02T19:04:05+00:00,63da4075a4ae406575fd3086b839fe49,2026-09-12,Liverpool,Fulham,corners_total_9_5,over,BetRivers,-225
2026-09-02T19:04:05+00:00,63da4075a4ae406575fd3086b839fe49,2026-09-12,Liverpool,Fulham,corners_total_9_5,under,BetRivers,148
2026-09-02T19:04:05+00:00,63da4075a4ae406575fd3086b839fe49,2026-09-12,Liverpool,Fulham,double_chance,draw_or_away,BetRivers,150
2026-09-02T19:04:05+00:00,63da4075a4ae406575fd3086b839fe49,2026-09-12,Liverpool,Fulham,double_chance,draw_or_away,Bovada,165
2026-09-02T19:04:05+00:00,63da4075a4ae406575fd3086b839fe49,2026-09-12,Liverpool,Fulham,double_chance,draw_or_away,DraftKings,155
2026-09-02T19:04:05+00:00,63da4075a4ae406575fd3086b839fe49,2026-09-12,Liverpool,Fulham,double_chance,draw_or_away,FanDuel,180
2026-09-02T19:04:05+00:00,63da4075a4ae406575fd3086b839fe49,2026-09-12,Liverpool,Fulham,double_chance,draw_or_away,Fanatics,175
2026-09-02T19:04:05+00:00,63da4075a4ae406575fd3086b839fe49,2026-09-12,Liverpool,Fulham,double_chance,home_or_away,BetRivers,-670
2026-09-02T19:04:05+00:00,63da4075a4ae406575fd3086b839fe49,2026-09-12,Liverpool,Fulham,double_chance,home_or_away,Bovada,-550
2026-09-02T19:04:05+00:00,63da4075a4ae406575fd3086b839fe49,2026-09-12,Liverpool,Fulham,double_chance,home_or_away,DraftKings,-650
2026-09-02T19:04:05+00:00,63da4075a4ae406575fd3086b839fe49,2026-09-12,Liverpool,Fulham,double_chance,home_or_away,FanDuel,-550
2026-09-02T19:04:05+00:00,63da4075a4ae406575fd3086b839fe49,2026-09-12,Liverpool,Fulham,double_chance,home_or_away,Fanatics,-550
2026-09-02T19:04:05+00:00,63da4075a4ae406575fd3086b839fe49,2026-09-12,Liverpool,Fulham,double_chance,home_or_draw,BetRivers,-1000
2026-09-02T19:04:05+00:00,63da4075a4ae406575fd3086b839fe49,2026-09-12,Liverpool,Fulham,double_chance,home_or_draw,Bovada,-950
2026-09-02T19:04:05+00:00,63da4075a4ae406575fd3086b839fe49,2026-09-12,Liverpool,Fulham,double_chance,home_or_draw,DraftKings,-900
2026-09-02T19:04:05+00:00,63da4075a4ae406575fd3086b839fe49,2026-09-12,Liverpool,Fulham,double_chance,home_or_draw,FanDuel,-900
2026-09-02T19:04:05+00:00,63da4075a4ae406575fd3086b839fe49,2026-09-12,Liverpool,Fulham,double_chance,home_or_draw,Fanatics,-800
2026-09-02T19:04:05+00:00,63da4075a4ae406575fd3086b839fe49,2026-09-12,Liverpool,Fulham,draw_no_bet,away,BetRivers,330
2026-09-02T19:04:05+00:00,63da4075a4ae406575fd3086b839fe49,2026-09-12,Liverpool,Fulham,draw_no_bet,away,Bovada,395
2026-09-02T19:04:05+00:00,63da4075a4ae406575fd3086b839fe49,2026-09-12,Liverpool,Fulham,draw_no_bet,away,DraftKings,360
2026-09-02T19:04:05+00:00,63da4075a4ae406575fd3086b839fe49,2026-09-12,Liverpool,Fulham,draw_no_bet,away,FanDuel,460
2026-09-02T19:04:05+00:00,63da4075a4ae406575fd3086b839fe49,2026-09-12,Liverpool,Fulham,draw_no_bet,away,Fanatics,375
2026-09-02T19:04:05+00:00,63da4075a4ae406575fd3086b839fe49,2026-09-12,Liverpool,Fulham,draw_no_bet,home,BetRivers,-590
2026-09-02T19:04:05+00:00,63da4075a4ae406575fd3086b839fe49,2026-09-12,Liverpool,Fulham,draw_no_bet,home,Bovada,-550
2026-09-02T19:04:05+00:00,63da4075a4ae406575fd3086b839fe49,2026-09-12,Liverpool,Fulham,draw_no_bet,home,DraftKings,-650
2026-09-02T19:04:05+00:00,63da4075a4ae406575fd3086b839fe49,2026-09-12,Liverpool,Fulham,draw_no_bet,home,FanDuel,-650
2026-09-02T19:04:05+00:00,63da4075a4ae406575fd3086b839fe49,2026-09-12,Liverpool,Fulham,draw_no_bet,home,Fanatics,-575
2026-09-02T19:04:05+00:00,63da4075a4ae406575fd3086b839fe49,2026-09-12,Liverpool,Fulham,total_2_5,over,BetRivers,-220
2026-09-02T19:04:05+00:00,63da4075a4ae406575fd3086b839fe49,2026-09-12,Liverpool,Fulham,total_2_5,over,Bovada,-217
2026-09-02T19:04:05+00:00,63da4075a4ae406575fd3086b839fe49,2026-09-12,Liverpool,Fulham,total_2_5,over,DraftKings,-230
2026-09-02T19:04:05+00:00,63da4075a4ae406575fd3086b839fe49,2026-09-12,Liverpool,Fulham,total_2_5,over,FanDuel,-210
2026-09-02T19:04:05+00:00,63da4075a4ae406575fd3086b839fe49,2026-09-12,Liverpool,Fulham,total_2_5,over,Fanatics,-225
2026-09-02T19:04:05+00:00,63da4075a4ae406575fd3086b839fe49,2026-09-12,Liverpool,Fulham,total_2_5,under,BetRivers,170
2026-09-02T19:04:05+00:00,63da4075a4ae406575fd3086b839fe49,2026-09-12,Liverpool,Fulham,total_2_5,under,Bovada,175
2026-09-02T19:04:05+00:00,63da4075a4ae406575fd3086b839fe49,2026-09-12,Liverpool,Fulham,total_2_5,under,DraftKings,165
2026-09-02T19:04:05+00:00,63da4075a4ae406575fd3086b839fe49,2026-09-12,Liverpool,Fulham,total_2_5,under,FanDuel,168
2026-09-02T19:04:05+00:00,63da4075a4ae406575fd3086b839fe49,2026-09-12,Liverpool,Fulham,total_2_5,under,Fanatics,165
2026-09-02T19:04:05+00:00,686358c484cc44fe8e617674c335d531,2026-09-05,Newcastle,Bournemouth,1x2,away,BetMGM,180
2026-09-02T19:04:05+00:00,686358c484cc44fe8e617674c335d531,2026-09-05,Newcastle,Bournemouth,1x2,away,BetOnline.ag,205
2026-09-02T19:04:05+00:00,686358c484cc44fe8e617674c335d531,2026-09-05,Newcastle,Bournemouth,1x2,away,BetRivers,215
2026-09-02T19:04:05+00:00,686358c484cc44fe8e617674c335d531,2026-09-05,Newcastle,Bournemouth,1x2,away,BetUS,210
2026-09-02T19:04:05+00:00,686358c484cc44fe8e617674c335d531,2026-09-05,Newcastle,Bournemouth,1x2,away,Bovada,210
2026-09-02T19:04:05+00:00,686358c484cc44fe8e617674c335d531,2026-09-05,Newcastle,Bournemouth,1x2,away,Caesars,205
2026-09-02T19:04:05+00:00,686358c484cc44fe8e617674c335d531,2026-09-05,Newcastle,Bournemouth,1x2,away,DraftKings,210
2026-09-02T19:04:05+00:00,686358c484cc44fe8e617674c335d531,2026-09-05,Newcastle,Bournemouth,1x2,away,FanDuel,210
2026-09-02T19:04:05+00:00,686358c484cc44fe8e617674c335d531,2026-09-05,Newcastle,Bournemouth,1x2,away,Fanatics,220
2026-09-02T19:04:05+00:00,686358c484cc44fe8e617674c335d531,2026-09-05,Newcastle,Bournemouth,1x2,away,LowVig.ag,205
2026-09-02T19:04:05+00:00,686358c484cc44fe8e617674c335d531,2026-09-05,Newcastle,Bournemouth,1x2,away,MyBookie.ag,200
2026-09-02T19:04:05+00:00,686358c484cc44fe8e617674c335d531,2026-09-05,Newcastle,Bournemouth,1x2,draw,BetMGM,240
2026-09-02T19:04:05+00:00,686358c484cc44fe8e617674c335d531,2026-09-05,Newcastle,Bournemouth,1x2,draw,BetOnline.ag,260
2026-09-02T19:04:05+00:00,686358c484cc44fe8e617674c335d531,2026-09-05,Newcastle,Bournemouth,1x2,draw,BetRivers,270
2026-09-02T19:04:05+00:00,686358c484cc44fe8e617674c335d531,2026-09-05,Newcastle,Bournemouth,1x2,draw,BetUS,270
2026-09-02T19:04:05+00:00,686358c484cc44fe8e617674c335d531,2026-09-05,Newcastle,Bournemouth,1x2,draw,Bovada,270
2026-09-02T19:04:05+00:00,686358c484cc44fe8e617674c335d531,2026-09-05,Newcastle,Bournemouth,1x2,draw,Caesars,260
2026-09-02T19:04:05+00:00,686358c484cc44fe8e617674c335d531,2026-09-05,Newcastle,Bournemouth,1x2,draw,DraftKings,270
2026-09-02T19:04:05+00:00,686358c484cc44fe8e617674c335d531,2026-09-05,Newcastle,Bournemouth,1x2,draw,FanDuel,260
2026-09-02T19:04:05+00:00,686358c484cc44fe8e617674c335d531,2026-09-05,Newcastle,Bournemouth,1x2,draw,Fanatics,260
2026-09-02T19:04:05+00:00,686358c484cc44fe8e617674c335d531,2026-09-05,Newcastle,Bournemouth,1x2,draw,LowVig.ag,260
2026-09-02T19:04:05+00:00,686358c484cc44fe8e617674c335d531,2026-09-05,Newcastle,Bournemouth,1x2,draw,MyBookie.ag,255
2026-09-02T19:04:05+00:00,686358c484cc44fe8e617674c335d531,2026-09-05,Newcastle,Bournemouth,1x2,home,BetMGM,110
2026-09-02T19:04:05+00:00,686358c484cc44fe8e617674c335d531,2026-09-05,Newcastle,Bournemouth,1x2,home,BetOnline.ag,118
2026-09-02T19:04:05+00:00,686358c484cc44fe8e617674c335d531,2026-09-05,Newcastle,Bournemouth,1x2,home,BetRivers,116
2026-09-02T19:04:05+00:00,686358c484cc44fe8e617674c335d531,2026-09-05,Newcastle,Bournemouth,1x2,home,BetUS,120
2026-09-02T19:04:05+00:00,686358c484cc44fe8e617674c335d531,2026-09-05,Newcastle,Bournemouth,1x2,home,Bovada,120
2026-09-02T19:04:05+00:00,686358c484cc44fe8e617674c335d531,2026-09-05,Newcastle,Bournemouth,1x2,home,Caesars,120
2026-09-02T19:04:05+00:00,686358c484cc44fe8e617674c335d531,2026-09-05,Newcastle,Bournemouth,1x2,home,DraftKings,120
2026-09-02T19:04:05+00:00,686358c484cc44fe8e617674c335d531,2026-09-05,Newcastle,Bournemouth,1x2,home,FanDuel,110
2026-09-02T19:04:05+00:00,686358c484cc44fe8e617674c335d531,2026-09-05,Newcastle,Bournemouth,1x2,home,Fanatics,115
2026-09-02T19:04:05+00:00,686358c484cc44fe8e617674c335d531,2026-09-05,Newcastle,Bournemouth,1x2,home,LowVig.ag,118
2026-09-02T19:04:05+00:00,686358c484cc44fe8e617674c335d531,2026-09-05,Newcastle,Bournemouth,1x2,home,MyBookie.ag,115
2026-09-02T19:04:05+00:00,686358c484cc44fe8e617674c335d531,2026-09-05,Newcastle,Bournemouth,btts,no,BetMGM,145
2026-09-02T19:04:05+00:00,686358c484cc44fe8e617674c335d531,2026-09-05,Newcastle,Bournemouth,btts,no,BetOnline.ag,156
2026-09-02T19:04:05+00:00,686358c484cc44fe8e617674c335d531,2026-09-05,Newcastle,Bournemouth,btts,no,BetRivers,150
2026-09-02T19:04:05+00:00,686358c484cc44fe8e617674c335d531,2026-09-05,Newcastle,Bournemouth,btts,no,Bovada,150
2026-09-02T19:04:05+00:00,686358c484cc44fe8e617674c335d531,2026-09-05,Newcastle,Bournemouth,btts,no,Caesars,142
2026-09-02T19:04:05+00:00,686358c484cc44fe8e617674c335d531,2026-09-05,Newcastle,Bournemouth,btts,no,DraftKings,160
2026-09-02T19:04:05+00:00,686358c484cc44fe8e617674c335d531,2026-09-05,Newcastle,Bournemouth,btts,no,FanDuel,164
2026-09-02T19:04:05+00:00,686358c484cc44fe8e617674c335d531,2026-09-05,Newcastle,Bournemouth,btts,no,Fanatics,150
2026-09-02T19:04:05+00:00,686358c484cc44fe8e617674c335d531,2026-09-05,Newcastle,Bournemouth,btts,no,MyBookie.ag,146
2026-09-02T19:04:05+00:00,686358c484cc44fe8e617674c335d531,2026-09-05,Newcastle,Bournemouth,btts,yes,BetMGM,-210
2026-09-02T19:04:05+00:00,686358c484cc44fe8e617674c335d531,2026-09-05,Newcastle,Bournemouth,btts,yes,BetOnline.ag,-217
2026-09-02T19:04:05+00:00,686358c484cc44fe8e617674c335d531,2026-09-05,Newcastle,Bournemouth,btts,yes,BetRivers,-210
2026-09-02T19:04:05+00:00,686358c484cc44fe8e617674c335d531,2026-09-05,Newcastle,Bournemouth,btts,yes,Bovada,-200
2026-09-02T19:04:05+00:00,686358c484cc44fe8e617674c335d531,2026-09-05,Newcastle,Bournemouth,btts,yes,Caesars,-182
2026-09-02T19:04:05+00:00,686358c484cc44fe8e617674c335d531,2026-09-05,Newcastle,Bournemouth,btts,yes,DraftKings,-205
2026-09-02T19:04:05+00:00,686358c484cc44fe8e617674c335d531,2026-09-05,Newcastle,Bournemouth,btts,yes,FanDuel,-215
2026-09-02T19:04:05+00:00,686358c484cc44fe8e617674c335d531,2026-09-05,Newcastle,Bournemouth,btts,yes,Fanatics,-200
2026-09-02T19:04:05+00:00,686358c484cc44fe8e617674c335d531,2026-09-05,Newcastle,Bournemouth,btts,yes,MyBookie.ag,-206
2026-09-02T19:04:05+00:00,686358c484cc44fe8e617674c335d531,2026-09-05,Newcastle,Bournemouth,corners_1x2,away,BetMGM,160
2026-09-02T19:04:05+00:00,686358c484cc44fe8e617674c335d531,2026-09-05,Newcastle,Bournemouth,corners_1x2,away,BetRivers,135
2026-09-02T19:04:05+00:00,686358c484cc44fe8e617674c335d531,2026-09-05,Newcastle,Bournemouth,corners_1x2,away,Bovada,160
2026-09-02T19:04:05+00:00,686358c484cc44fe8e617674c335d531,2026-09-05,Newcastle,Bournemouth,corners_1x2,away,DraftKings,180
2026-09-02T19:04:05+00:00,686358c484cc44fe8e617674c335d531,2026-09-05,Newcastle,Bournemouth,corners_1x2,draw,BetMGM,725
2026-09-02T19:04:05+00:00,686358c484cc44fe8e617674c335d531,2026-09-05,Newcastle,Bournemouth,corners_1x2,draw,BetRivers,650
2026-09-02T19:04:05+00:00,686358c484cc44fe8e617674c335d531,2026-09-05,Newcastle,Bournemouth,corners_1x2,draw,Bovada,725
2026-09-02T19:04:05+00:00,686358c484cc44fe8e617674c335d531,2026-09-05,Newcastle,Bournemouth,corners_1x2,draw,DraftKings,650
2026-09-02T19:04:05+00:00,686358c484cc44fe8e617674c335d531,2026-09-05,Newcastle,Bournemouth,corners_1x2,home,BetMGM,-155
2026-09-02T19:04:05+00:00,686358c484cc44fe8e617674c335d531,2026-09-05,Newcastle,Bournemouth,corners_1x2,home,BetRivers,-139
2026-09-02T19:04:05+00:00,686358c484cc44fe8e617674c335d531,2026-09-05,Newcastle,Bournemouth,corners_1x2,home,Bovada,-154
2026-09-02T19:04:05+00:00,686358c484cc44fe8e617674c335d531,2026-09-05,Newcastle,Bournemouth,corners_1x2,home,DraftKings,-160
2026-09-02T19:04:05+00:00,686358c484cc44fe8e617674c335d531,2026-09-05,Newcastle,Bournemouth,corners_total_10_5,over,BetMGM,-145
2026-09-02T19:04:05+00:00,686358c484cc44fe8e617674c335d531,2026-09-05,Newcastle,Bournemouth,corners_total_10_5,over,BetRivers,-143
2026-09-02T19:04:05+00:00,686358c484cc44fe8e617674c335d531,2026-09-05,Newcastle,Bournemouth,corners_total_10_5,over,Bovada,-135
2026-09-02T19:04:05+00:00,686358c484cc44fe8e617674c335d531,2026-09-05,Newcastle,Bournemouth,corners_total_10_5,over,Caesars,-130
2026-09-02T19:04:05+00:00,686358c484cc44fe8e617674c335d531,2026-09-05,Newcastle,Bournemouth,corners_total_10_5,over,DraftKings,-140
2026-09-02T19:04:05+00:00,686358c484cc44fe8e617674c335d531,2026-09-05,Newcastle,Bournemouth,corners_total_10_5,over,MyBookie.ag,-125
2026-09-02T19:04:05+00:00,686358c484cc44fe8e617674c335d531,2026-09-05,Newcastle,Bournemouth,corners_total_10_5,under,BetMGM,105
2026-09-02T19:04:05+00:00,686358c484cc44fe8e617674c335d531,2026-09-05,Newcastle,Bournemouth,corners_total_10_5,under,BetRivers,-103
2026-09-02T19:04:05+00:00,686358c484cc44fe8e617674c335d531,2026-09-05,Newcastle,Bournemouth,corners_total_10_5,under,Bovada,105
2026-09-02T19:04:05+00:00,686358c484cc44fe8e617674c335d531,2026-09-05,Newcastle,Bournemouth,corners_total_10_5,under,Caesars,103
2026-09-02T19:04:05+00:00,686358c484cc44fe8e617674c335d531,2026-09-05,Newcastle,Bournemouth,corners_total_10_5,under,DraftKings,100
2026-09-02T19:04:05+00:00,686358c484cc44fe8e617674c335d531,2026-09-05,Newcastle,Bournemouth,corners_total_10_5,under,MyBookie.ag,-110
2026-09-02T19:04:05+00:00,686358c484cc44fe8e617674c335d531,2026-09-05,Newcastle,Bournemouth,corners_total_9_5,over,BetMGM,-250
2026-09-02T19:04:05+00:00,686358c484cc44fe8e617674c335d531,2026-09-05,Newcastle,Bournemouth,corners_total_9_5,over,BetRivers,-240
2026-09-02T19:04:05+00:00,686358c484cc44fe8e617674c335d531,2026-09-05,Newcastle,Bournemouth,corners_total_9_5,over,DraftKings,-225
2026-09-02T19:04:05+00:00,686358c484cc44fe8e617674c335d531,2026-09-05,Newcastle,Bournemouth,corners_total_9_5,under,BetMGM,170
2026-09-02T19:04:05+00:00,686358c484cc44fe8e617674c335d531,2026-09-05,Newcastle,Bournemouth,corners_total_9_5,under,BetRivers,155
2026-09-02T19:04:05+00:00,686358c484cc44fe8e617674c335d531,2026-09-05,Newcastle,Bournemouth,corners_total_9_5,under,DraftKings,160
2026-09-02T19:04:05+00:00,686358c484cc44fe8e617674c335d531,2026-09-05,Newcastle,Bournemouth,double_chance,draw_or_away,BetOnline.ag,-145
2026-09-02T19:04:05+00:00,686358c484cc44fe8e617674c335d531,2026-09-05,Newcastle,Bournemouth,double_chance,draw_or_away,BetRivers,-148
2026-09-02T19:04:05+00:00,686358c484cc44fe8e617674c335d531,2026-09-05,Newcastle,Bournemouth,double_chance,draw_or_away,Bovada,-148
2026-09-02T19:04:05+00:00,686358c484cc44fe8e617674c335d531,2026-09-05,Newcastle,Bournemouth,double_chance,draw_or_away,DraftKings,-150
2026-09-02T19:04:05+00:00,686358c484cc44fe8e617674c335d531,2026-09-05,Newcastle,Bournemouth,double_chance,draw_or_away,FanDuel,-155
2026-09-02T19:04:05+00:00,686358c484cc44fe8e617674c335d531,2026-09-05,Newcastle,Bournemouth,double_chance,draw_or_away,Fanatics,-145
2026-09-02T19:04:05+00:00,686358c484cc44fe8e617674c335d531,2026-09-05,Newcastle,Bournemouth,double_chance,draw_or_away,MyBookie.ag,-198
2026-09-02T19:04:05+00:00,686358c484cc44fe8e617674c335d531,2026-09-05,Newcastle,Bournemouth,double_chance,home_or_away,BetOnline.ag,-345
2026-09-02T19:04:05+00:00,686358c484cc44fe8e617674c335d531,2026-09-05,Newcastle,Bournemouth,double_chance,home_or_away,BetRivers,-375
2026-09-02T19:04:05+00:00,686358c484cc44fe8e617674c335d531,2026-09-05,Newcastle,Bournemouth,double_chance,home_or_away,Bovada,-375
2026-09-02T19:04:05+00:00,686358c484cc44fe8e617674c335d531,2026-09-05,Newcastle,Bournemouth,double_chance,home_or_away,DraftKings,-350
2026-09-02T19:04:05+00:00,686358c484cc44fe8e617674c335d531,2026-09-05,Newcastle,Bournemouth,double_chance,home_or_away,FanDuel,-360
2026-09-02T19:04:05+00:00,686358c484cc44fe8e617674c335d531,2026-09-05,Newcastle,Bournemouth,double_chance,home_or_away,Fanatics,-350
2026-09-02T19:04:05+00:00,686358c484cc44fe8e617674c335d531,2026-09-05,Newcastle,Bournemouth,double_chance,home_or_away,MyBookie.ag,-429
2026-09-02T19:04:05+00:00,686358c484cc44fe8e617674c335d531,2026-09-05,Newcastle,Bournemouth,double_chance,home_or_draw,BetOnline.ag,-286
2026-09-02T19:04:05+00:00,686358c484cc44fe8e617674c335d531,2026-09-05,Newcastle,Bournemouth,double_chance,home_or_draw,BetRivers,-286
2026-09-02T19:04:05+00:00,686358c484cc44fe8e617674c335d531,2026-09-05,Newcastle,Bournemouth,double_chance,home_or_draw,Bovada,-290
2026-09-02T19:04:05+00:00,686358c484cc44fe8e617674c335d531,2026-09-05,Newcastle,Bournemouth,double_chance,home_or_draw,DraftKings,-265
2026-09-02T19:04:05+00:00,686358c484cc44fe8e617674c335d531,2026-09-05,Newcastle,Bournemouth,double_chance,home_or_draw,FanDuel,-300
2026-09-02T19:04:05+00:00,686358c484cc44fe8e617674c335d531,2026-09-05,Newcastle,Bournemouth,double_chance,home_or_draw,Fanatics,-275
2026-09-02T19:04:05+00:00,686358c484cc44fe8e617674c335d531,2026-09-05,Newcastle,Bournemouth,double_chance,home_or_draw,MyBookie.ag,-340
2026-09-02T19:04:05+00:00,686358c484cc44fe8e617674c335d531,2026-09-05,Newcastle,Bournemouth,draw_no_bet,away,BetMGM,115
2026-09-02T19:04:05+00:00,686358c484cc44fe8e617674c335d531,2026-09-05,Newcastle,Bournemouth,draw_no_bet,away,BetOnline.ag,128
2026-09-02T19:04:05+00:00,686358c484cc44fe8e617674c335d531,2026-09-05,Newcastle,Bournemouth,draw_no_bet,away,BetRivers,123
2026-09-02T19:04:05+00:00,686358c484cc44fe8e617674c335d531,2026-09-05,Newcastle,Bournemouth,draw_no_bet,away,Bovada,136
2026-09-02T19:04:05+00:00,686358c484cc44fe8e617674c335d531,2026-09-05,Newcastle,Bournemouth,draw_no_bet,away,Caesars,120
2026-09-02T19:04:05+00:00,686358c484cc44fe8e617674c335d531,2026-09-05,Newcastle,Bournemouth,draw_no_bet,away,DraftKings,130
2026-09-02T19:04:05+00:00,686358c484cc44fe8e617674c335d531,2026-09-05,Newcastle,Bournemouth,draw_no_bet,away,FanDuel,140
2026-09-02T19:04:05+00:00,686358c484cc44fe8e617674c335d531,2026-09-05,Newcastle,Bournemouth,draw_no_bet,away,Fanatics,130
2026-09-02T19:04:05+00:00,686358c484cc44fe8e617674c335d531,2026-09-05,Newcastle,Bournemouth,draw_no_bet,away,MyBookie.ag,125
2026-09-02T19:04:05+00:00,686358c484cc44fe8e617674c335d531,2026-09-05,Newcastle,Bournemouth,draw_no_bet,home,BetMGM,-165
2026-09-02T19:04:05+00:00,686358c484cc44fe8e617674c335d531,2026-09-05,Newcastle,Bournemouth,draw_no_bet,home,BetOnline.ag,-161
2026-09-02T19:04:05+00:00,686358c484cc44fe8e617674c335d531,2026-09-05,Newcastle,Bournemouth,draw_no_bet,home,BetRivers,-180
2026-09-02T19:04:05+00:00,686358c484cc44fe8e617674c335d531,2026-09-05,Newcastle,Bournemouth,draw_no_bet,home,Bovada,-165
2026-09-02T19:04:05+00:00,686358c484cc44fe8e617674c335d531,2026-09-05,Newcastle,Bournemouth,draw_no_bet,home,Caesars,-150
2026-09-02T19:04:05+00:00,686358c484cc44fe8e617674c335d531,2026-09-05,Newcastle,Bournemouth,draw_no_bet,home,DraftKings,-165
2026-09-02T19:04:05+00:00,686358c484cc44fe8e617674c335d531,2026-09-05,Newcastle,Bournemouth,draw_no_bet,home,FanDuel,-166
2026-09-02T19:04:05+00:00,686358c484cc44fe8e617674c335d531,2026-09-05,Newcastle,Bournemouth,draw_no_bet,home,Fanatics,-170
2026-09-02T19:04:05+00:00,686358c484cc44fe8e617674c335d531,2026-09-05,Newcastle,Bournemouth,draw_no_bet,home,MyBookie.ag,-161
2026-09-02T19:04:05+00:00,686358c484cc44fe8e617674c335d531,2026-09-05,Newcastle,Bournemouth,total_2_5,over,BetMGM,-175
2026-09-02T19:04:05+00:00,686358c484cc44fe8e617674c335d531,2026-09-05,Newcastle,Bournemouth,total_2_5,over,BetRivers,-177
2026-09-02T19:04:05+00:00,686358c484cc44fe8e617674c335d531,2026-09-05,Newcastle,Bournemouth,total_2_5,over,Bovada,-168
2026-09-02T19:04:05+00:00,686358c484cc44fe8e617674c335d531,2026-09-05,Newcastle,Bournemouth,total_2_5,over,Caesars,-173
2026-09-02T19:04:05+00:00,686358c484cc44fe8e617674c335d531,2026-09-05,Newcastle,Bournemouth,total_2_5,over,DraftKings,-175
2026-09-02T19:04:05+00:00,686358c484cc44fe8e617674c335d531,2026-09-05,Newcastle,Bournemouth,total_2_5,over,FanDuel,-176
2026-09-02T19:04:05+00:00,686358c484cc44fe8e617674c335d531,2026-09-05,Newcastle,Bournemouth,total_2_5,over,Fanatics,-175
2026-09-02T19:04:05+00:00,686358c484cc44fe8e617674c335d531,2026-09-05,Newcastle,Bournemouth,total_2_5,over,MyBookie.ag,-182
2026-09-02T19:04:05+00:00,686358c484cc44fe8e617674c335d531,2026-09-05,Newcastle,Bournemouth,total_2_5,under,BetMGM,125
2026-09-02T19:04:05+00:00,686358c484cc44fe8e617674c335d531,2026-09-05,Newcastle,Bournemouth,total_2_5,under,BetRivers,135
2026-09-02T19:04:05+00:00,686358c484cc44fe8e617674c335d531,2026-09-05,Newcastle,Bournemouth,total_2_5,under,Bovada,138
2026-09-02T19:04:05+00:00,686358c484cc44fe8e617674c335d531,2026-09-05,Newcastle,Bournemouth,total_2_5,under,Caesars,134
2026-09-02T19:04:05+00:00,686358c484cc44fe8e617674c335d531,2026-09-05,Newcastle,Bournemouth,total_2_5,under,DraftKings,140
2026-09-02T19:04:05+00:00,686358c484cc44fe8e617674c335d531,2026-09-05,Newcastle,Bournemouth,total_2_5,under,FanDuel,142
2026-09-02T19:04:05+00:00,686358c484cc44fe8e617674c335d531,2026-09-05,Newcastle,Bournemouth,total_2_5,under,Fanatics,135
2026-09-02T19:04:05+00:00,686358c484cc44fe8e617674c335d531,2026-09-05,Newcastle,Bournemouth,total_2_5,under,MyBookie.ag,130
2026-09-02T19:04:05+00:00,78d4dfda8c2dc27bdc3ec26c2654f8fc,2026-09-06,Arsenal,Chelsea,1x2,away,BetMGM,350
2026-09-02T19:04:05+00:00,78d4dfda8c2dc27bdc3ec26c2654f8fc,2026-09-06,Arsenal,Chelsea,1x2,away,BetOnline.ag,400
2026-09-02T19:04:05+00:00,78d4dfda8c2dc27bdc3ec26c2654f8fc,2026-09-06,Arsenal,Chelsea,1x2,away,BetRivers,410
2026-09-02T19:04:05+00:00,78d4dfda8c2dc27bdc3ec26c2654f8fc,2026-09-06,Arsenal,Chelsea,1x2,away,BetUS,400
2026-09-02T19:04:05+00:00,78d4dfda8c2dc27bdc3ec26c2654f8fc,2026-09-06,Arsenal,Chelsea,1x2,away,Bovada,400
2026-09-02T19:04:05+00:00,78d4dfda8c2dc27bdc3ec26c2654f8fc,2026-09-06,Arsenal,Chelsea,1x2,away,Caesars,390
2026-09-02T19:04:05+00:00,78d4dfda8c2dc27bdc3ec26c2654f8fc,2026-09-06,Arsenal,Chelsea,1x2,away,DraftKings,400
2026-09-02T19:04:05+00:00,78d4dfda8c2dc27bdc3ec26c2654f8fc,2026-09-06,Arsenal,Chelsea,1x2,away,FanDuel,420
2026-09-02T19:04:05+00:00,78d4dfda8c2dc27bdc3ec26c2654f8fc,2026-09-06,Arsenal,Chelsea,1x2,away,Fanatics,425
2026-09-02T19:04:05+00:00,78d4dfda8c2dc27bdc3ec26c2654f8fc,2026-09-06,Arsenal,Chelsea,1x2,away,LowVig.ag,400
2026-09-02T19:04:05+00:00,78d4dfda8c2dc27bdc3ec26c2654f8fc,2026-09-06,Arsenal,Chelsea,1x2,away,MyBookie.ag,370
2026-09-02T19:04:05+00:00,78d4dfda8c2dc27bdc3ec26c2654f8fc,2026-09-06,Arsenal,Chelsea,1x2,draw,BetMGM,250
2026-09-02T19:04:05+00:00,78d4dfda8c2dc27bdc3ec26c2654f8fc,2026-09-06,Arsenal,Chelsea,1x2,draw,BetOnline.ag,295
2026-09-02T19:04:05+00:00,78d4dfda8c2dc27bdc3ec26c2654f8fc,2026-09-06,Arsenal,Chelsea,1x2,draw,BetRivers,275
2026-09-02T19:04:05+00:00,78d4dfda8c2dc27bdc3ec26c2654f8fc,2026-09-06,Arsenal,Chelsea,1x2,draw,BetUS,295
2026-09-02T19:04:05+00:00,78d4dfda8c2dc27bdc3ec26c2654f8fc,2026-09-06,Arsenal,Chelsea,1x2,draw,Bovada,280
2026-09-02T19:04:05+00:00,78d4dfda8c2dc27bdc3ec26c2654f8fc,2026-09-06,Arsenal,Chelsea,1x2,draw,Caesars,270
2026-09-02T19:04:05+00:00,78d4dfda8c2dc27bdc3ec26c2654f8fc,2026-09-06,Arsenal,Chelsea,1x2,draw,DraftKings,280
2026-09-02T19:04:05+00:00,78d4dfda8c2dc27bdc3ec26c2654f8fc,2026-09-06,Arsenal,Chelsea,1x2,draw,FanDuel,280
2026-09-02T19:04:05+00:00,78d4dfda8c2dc27bdc3ec26c2654f8fc,2026-09-06,Arsenal,Chelsea,1x2,draw,Fanatics,260
2026-09-02T19:04:05+00:00,78d4dfda8c2dc27bdc3ec26c2654f8fc,2026-09-06,Arsenal,Chelsea,1x2,draw,LowVig.ag,295
2026-09-02T19:04:05+00:00,78d4dfda8c2dc27bdc3ec26c2654f8fc,2026-09-06,Arsenal,Chelsea,1x2,draw,MyBookie.ag,275
2026-09-02T19:04:05+00:00,78d4dfda8c2dc27bdc3ec26c2654f8fc,2026-09-06,Arsenal,Chelsea,1x2,home,BetMGM,-160
2026-09-02T19:04:05+00:00,78d4dfda8c2dc27bdc3ec26c2654f8fc,2026-09-06,Arsenal,Chelsea,1x2,home,BetOnline.ag,-139
2026-09-02T19:04:05+00:00,78d4dfda8c2dc27bdc3ec26c2654f8fc,2026-09-06,Arsenal,Chelsea,1x2,home,BetRivers,-143
2026-09-02T19:04:05+00:00,78d4dfda8c2dc27bdc3ec26c2654f8fc,2026-09-06,Arsenal,Chelsea,1x2,home,BetUS,-140
2026-09-02T19:04:05+00:00,78d4dfda8c2dc27bdc3ec26c2654f8fc,2026-09-06,Arsenal,Chelsea,1x2,home,Bovada,-143
2026-09-02T19:04:05+00:00,78d4dfda8c2dc27bdc3ec26c2654f8fc,2026-09-06,Arsenal,Chelsea,1x2,home,Caesars,-143
2026-09-02T19:04:05+00:00,78d4dfda8c2dc27bdc3ec26c2654f8fc,2026-09-06,Arsenal,Chelsea,1x2,home,DraftKings,-145
2026-09-02T19:04:05+00:00,78d4dfda8c2dc27bdc3ec26c2654f8fc,2026-09-06,Arsenal,Chelsea,1x2,home,FanDuel,-165
2026-09-02T19:04:05+00:00,78d4dfda8c2dc27bdc3ec26c2654f8fc,2026-09-06,Arsenal,Chelsea,1x2,home,Fanatics,-140
2026-09-02T19:04:05+00:00,78d4dfda8c2dc27bdc3ec26c2654f8fc,2026-09-06,Arsenal,Chelsea,1x2,home,LowVig.ag,-139
2026-09-02T19:04:05+00:00,78d4dfda8c2dc27bdc3ec26c2654f8fc,2026-09-06,Arsenal,Chelsea,1x2,home,MyBookie.ag,-150
2026-09-02T19:04:05+00:00,78d4dfda8c2dc27bdc3ec26c2654f8fc,2026-09-06,Arsenal,Chelsea,btts,no,BetMGM,100
2026-09-02T19:04:05+00:00,78d4dfda8c2dc27bdc3ec26c2654f8fc,2026-09-06,Arsenal,Chelsea,btts,no,BetOnline.ag,107
2026-09-02T19:04:05+00:00,78d4dfda8c2dc27bdc3ec26c2654f8fc,2026-09-06,Arsenal,Chelsea,btts,no,BetRivers,100
2026-09-02T19:04:05+00:00,78d4dfda8c2dc27bdc3ec26c2654f8fc,2026-09-06,Arsenal,Chelsea,btts,no,Bovada,100
2026-09-02T19:04:05+00:00,78d4dfda8c2dc27bdc3ec26c2654f8fc,2026-09-06,Arsenal,Chelsea,btts,no,Caesars,100
2026-09-02T19:04:05+00:00,78d4dfda8c2dc27bdc3ec26c2654f8fc,2026-09-06,Arsenal,Chelsea,btts,no,DraftKings,110
2026-09-02T19:04:05+00:00,78d4dfda8c2dc27bdc3ec26c2654f8fc,2026-09-06,Arsenal,Chelsea,btts,no,FanDuel,104
2026-09-02T19:04:05+00:00,78d4dfda8c2dc27bdc3ec26c2654f8fc,2026-09-06,Arsenal,Chelsea,btts,no,Fanatics,115
2026-09-02T19:04:05+00:00,78d4dfda8c2dc27bdc3ec26c2654f8fc,2026-09-06,Arsenal,Chelsea,btts,no,MyBookie.ag,101
2026-09-02T19:04:05+00:00,78d4dfda8c2dc27bdc3ec26c2654f8fc,2026-09-06,Arsenal,Chelsea,btts,yes,BetMGM,-145
2026-09-02T19:04:05+00:00,78d4dfda8c2dc27bdc3ec26c2654f8fc,2026-09-06,Arsenal,Chelsea,btts,yes,BetOnline.ag,-139
2026-09-02T19:04:05+00:00,78d4dfda8c2dc27bdc3ec26c2654f8fc,2026-09-06,Arsenal,Chelsea,btts,yes,BetRivers,-137
2026-09-02T19:04:05+00:00,78d4dfda8c2dc27bdc3ec26c2654f8fc,2026-09-06,Arsenal,Chelsea,btts,yes,Bovada,-130
2026-09-02T19:04:05+00:00,78d4dfda8c2dc27bdc3ec26c2654f8fc,2026-09-06,Arsenal,Chelsea,btts,yes,Caesars,-127
2026-09-02T19:04:05+00:00,78d4dfda8c2dc27bdc3ec26c2654f8fc,2026-09-06,Arsenal,Chelsea,btts,yes,DraftKings,-145
2026-09-02T19:04:05+00:00,78d4dfda8c2dc27bdc3ec26c2654f8fc,2026-09-06,Arsenal,Chelsea,btts,yes,FanDuel,-134
2026-09-02T19:04:05+00:00,78d4dfda8c2dc27bdc3ec26c2654f8fc,2026-09-06,Arsenal,Chelsea,btts,yes,Fanatics,-150
2026-09-02T19:04:05+00:00,78d4dfda8c2dc27bdc3ec26c2654f8fc,2026-09-06,Arsenal,Chelsea,btts,yes,MyBookie.ag,-140
2026-09-02T19:04:05+00:00,78d4dfda8c2dc27bdc3ec26c2654f8fc,2026-09-06,Arsenal,Chelsea,corners_1x2,away,BetMGM,290
2026-09-02T19:04:05+00:00,78d4dfda8c2dc27bdc3ec26c2654f8fc,2026-09-06,Arsenal,Chelsea,corners_1x2,away,BetRivers,255
2026-09-02T19:04:05+00:00,78d4dfda8c2dc27bdc3ec26c2654f8fc,2026-09-06,Arsenal,Chelsea,corners_1x2,away,Bovada,290
2026-09-02T19:04:05+00:00,78d4dfda8c2dc27bdc3ec26c2654f8fc,2026-09-06,Arsenal,Chelsea,corners_1x2,away,DraftKings,380
2026-09-02T19:04:05+00:00,78d4dfda8c2dc27bdc3ec26c2654f8fc,2026-09-06,Arsenal,Chelsea,corners_1x2,draw,BetMGM,725
2026-09-02T19:04:05+00:00,78d4dfda8c2dc27bdc3ec26c2654f8fc,2026-09-06,Arsenal,Chelsea,corners_1x2,draw,BetRivers,700
2026-09-02T19:04:05+00:00,78d4dfda8c2dc27bdc3ec26c2654f8fc,2026-09-06,Arsenal,Chelsea,corners_1x2,draw,Bovada,725
2026-09-02T19:04:05+00:00,78d4dfda8c2dc27bdc3ec26c2654f8fc,2026-09-06,Arsenal,Chelsea,corners_1x2,draw,DraftKings,800
2026-09-02T19:04:05+00:00,78d4dfda8c2dc27bdc3ec26c2654f8fc,2026-09-06,Arsenal,Chelsea,corners_1x2,home,BetMGM,-275
2026-09-02T19:04:05+00:00,78d4dfda8c2dc27bdc3ec26c2654f8fc,2026-09-06,Arsenal,Chelsea,corners_1x2,home,BetRivers,-278
2026-09-02T19:04:05+00:00,78d4dfda8c2dc27bdc3ec26c2654f8fc,2026-09-06,Arsenal,Chelsea,corners_1x2,home,Bovada,-280
2026-09-02T19:04:05+00:00,78d4dfda8c2dc27bdc3ec26c2654f8fc,2026-09-06,Arsenal,Chelsea,corners_1x2,home,DraftKings,-330
2026-09-02T19:04:05+00:00,78d4dfda8c2dc27bdc3ec26c2654f8fc,2026-09-06,Arsenal,Chelsea,corners_total_10_5,over,BetMGM,120
2026-09-02T19:04:05+00:00,78d4dfda8c2dc27bdc3ec26c2654f8fc,2026-09-06,Arsenal,Chelsea,corners_total_10_5,over,BetRivers,-103
2026-09-02T19:04:05+00:00,78d4dfda8c2dc27bdc3ec26c2654f8fc,2026-09-06,Arsenal,Chelsea,corners_total_10_5,over,Bovada,125
2026-09-02T19:04:05+00:00,78d4dfda8c2dc27bdc3ec26c2654f8fc,2026-09-06,Arsenal,Chelsea,corners_total_10_5,over,DraftKings,120
2026-09-02T19:04:05+00:00,78d4dfda8c2dc27bdc3ec26c2654f8fc,2026-09-06,Arsenal,Chelsea,corners_total_10_5,under,BetMGM,-165
2026-09-02T19:04:05+00:00,78d4dfda8c2dc27bdc3ec26c2654f8fc,2026-09-06,Arsenal,Chelsea,corners_total_10_5,under,BetRivers,-143
2026-09-02T19:04:05+00:00,78d4dfda8c2dc27bdc3ec26c2654f8fc,2026-09-06,Arsenal,Chelsea,corners_total_10_5,under,Bovada,-165
2026-09-02T19:04:05+00:00,78d4dfda8c2dc27bdc3ec26c2654f8fc,2026-09-06,Arsenal,Chelsea,corners_total_10_5,under,DraftKings,-180
2026-09-02T19:04:05+00:00,78d4dfda8c2dc27bdc3ec26c2654f8fc,2026-09-06,Arsenal,Chelsea,corners_total_9_5,over,BetMGM,-135
2026-09-02T19:04:05+00:00,78d4dfda8c2dc27bdc3ec26c2654f8fc,2026-09-06,Arsenal,Chelsea,corners_total_9_5,over,BetRivers,-165
2026-09-02T19:04:05+00:00,78d4dfda8c2dc27bdc3ec26c2654f8fc,2026-09-06,Arsenal,Chelsea,corners_total_9_5,over,Bovada,-128
2026-09-02T19:04:05+00:00,78d4dfda8c2dc27bdc3ec26c2654f8fc,2026-09-06,Arsenal,Chelsea,corners_total_9_5,over,Caesars,-127
2026-09-02T19:04:05+00:00,78d4dfda8c2dc27bdc3ec26c2654f8fc,2026-09-06,Arsenal,Chelsea,corners_total_9_5,over,DraftKings,-135
2026-09-02T19:04:05+00:00,78d4dfda8c2dc27bdc3ec26c2654f8fc,2026-09-06,Arsenal,Chelsea,corners_total_9_5,over,MyBookie.ag,-118
2026-09-02T19:04:05+00:00,78d4dfda8c2dc27bdc3ec26c2654f8fc,2026-09-06,Arsenal,Chelsea,corners_total_9_5,under,BetMGM,-105
2026-09-02T19:04:05+00:00,78d4dfda8c2dc27bdc3ec26c2654f8fc,2026-09-06,Arsenal,Chelsea,corners_total_9_5,under,BetRivers,112
2026-09-02T19:04:05+00:00,78d4dfda8c2dc27bdc3ec26c2654f8fc,2026-09-06,Arsenal,Chelsea,corners_total_9_5,under,Bovada,-102
2026-09-02T19:04:05+00:00,78d4dfda8c2dc27bdc3ec26c2654f8fc,2026-09-06,Arsenal,Chelsea,corners_total_9_5,under,Caesars,-102
2026-09-02T19:04:05+00:00,78d4dfda8c2dc27bdc3ec26c2654f8fc,2026-09-06,Arsenal,Chelsea,corners_total_9_5,under,DraftKings,-110
2026-09-02T19:04:05+00:00,78d4dfda8c2dc27bdc3ec26c2654f8fc,2026-09-06,Arsenal,Chelsea,corners_total_9_5,under,MyBookie.ag,-117
2026-09-02T19:04:05+00:00,78d4dfda8c2dc27bdc3ec26c2654f8fc,2026-09-06,Arsenal,Chelsea,double_chance,draw_or_away,BetRivers,112
2026-09-02T19:04:05+00:00,78d4dfda8c2dc27bdc3ec26c2654f8fc,2026-09-06,Arsenal,Chelsea,double_chance,draw_or_away,Bovada,113
2026-09-02T19:04:05+00:00,78d4dfda8c2dc27bdc3ec26c2654f8fc,2026-09-06,Arsenal,Chelsea,double_chance,draw_or_away,DraftKings,105
2026-09-02T19:04:05+00:00,78d4dfda8c2dc27bdc3ec26c2654f8fc,2026-09-06,Arsenal,Chelsea,double_chance,draw_or_away,FanDuel,115
2026-09-02T19:04:05+00:00,78d4dfda8c2dc27bdc3ec26c2654f8fc,2026-09-06,Arsenal,Chelsea,double_chance,draw_or_away,Fanatics,115
2026-09-02T19:04:05+00:00,78d4dfda8c2dc27bdc3ec26c2654f8fc,2026-09-06,Arsenal,Chelsea,double_chance,draw_or_away,MyBookie.ag,-122
2026-09-02T19:04:05+00:00,78d4dfda8c2dc27bdc3ec26c2654f8fc,2026-09-06,Arsenal,Chelsea,double_chance,home_or_away,BetRivers,-385
2026-09-02T19:04:05+00:00,78d4dfda8c2dc27bdc3ec26c2654f8fc,2026-09-06,Arsenal,Chelsea,double_chance,home_or_away,Bovada,-385
2026-09-02T19:04:05+00:00,78d4dfda8c2dc27bdc3ec26c2654f8fc,2026-09-06,Arsenal,Chelsea,double_chance,home_or_away,DraftKings,-390
2026-09-02T19:04:05+00:00,78d4dfda8c2dc27bdc3ec26c2654f8fc,2026-09-06,Arsenal,Chelsea,double_chance,home_or_away,FanDuel,-380
2026-09-02T19:04:05+00:00,78d4dfda8c2dc27bdc3ec26c2654f8fc,2026-09-06,Arsenal,Chelsea,double_chance,home_or_away,Fanatics,-350
2026-09-02T19:04:05+00:00,78d4dfda8c2dc27bdc3ec26c2654f8fc,2026-09-06,Arsenal,Chelsea,double_chance,home_or_away,MyBookie.ag,-490
2026-09-02T19:04:05+00:00,78d4dfda8c2dc27bdc3ec26c2654f8fc,2026-09-06,Arsenal,Chelsea,double_chance,home_or_draw,BetRivers,-625
2026-09-02T19:04:05+00:00,78d4dfda8c2dc27bdc3ec26c2654f8fc,2026-09-06,Arsenal,Chelsea,double_chance,home_or_draw,Bovada,-600
2026-09-02T19:04:05+00:00,78d4dfda8c2dc27bdc3ec26c2654f8fc,2026-09-06,Arsenal,Chelsea,double_chance,home_or_draw,DraftKings,-600
2026-09-02T19:04:05+00:00,78d4dfda8c2dc27bdc3ec26c2654f8fc,2026-09-06,Arsenal,Chelsea,double_chance,home_or_draw,FanDuel,-600
2026-09-02T19:04:05+00:00,78d4dfda8c2dc27bdc3ec26c2654f8fc,2026-09-06,Arsenal,Chelsea,double_chance,home_or_draw,Fanatics,-575
2026-09-02T19:04:05+00:00,78d4dfda8c2dc27bdc3ec26c2654f8fc,2026-09-06,Arsenal,Chelsea,double_chance,home_or_draw,MyBookie.ag,-676
2026-09-02T19:04:05+00:00,78d4dfda8c2dc27bdc3ec26c2654f8fc,2026-09-06,Arsenal,Chelsea,draw_no_bet,away,BetMGM,250
2026-09-02T19:04:05+00:00,78d4dfda8c2dc27bdc3ec26c2654f8fc,2026-09-06,Arsenal,Chelsea,draw_no_bet,away,BetOnline.ag,260
2026-09-02T19:04:05+00:00,78d4dfda8c2dc27bdc3ec26c2654f8fc,2026-09-06,Arsenal,Chelsea,draw_no_bet,away,BetRivers,245
2026-09-02T19:04:05+00:00,78d4dfda8c2dc27bdc3ec26c2654f8fc,2026-09-06,Arsenal,Chelsea,draw_no_bet,away,Bovada,270
2026-09-02T19:04:05+00:00,78d4dfda8c2dc27bdc3ec26c2654f8fc,2026-09-06,Arsenal,Chelsea,draw_no_bet,away,Caesars,230
2026-09-02T19:04:05+00:00,78d4dfda8c2dc27bdc3ec26c2654f8fc,2026-09-06,Arsenal,Chelsea,draw_no_bet,away,DraftKings,265
2026-09-02T19:04:05+00:00,78d4dfda8c2dc27bdc3ec26c2654f8fc,2026-09-06,Arsenal,Chelsea,draw_no_bet,away,FanDuel,300
2026-09-02T19:04:05+00:00,78d4dfda8c2dc27bdc3ec26c2654f8fc,2026-09-06,Arsenal,Chelsea,draw_no_bet,away,Fanatics,280
2026-09-02T19:04:05+00:00,78d4dfda8c2dc27bdc3ec26c2654f8fc,2026-09-06,Arsenal,Chelsea,draw_no_bet,away,MyBookie.ag,255
2026-09-02T19:04:05+00:00,78d4dfda8c2dc27bdc3ec26c2654f8fc,2026-09-06,Arsenal,Chelsea,draw_no_bet,home,BetMGM,-375
2026-09-02T19:04:05+00:00,78d4dfda8c2dc27bdc3ec26c2654f8fc,2026-09-06,Arsenal,Chelsea,draw_no_bet,home,BetOnline.ag,-357
2026-09-02T19:04:05+00:00,78d4dfda8c2dc27bdc3ec26c2654f8fc,2026-09-06,Arsenal,Chelsea,draw_no_bet,home,BetRivers,-400
2026-09-02T19:04:05+00:00,78d4dfda8c2dc27bdc3ec26c2654f8fc,2026-09-06,Arsenal,Chelsea,draw_no_bet,home,Bovada,-350
2026-09-02T19:04:05+00:00,78d4dfda8c2dc27bdc3ec26c2654f8fc,2026-09-06,Arsenal,Chelsea,draw_no_bet,home,Caesars,-320
2026-09-02T19:04:05+00:00,78d4dfda8c2dc27bdc3ec26c2654f8fc,2026-09-06,Arsenal,Chelsea,draw_no_bet,home,DraftKings,-390
2026-09-02T19:04:05+00:00,78d4dfda8c2dc27bdc3ec26c2654f8fc,2026-09-06,Arsenal,Chelsea,draw_no_bet,home,FanDuel,-380
2026-09-02T19:04:05+00:00,78d4dfda8c2dc27bdc3ec26c2654f8fc,2026-09-06,Arsenal,Chelsea,draw_no_bet,home,Fanatics,-400
2026-09-02T19:04:05+00:00,78d4dfda8c2dc27bdc3ec26c2654f8fc,2026-09-06,Arsenal,Chelsea,draw_no_bet,home,MyBookie.ag,-350
2026-09-02T19:04:05+00:00,78d4dfda8c2dc27bdc3ec26c2654f8fc,2026-09-06,Arsenal,Chelsea,total_2_5,over,BetMGM,-135
2026-09-02T19:04:05+00:00,78d4dfda8c2dc27bdc3ec26c2654f8fc,2026-09-06,Arsenal,Chelsea,total_2_5,over,BetOnline.ag,-132
2026-09-02T19:04:05+00:00,78d4dfda8c2dc27bdc3ec26c2654f8fc,2026-09-06,Arsenal,Chelsea,total_2_5,over,BetRivers,-129
2026-09-02T19:04:05+00:00,78d4dfda8c2dc27bdc3ec26c2654f8fc,2026-09-06,Arsenal,Chelsea,total_2_5,over,BetUS,-130
2026-09-02T19:04:05+00:00,78d4dfda8c2dc27bdc3ec26c2654f8fc,2026-09-06,Arsenal,Chelsea,total_2_5,over,Bovada,-130
2026-09-02T19:04:05+00:00,78d4dfda8c2dc27bdc3ec26c2654f8fc,2026-09-06,Arsenal,Chelsea,total_2_5,over,Caesars,-132
2026-09-02T19:04:05+00:00,78d4dfda8c2dc27bdc3ec26c2654f8fc,2026-09-06,Arsenal,Chelsea,total_2_5,over,DraftKings,-135
2026-09-02T19:04:05+00:00,78d4dfda8c2dc27bdc3ec26c2654f8fc,2026-09-06,Arsenal,Chelsea,total_2_5,over,FanDuel,-122
2026-09-02T19:04:05+00:00,78d4dfda8c2dc27bdc3ec26c2654f8fc,2026-09-06,Arsenal,Chelsea,total_2_5,over,Fanatics,-140
2026-09-02T19:04:05+00:00,78d4dfda8c2dc27bdc3ec26c2654f8fc,2026-09-06,Arsenal,Chelsea,total_2_5,over,LowVig.ag,-132
2026-09-02T19:04:05+00:00,78d4dfda8c2dc27bdc3ec26c2654f8fc,2026-09-06,Arsenal,Chelsea,total_2_5,over,MyBookie.ag,-141
2026-09-02T19:04:05+00:00,78d4dfda8c2dc27bdc3ec26c2654f8fc,2026-09-06,Arsenal,Chelsea,total_2_5,under,BetMGM,-102
2026-09-02T19:04:05+00:00,78d4dfda8c2dc27bdc3ec26c2654f8fc,2026-09-06,Arsenal,Chelsea,total_2_5,under,BetOnline.ag,107
2026-09-02T19:04:05+00:00,78d4dfda8c2dc27bdc3ec26c2654f8fc,2026-09-06,Arsenal,Chelsea,total_2_5,under,BetRivers,100
2026-09-02T19:04:05+00:00,78d4dfda8c2dc27bdc3ec26c2654f8fc,2026-09-06,Arsenal,Chelsea,total_2_5,under,BetUS,110
2026-09-02T19:04:05+00:00,78d4dfda8c2dc27bdc3ec26c2654f8fc,2026-09-06,Arsenal,Chelsea,total_2_5,under,Bovada,110
2026-09-02T19:04:05+00:00,78d4dfda8c2dc27bdc3ec26c2654f8fc,2026-09-06,Arsenal,Chelsea,total_2_5,under,Caesars,104
2026-09-02T19:04:05+00:00,78d4dfda8c2dc27bdc3ec26c2654f8fc,2026-09-06,Arsenal,Chelsea,total_2_5,under,DraftKings,105
2026-09-02T19:04:05+00:00,78d4dfda8c2dc27bdc3ec26c2654f8fc,2026-09-06,Arsenal,Chelsea,total_2_5,under,FanDuel,100
2026-09-02T19:04:05+00:00,78d4dfda8c2dc27bdc3ec26c2654f8fc,2026-09-06,Arsenal,Chelsea,total_2_5,under,Fanatics,105
2026-09-02T19:04:05+00:00,78d4dfda8c2dc27bdc3ec26c2654f8fc,2026-09-06,Arsenal,Chelsea,total_2_5,under,LowVig.ag,107
2026-09-02T19:04:05+00:00,78d4dfda8c2dc27bdc3ec26c2654f8fc,2026-09-06,Arsenal,Chelsea,total_2_5,under,MyBookie.ag,102
2026-09-02T19:04:05+00:00,8ea6c863f1852654399073b518b0a1f8,2026-09-06,Everton,Man United,1x2,away,BetMGM,105
2026-09-02T19:04:05+00:00,8ea6c863f1852654399073b518b0a1f8,2026-09-06,Everton,Man United,1x2,away,BetOnline.ag,124
2026-09-02T19:04:05+00:00,8ea6c863f1852654399073b518b0a1f8,2026-09-06,Everton,Man United,1x2,away,BetRivers,110
2026-09-02T19:04:05+00:00,8ea6c863f1852654399073b518b0a1f8,2026-09-06,Everton,Man United,1x2,away,BetUS,125
2026-09-02T19:04:05+00:00,8ea6c863f1852654399073b518b0a1f8,2026-09-06,Everton,Man United,1x2,away,Bovada,120
2026-09-02T19:04:05+00:00,8ea6c863f1852654399073b518b0a1f8,2026-09-06,Everton,Man United,1x2,away,Caesars,121
2026-09-02T19:04:05+00:00,8ea6c863f1852654399073b518b0a1f8,2026-09-06,Everton,Man United,1x2,away,DraftKings,120
2026-09-02T19:04:05+00:00,8ea6c863f1852654399073b518b0a1f8,2026-09-06,Everton,Man United,1x2,away,FanDuel,115
2026-09-02T19:04:05+00:00,8ea6c863f1852654399073b518b0a1f8,2026-09-06,Everton,Man United,1x2,away,Fanatics,120
2026-09-02T19:04:05+00:00,8ea6c863f1852654399073b518b0a1f8,2026-09-06,Everton,Man United,1x2,away,LowVig.ag,124
2026-09-02T19:04:05+00:00,8ea6c863f1852654399073b518b0a1f8,2026-09-06,Everton,Man United,1x2,away,MyBookie.ag,119
2026-09-02T19:04:05+00:00,8ea6c863f1852654399073b518b0a1f8,2026-09-06,Everton,Man United,1x2,draw,BetMGM,240
2026-09-02T19:04:05+00:00,8ea6c863f1852654399073b518b0a1f8,2026-09-06,Everton,Man United,1x2,draw,BetOnline.ag,260
2026-09-02T19:04:05+00:00,8ea6c863f1852654399073b518b0a1f8,2026-09-06,Everton,Man United,1x2,draw,BetRivers,255
2026-09-02T19:04:05+00:00,8ea6c863f1852654399073b518b0a1f8,2026-09-06,Everton,Man United,1x2,draw,BetUS,260
2026-09-02T19:04:05+00:00,8ea6c863f1852654399073b518b0a1f8,2026-09-06,Everton,Man United,1x2,draw,Bovada,265
2026-09-02T19:04:05+00:00,8ea6c863f1852654399073b518b0a1f8,2026-09-06,Everton,Man United,1x2,draw,Caesars,250
2026-09-02T19:04:05+00:00,8ea6c863f1852654399073b518b0a1f8,2026-09-06,Everton,Man United,1x2,draw,DraftKings,255
2026-09-02T19:04:05+00:00,8ea6c863f1852654399073b518b0a1f8,2026-09-06,Everton,Man United,1x2,draw,FanDuel,260
2026-09-02T19:04:05+00:00,8ea6c863f1852654399073b518b0a1f8,2026-09-06,Everton,Man United,1x2,draw,Fanatics,250
2026-09-02T19:04:05+00:00,8ea6c863f1852654399073b518b0a1f8,2026-09-06,Everton,Man United,1x2,draw,LowVig.ag,260
2026-09-02T19:04:05+00:00,8ea6c863f1852654399073b518b0a1f8,2026-09-06,Everton,Man United,1x2,draw,MyBookie.ag,238
2026-09-02T19:04:05+00:00,8ea6c863f1852654399073b518b0a1f8,2026-09-06,Everton,Man United,1x2,home,BetMGM,195
2026-09-02T19:04:05+00:00,8ea6c863f1852654399073b518b0a1f8,2026-09-06,Everton,Man United,1x2,home,BetOnline.ag,222
2026-09-02T19:04:05+00:00,8ea6c863f1852654399073b518b0a1f8,2026-09-06,Everton,Man United,1x2,home,BetRivers,235
2026-09-02T19:04:05+00:00,8ea6c863f1852654399073b518b0a1f8,2026-09-06,Everton,Man United,1x2,home,BetUS,220
2026-09-02T19:04:05+00:00,8ea6c863f1852654399073b518b0a1f8,2026-09-06,Everton,Man United,1x2,home,Bovada,215
2026-09-02T19:04:05+00:00,8ea6c863f1852654399073b518b0a1f8,2026-09-06,Everton,Man United,1x2,home,Caesars,205
2026-09-02T19:04:05+00:00,8ea6c863f1852654399073b518b0a1f8,2026-09-06,Everton,Man United,1x2,home,DraftKings,210
2026-09-02T19:04:05+00:00,8ea6c863f1852654399073b518b0a1f8,2026-09-06,Everton,Man United,1x2,home,FanDuel,200
2026-09-02T19:04:05+00:00,8ea6c863f1852654399073b518b0a1f8,2026-09-06,Everton,Man United,1x2,home,Fanatics,220
2026-09-02T19:04:05+00:00,8ea6c863f1852654399073b518b0a1f8,2026-09-06,Everton,Man United,1x2,home,LowVig.ag,222
2026-09-02T19:04:05+00:00,8ea6c863f1852654399073b518b0a1f8,2026-09-06,Everton,Man United,1x2,home,MyBookie.ag,204
2026-09-02T19:04:05+00:00,8ea6c863f1852654399073b518b0a1f8,2026-09-06,Everton,Man United,btts,no,BetMGM,125
2026-09-02T19:04:05+00:00,8ea6c863f1852654399073b518b0a1f8,2026-09-06,Everton,Man United,btts,no,BetOnline.ag,134
2026-09-02T19:04:05+00:00,8ea6c863f1852654399073b518b0a1f8,2026-09-06,Everton,Man United,btts,no,BetRivers,135
2026-09-02T19:04:05+00:00,8ea6c863f1852654399073b518b0a1f8,2026-09-06,Everton,Man United,btts,no,Bovada,135
2026-09-02T19:04:05+00:00,8ea6c863f1852654399073b518b0a1f8,2026-09-06,Everton,Man United,btts,no,Caesars,125
2026-09-02T19:04:05+00:00,8ea6c863f1852654399073b518b0a1f8,2026-09-06,Everton,Man United,btts,no,DraftKings,140
2026-09-02T19:04:05+00:00,8ea6c863f1852654399073b518b0a1f8,2026-09-06,Everton,Man United,btts,no,FanDuel,128
2026-09-02T19:04:05+00:00,8ea6c863f1852654399073b518b0a1f8,2026-09-06,Everton,Man United,btts,no,Fanatics,140
2026-09-02T19:04:05+00:00,8ea6c863f1852654399073b518b0a1f8,2026-09-06,Everton,Man United,btts,no,MyBookie.ag,130
2026-09-02T19:04:05+00:00,8ea6c863f1852654399073b518b0a1f8,2026-09-06,Everton,Man United,btts,yes,BetMGM,-175
2026-09-02T19:04:05+00:00,8ea6c863f1852654399073b518b0a1f8,2026-09-06,Everton,Man United,btts,yes,BetOnline.ag,-179
2026-09-02T19:04:05+00:00,8ea6c863f1852654399073b518b0a1f8,2026-09-06,Everton,Man United,btts,yes,BetRivers,-186
2026-09-02T19:04:05+00:00,8ea6c863f1852654399073b518b0a1f8,2026-09-06,Everton,Man United,btts,yes,Bovada,-180
2026-09-02T19:04:05+00:00,8ea6c863f1852654399073b518b0a1f8,2026-09-06,Everton,Man United,btts,yes,Caesars,-162
2026-09-02T19:04:05+00:00,8ea6c863f1852654399073b518b0a1f8,2026-09-06,Everton,Man United,btts,yes,DraftKings,-185
2026-09-02T19:04:05+00:00,8ea6c863f1852654399073b518b0a1f8,2026-09-06,Everton,Man United,btts,yes,FanDuel,-164
2026-09-02T19:04:05+00:00,8ea6c863f1852654399073b518b0a1f8,2026-09-06,Everton,Man United,btts,yes,Fanatics,-180
2026-09-02T19:04:05+00:00,8ea6c863f1852654399073b518b0a1f8,2026-09-06,Everton,Man United,btts,yes,MyBookie.ag,-182
2026-09-02T19:04:05+00:00,8ea6c863f1852654399073b518b0a1f8,2026-09-06,Everton,Man United,corners_1x2,away,BetMGM,-120
2026-09-02T19:04:05+00:00,8ea6c863f1852654399073b518b0a1f8,2026-09-06,Everton,Man United,corners_1x2,away,BetRivers,-139
2026-09-02T19:04:05+00:00,8ea6c863f1852654399073b518b0a1f8,2026-09-06,Everton,Man United,corners_1x2,away,Bovada,-122
2026-09-02T19:04:05+00:00,8ea6c863f1852654399073b518b0a1f8,2026-09-06,Everton,Man United,corners_1x2,away,DraftKings,-120
2026-09-02T19:04:05+00:00,8ea6c863f1852654399073b518b0a1f8,2026-09-06,Everton,Man United,corners_1x2,draw,BetMGM,700
2026-09-02T19:04:05+00:00,8ea6c863f1852654399073b518b0a1f8,2026-09-06,Everton,Man United,corners_1x2,draw,BetRivers,650
2026-09-02T19:04:05+00:00,8ea6c863f1852654399073b518b0a1f8,2026-09-06,Everton,Man United,corners_1x2,draw,Bovada,700
2026-09-02T19:04:05+00:00,8ea6c863f1852654399073b518b0a1f8,2026-09-06,Everton,Man United,corners_1x2,draw,DraftKings,600
2026-09-02T19:04:05+00:00,8ea6c863f1852654399073b518b0a1f8,2026-09-06,Everton,Man United,corners_1x2,home,BetMGM,125
2026-09-02T19:04:05+00:00,8ea6c863f1852654399073b518b0a1f8,2026-09-06,Everton,Man United,corners_1x2,home,BetRivers,135
2026-09-02T19:04:05+00:00,8ea6c863f1852654399073b518b0a1f8,2026-09-06,Everton,Man United,corners_1x2,home,Bovada,125
2026-09-02T19:04:05+00:00,8ea6c863f1852654399073b518b0a1f8,2026-09-06,Everton,Man United,corners_1x2,home,DraftKings,135
2026-09-02T19:04:05+00:00,8ea6c863f1852654399073b518b0a1f8,2026-09-06,Everton,Man United,corners_total_10_5,over,BetMGM,115
2026-09-02T19:04:05+00:00,8ea6c863f1852654399073b518b0a1f8,2026-09-06,Everton,Man United,corners_total_10_5,over,BetRivers,-107
2026-09-02T19:04:05+00:00,8ea6c863f1852654399073b518b0a1f8,2026-09-06,Everton,Man United,corners_total_10_5,over,Bovada,118
2026-09-02T19:04:05+00:00,8ea6c863f1852654399073b518b0a1f8,2026-09-06,Everton,Man United,corners_total_10_5,over,DraftKings,120
2026-09-02T19:04:05+00:00,8ea6c863f1852654399073b518b0a1f8,2026-09-06,Everton,Man United,corners_total_10_5,under,BetMGM,-165
2026-09-02T19:04:05+00:00,8ea6c863f1852654399073b518b0a1f8,2026-09-06,Everton,Man United,corners_total_10_5,under,BetRivers,-136
2026-09-02T19:04:05+00:00,8ea6c863f1852654399073b518b0a1f8,2026-09-06,Everton,Man United,corners_total_10_5,under,Bovada,-155
2026-09-02T19:04:05+00:00,8ea6c863f1852654399073b518b0a1f8,2026-09-06,Everton,Man United,corners_total_10_5,under,DraftKings,-175
2026-09-02T19:04:05+00:00,8ea6c863f1852654399073b518b0a1f8,2026-09-06,Everton,Man United,corners_total_9_5,over,BetMGM,-140
2026-09-02T19:04:05+00:00,8ea6c863f1852654399073b518b0a1f8,2026-09-06,Everton,Man United,corners_total_9_5,over,BetRivers,-175
2026-09-02T19:04:05+00:00,8ea6c863f1852654399073b518b0a1f8,2026-09-06,Everton,Man United,corners_total_9_5,over,Bovada,-132
2026-09-02T19:04:05+00:00,8ea6c863f1852654399073b518b0a1f8,2026-09-06,Everton,Man United,corners_total_9_5,over,Caesars,-136
2026-09-02T19:04:05+00:00,8ea6c863f1852654399073b518b0a1f8,2026-09-06,Everton,Man United,corners_total_9_5,over,DraftKings,-140
2026-09-02T19:04:05+00:00,8ea6c863f1852654399073b518b0a1f8,2026-09-06,Everton,Man United,corners_total_9_5,over,MyBookie.ag,-126
2026-09-02T19:04:05+00:00,8ea6c863f1852654399073b518b0a1f8,2026-09-06,Everton,Man United,corners_total_9_5,under,BetMGM,-102
2026-09-02T19:04:05+00:00,8ea6c863f1852654399073b518b0a1f8,2026-09-06,Everton,Man United,corners_total_9_5,under,BetRivers,117
2026-09-02T19:04:05+00:00,8ea6c863f1852654399073b518b0a1f8,2026-09-06,Everton,Man United,corners_total_9_5,under,Bovada,102
2026-09-02T19:04:05+00:00,8ea6c863f1852654399073b518b0a1f8,2026-09-06,Everton,Man United,corners_total_9_5,under,Caesars,106
2026-09-02T19:04:05+00:00,8ea6c863f1852654399073b518b0a1f8,2026-09-06,Everton,Man United,corners_total_9_5,under,DraftKings,-105
2026-09-02T19:04:05+00:00,8ea6c863f1852654399073b518b0a1f8,2026-09-06,Everton,Man United,corners_total_9_5,under,MyBookie.ag,-110
2026-09-02T19:04:05+00:00,8ea6c863f1852654399073b518b0a1f8,2026-09-06,Everton,Man United,double_chance,draw_or_away,BetRivers,-335
2026-09-02T19:04:05+00:00,8ea6c863f1852654399073b518b0a1f8,2026-09-06,Everton,Man United,double_chance,draw_or_away,Bovada,-300
2026-09-02T19:04:05+00:00,8ea6c863f1852654399073b518b0a1f8,2026-09-06,Everton,Man United,double_chance,draw_or_away,DraftKings,-280
2026-09-02T19:04:05+00:00,8ea6c863f1852654399073b518b0a1f8,2026-09-06,Everton,Man United,double_chance,draw_or_away,FanDuel,-270
2026-09-02T19:04:05+00:00,8ea6c863f1852654399073b518b0a1f8,2026-09-06,Everton,Man United,double_chance,draw_or_away,Fanatics,-275
2026-09-02T19:04:05+00:00,8ea6c863f1852654399073b518b0a1f8,2026-09-06,Everton,Man United,double_chance,draw_or_away,MyBookie.ag,-350
2026-09-02T19:04:05+00:00,8ea6c863f1852654399073b518b0a1f8,2026-09-06,Everton,Man United,double_chance,home_or_away,BetRivers,-345
2026-09-02T19:04:05+00:00,8ea6c863f1852654399073b518b0a1f8,2026-09-06,Everton,Man United,double_chance,home_or_away,Bovada,-345
2026-09-02T19:04:05+00:00,8ea6c863f1852654399073b518b0a1f8,2026-09-06,Everton,Man United,double_chance,home_or_away,DraftKings,-350
2026-09-02T19:04:05+00:00,8ea6c863f1852654399073b518b0a1f8,2026-09-06,Everton,Man United,double_chance,home_or_away,FanDuel,-370
2026-09-02T19:04:05+00:00,8ea6c863f1852654399073b518b0a1f8,2026-09-06,Everton,Man United,double_chance,home_or_away,Fanatics,-325
2026-09-02T19:04:05+00:00,8ea6c863f1852654399073b518b0a1f8,2026-09-06,Everton,Man United,double_chance,home_or_away,MyBookie.ag,-400
2026-09-02T19:04:05+00:00,8ea6c863f1852654399073b518b0a1f8,2026-09-06,Everton,Man United,double_chance,home_or_draw,BetRivers,-137
2026-09-02T19:04:05+00:00,8ea6c863f1852654399073b518b0a1f8,2026-09-06,Everton,Man United,double_chance,home_or_draw,Bovada,-148
2026-09-02T19:04:05+00:00,8ea6c863f1852654399073b518b0a1f8,2026-09-06,Everton,Man United,double_chance,home_or_draw,DraftKings,-160
2026-09-02T19:04:05+00:00,8ea6c863f1852654399073b518b0a1f8,2026-09-06,Everton,Man United,double_chance,home_or_draw,FanDuel,-160
2026-09-02T19:04:05+00:00,8ea6c863f1852654399073b518b0a1f8,2026-09-06,Everton,Man United,double_chance,home_or_draw,Fanatics,-150
2026-09-02T19:04:05+00:00,8ea6c863f1852654399073b518b0a1f8,2026-09-06,Everton,Man United,double_chance,home_or_draw,MyBookie.ag,-204
2026-09-02T19:04:05+00:00,8ea6c863f1852654399073b518b0a1f8,2026-09-06,Everton,Man United,draw_no_bet,away,BetMGM,-185
2026-09-02T19:04:05+00:00,8ea6c863f1852654399073b518b0a1f8,2026-09-06,Everton,Man United,draw_no_bet,away,BetOnline.ag,-167
2026-09-02T19:04:05+00:00,8ea6c863f1852654399073b518b0a1f8,2026-09-06,Everton,Man United,draw_no_bet,away,BetRivers,-200
2026-09-02T19:04:05+00:00,8ea6c863f1852654399073b518b0a1f8,2026-09-06,Everton,Man United,draw_no_bet,away,Bovada,-165
2026-09-02T19:04:05+00:00,8ea6c863f1852654399073b518b0a1f8,2026-09-06,Everton,Man United,draw_no_bet,away,Caesars,-156
2026-09-02T19:04:05+00:00,8ea6c863f1852654399073b518b0a1f8,2026-09-06,Everton,Man United,draw_no_bet,away,DraftKings,-165
2026-09-02T19:04:05+00:00,8ea6c863f1852654399073b518b0a1f8,2026-09-06,Everton,Man United,draw_no_bet,away,FanDuel,-152
2026-09-02T19:04:05+00:00,8ea6c863f1852654399073b518b0a1f8,2026-09-06,Everton,Man United,draw_no_bet,away,Fanatics,-165
2026-09-02T19:04:05+00:00,8ea6c863f1852654399073b518b0a1f8,2026-09-06,Everton,Man United,draw_no_bet,away,MyBookie.ag,-160
2026-09-02T19:04:05+00:00,8ea6c863f1852654399073b518b0a1f8,2026-09-06,Everton,Man United,draw_no_bet,home,BetMGM,125
2026-09-02T19:04:05+00:00,8ea6c863f1852654399073b518b0a1f8,2026-09-06,Everton,Man United,draw_no_bet,home,BetOnline.ag,131
2026-09-02T19:04:05+00:00,8ea6c863f1852654399073b518b0a1f8,2026-09-06,Everton,Man United,draw_no_bet,home,BetRivers,133
2026-09-02T19:04:05+00:00,8ea6c863f1852654399073b518b0a1f8,2026-09-06,Everton,Man United,draw_no_bet,home,Bovada,136
2026-09-02T19:04:05+00:00,8ea6c863f1852654399073b518b0a1f8,2026-09-06,Everton,Man United,draw_no_bet,home,Caesars,120
2026-09-02T19:04:05+00:00,8ea6c863f1852654399073b518b0a1f8,2026-09-06,Everton,Man United,draw_no_bet,home,DraftKings,125
2026-09-02T19:04:05+00:00,8ea6c863f1852654399073b518b0a1f8,2026-09-06,Everton,Man United,draw_no_bet,home,FanDuel,128
2026-09-02T19:04:05+00:00,8ea6c863f1852654399073b518b0a1f8,2026-09-06,Everton,Man United,draw_no_bet,home,Fanatics,125
2026-09-02T19:04:05+00:00,8ea6c863f1852654399073b518b0a1f8,2026-09-06,Everton,Man United,draw_no_bet,home,MyBookie.ag,125
2026-09-02T19:04:05+00:00,8ea6c863f1852654399073b518b0a1f8,2026-09-06,Everton,Man United,total_2_5,over,BetMGM,-150
2026-09-02T19:04:05+00:00,8ea6c863f1852654399073b518b0a1f8,2026-09-06,Everton,Man United,total_2_5,over,BetOnline.ag,-145
2026-09-02T19:04:05+00:00,8ea6c863f1852654399073b518b0a1f8,2026-09-06,Everton,Man United,total_2_5,over,BetRivers,-148
2026-09-02T19:04:05+00:00,8ea6c863f1852654399073b518b0a1f8,2026-09-06,Everton,Man United,total_2_5,over,BetUS,-145
2026-09-02T19:04:05+00:00,8ea6c863f1852654399073b518b0a1f8,2026-09-06,Everton,Man United,total_2_5,over,Bovada,-145
2026-09-02T19:04:05+00:00,8ea6c863f1852654399073b518b0a1f8,2026-09-06,Everton,Man United,total_2_5,over,Caesars,-148
2026-09-02T19:04:05+00:00,8ea6c863f1852654399073b518b0a1f8,2026-09-06,Everton,Man United,total_2_5,over,DraftKings,-150
2026-09-02T19:04:05+00:00,8ea6c863f1852654399073b518b0a1f8,2026-09-06,Everton,Man United,total_2_5,over,FanDuel,-140
2026-09-02T19:04:05+00:00,8ea6c863f1852654399073b518b0a1f8,2026-09-06,Everton,Man United,total_2_5,over,Fanatics,-150
2026-09-02T19:04:05+00:00,8ea6c863f1852654399073b518b0a1f8,2026-09-06,Everton,Man United,total_2_5,over,LowVig.ag,-145
2026-09-02T19:04:05+00:00,8ea6c863f1852654399073b518b0a1f8,2026-09-06,Everton,Man United,total_2_5,over,MyBookie.ag,-154
2026-09-02T19:04:05+00:00,8ea6c863f1852654399073b518b0a1f8,2026-09-06,Everton,Man United,total_2_5,under,BetMGM,110
2026-09-02T19:04:05+00:00,8ea6c863f1852654399073b518b0a1f8,2026-09-06,Everton,Man United,total_2_5,under,BetOnline.ag,116
2026-09-02T19:04:05+00:00,8ea6c863f1852654399073b518b0a1f8,2026-09-06,Everton,Man United,total_2_5,under,BetRivers,115
2026-09-02T19:04:05+00:00,8ea6c863f1852654399073b518b0a1f8,2026-09-06,Everton,Man United,total_2_5,under,BetUS,125
2026-09-02T19:04:05+00:00,8ea6c863f1852654399073b518b0a1f8,2026-09-06,Everton,Man United,total_2_5,under,Bovada,120
2026-09-02T19:04:05+00:00,8ea6c863f1852654399073b518b0a1f8,2026-09-06,Everton,Man United,total_2_5,under,Caesars,114
2026-09-02T19:04:05+00:00,8ea6c863f1852654399073b518b0a1f8,2026-09-06,Everton,Man United,total_2_5,under,DraftKings,115
2026-09-02T19:04:05+00:00,8ea6c863f1852654399073b518b0a1f8,2026-09-06,Everton,Man United,total_2_5,under,FanDuel,114
2026-09-02T19:04:05+00:00,8ea6c863f1852654399073b518b0a1f8,2026-09-06,Everton,Man United,total_2_5,under,Fanatics,115
2026-09-02T19:04:05+00:00,8ea6c863f1852654399073b518b0a1f8,2026-09-06,Everton,Man United,total_2_5,under,LowVig.ag,116
2026-09-02T19:04:05+00:00,8ea6c863f1852654399073b518b0a1f8,2026-09-06,Everton,Man United,total_2_5,under,MyBookie.ag,111
2026-09-02T19:04:05+00:00,8f68612bf47c3193e7fa2d8783e79373,2026-09-05,Fulham,Crystal Palace,1x2,away,BetMGM,188
2026-09-02T19:04:05+00:00,8f68612bf47c3193e7fa2d8783e79373,2026-09-05,Fulham,Crystal Palace,1x2,away,BetOnline.ag,217
2026-09-02T19:04:05+00:00,8f68612bf47c3193e7fa2d8783e79373,2026-09-05,Fulham,Crystal Palace,1x2,away,BetRivers,210
2026-09-02T19:04:05+00:00,8f68612bf47c3193e7fa2d8783e79373,2026-09-05,Fulham,Crystal Palace,1x2,away,BetUS,217
2026-09-02T19:04:05+00:00,8f68612bf47c3193e7fa2d8783e79373,2026-09-05,Fulham,Crystal Palace,1x2,away,Bovada,210
2026-09-02T19:04:05+00:00,8f68612bf47c3193e7fa2d8783e79373,2026-09-05,Fulham,Crystal Palace,1x2,away,Caesars,205
2026-09-02T19:04:05+00:00,8f68612bf47c3193e7fa2d8783e79373,2026-09-05,Fulham,Crystal Palace,1x2,away,DraftKings,215
2026-09-02T19:04:05+00:00,8f68612bf47c3193e7fa2d8783e79373,2026-09-05,Fulham,Crystal Palace,1x2,away,FanDuel,200
2026-09-02T19:04:05+00:00,8f68612bf47c3193e7fa2d8783e79373,2026-09-05,Fulham,Crystal Palace,1x2,away,Fanatics,210
2026-09-02T19:04:05+00:00,8f68612bf47c3193e7fa2d8783e79373,2026-09-05,Fulham,Crystal Palace,1x2,away,LowVig.ag,217
2026-09-02T19:04:05+00:00,8f68612bf47c3193e7fa2d8783e79373,2026-09-05,Fulham,Crystal Palace,1x2,away,MyBookie.ag,198
2026-09-02T19:04:05+00:00,8f68612bf47c3193e7fa2d8783e79373,2026-09-05,Fulham,Crystal Palace,1x2,draw,BetMGM,210
2026-09-02T19:04:05+00:00,8f68612bf47c3193e7fa2d8783e79373,2026-09-05,Fulham,Crystal Palace,1x2,draw,BetOnline.ag,244
2026-09-02T19:04:05+00:00,8f68612bf47c3193e7fa2d8783e79373,2026-09-05,Fulham,Crystal Palace,1x2,draw,BetRivers,240
2026-09-02T19:04:05+00:00,8f68612bf47c3193e7fa2d8783e79373,2026-09-05,Fulham,Crystal Palace,1x2,draw,BetUS,244
2026-09-02T19:04:05+00:00,8f68612bf47c3193e7fa2d8783e79373,2026-09-05,Fulham,Crystal Palace,1x2,draw,Bovada,240
2026-09-02T19:04:05+00:00,8f68612bf47c3193e7fa2d8783e79373,2026-09-05,Fulham,Crystal Palace,1x2,draw,Caesars,235
2026-09-02T19:04:05+00:00,8f68612bf47c3193e7fa2d8783e79373,2026-09-05,Fulham,Crystal Palace,1x2,draw,DraftKings,245
2026-09-02T19:04:05+00:00,8f68612bf47c3193e7fa2d8783e79373,2026-09-05,Fulham,Crystal Palace,1x2,draw,FanDuel,230
2026-09-02T19:04:05+00:00,8f68612bf47c3193e7fa2d8783e79373,2026-09-05,Fulham,Crystal Palace,1x2,draw,Fanatics,240
2026-09-02T19:04:05+00:00,8f68612bf47c3193e7fa2d8783e79373,2026-09-05,Fulham,Crystal Palace,1x2,draw,LowVig.ag,244
2026-09-02T19:04:05+00:00,8f68612bf47c3193e7fa2d8783e79373,2026-09-05,Fulham,Crystal Palace,1x2,draw,MyBookie.ag,228
2026-09-02T19:04:05+00:00,8f68612bf47c3193e7fa2d8783e79373,2026-09-05,Fulham,Crystal Palace,1x2,home,BetMGM,120
2026-09-02T19:04:05+00:00,8f68612bf47c3193e7fa2d8783e79373,2026-09-05,Fulham,Crystal Palace,1x2,home,BetOnline.ag,133
2026-09-02T19:04:05+00:00,8f68612bf47c3193e7fa2d8783e79373,2026-09-05,Fulham,Crystal Palace,1x2,home,BetRivers,130
2026-09-02T19:04:05+00:00,8f68612bf47c3193e7fa2d8783e79373,2026-09-05,Fulham,Crystal Palace,1x2,home,BetUS,133
2026-09-02T19:04:05+00:00,8f68612bf47c3193e7fa2d8783e79373,2026-09-05,Fulham,Crystal Palace,1x2,home,Bovada,130
2026-09-02T19:04:05+00:00,8f68612bf47c3193e7fa2d8783e79373,2026-09-05,Fulham,Crystal Palace,1x2,home,Caesars,129
2026-09-02T19:04:05+00:00,8f68612bf47c3193e7fa2d8783e79373,2026-09-05,Fulham,Crystal Palace,1x2,home,DraftKings,125
2026-09-02T19:04:05+00:00,8f68612bf47c3193e7fa2d8783e79373,2026-09-05,Fulham,Crystal Palace,1x2,home,FanDuel,130
2026-09-02T19:04:05+00:00,8f68612bf47c3193e7fa2d8783e79373,2026-09-05,Fulham,Crystal Palace,1x2,home,Fanatics,125
2026-09-02T19:04:05+00:00,8f68612bf47c3193e7fa2d8783e79373,2026-09-05,Fulham,Crystal Palace,1x2,home,LowVig.ag,133
2026-09-02T19:04:05+00:00,8f68612bf47c3193e7fa2d8783e79373,2026-09-05,Fulham,Crystal Palace,1x2,home,MyBookie.ag,128
2026-09-02T19:04:05+00:00,8f68612bf47c3193e7fa2d8783e79373,2026-09-05,Fulham,Crystal Palace,btts,no,BetMGM,110
2026-09-02T19:04:05+00:00,8f68612bf47c3193e7fa2d8783e79373,2026-09-05,Fulham,Crystal Palace,btts,no,BetOnline.ag,113
2026-09-02T19:04:05+00:00,8f68612bf47c3193e7fa2d8783e79373,2026-09-05,Fulham,Crystal Palace,btts,no,BetRivers,110
2026-09-02T19:04:05+00:00,8f68612bf47c3193e7fa2d8783e79373,2026-09-05,Fulham,Crystal Palace,btts,no,Bovada,110
2026-09-02T19:04:05+00:00,8f68612bf47c3193e7fa2d8783e79373,2026-09-05,Fulham,Crystal Palace,btts,no,Caesars,106
2026-09-02T19:04:05+00:00,8f68612bf47c3193e7fa2d8783e79373,2026-09-05,Fulham,Crystal Palace,btts,no,DraftKings,120
2026-09-02T19:04:05+00:00,8f68612bf47c3193e7fa2d8783e79373,2026-09-05,Fulham,Crystal Palace,btts,no,FanDuel,124
2026-09-02T19:04:05+00:00,8f68612bf47c3193e7fa2d8783e79373,2026-09-05,Fulham,Crystal Palace,btts,no,Fanatics,115
2026-09-02T19:04:05+00:00,8f68612bf47c3193e7fa2d8783e79373,2026-09-05,Fulham,Crystal Palace,btts,no,MyBookie.ag,108
2026-09-02T19:04:05+00:00,8f68612bf47c3193e7fa2d8783e79373,2026-09-05,Fulham,Crystal Palace,btts,yes,BetMGM,-160
2026-09-02T19:04:05+00:00,8f68612bf47c3193e7fa2d8783e79373,2026-09-05,Fulham,Crystal Palace,btts,yes,BetOnline.ag,-147
2026-09-02T19:04:05+00:00,8f68612bf47c3193e7fa2d8783e79373,2026-09-05,Fulham,Crystal Palace,btts,yes,BetRivers,-150
2026-09-02T19:04:05+00:00,8f68612bf47c3193e7fa2d8783e79373,2026-09-05,Fulham,Crystal Palace,btts,yes,Bovada,-145
2026-09-02T19:04:05+00:00,8f68612bf47c3193e7fa2d8783e79373,2026-09-05,Fulham,Crystal Palace,btts,yes,Caesars,-136
2026-09-02T19:04:05+00:00,8f68612bf47c3193e7fa2d8783e79373,2026-09-05,Fulham,Crystal Palace,btts,yes,DraftKings,-150
2026-09-02T19:04:05+00:00,8f68612bf47c3193e7fa2d8783e79373,2026-09-05,Fulham,Crystal Palace,btts,yes,FanDuel,-158
2026-09-02T19:04:05+00:00,8f68612bf47c3193e7fa2d8783e79373,2026-09-05,Fulham,Crystal Palace,btts,yes,Fanatics,-150
2026-09-02T19:04:05+00:00,8f68612bf47c3193e7fa2d8783e79373,2026-09-05,Fulham,Crystal Palace,btts,yes,MyBookie.ag,-150
2026-09-02T19:04:05+00:00,8f68612bf47c3193e7fa2d8783e79373,2026-09-05,Fulham,Crystal Palace,corners_1x2,away,BetMGM,210
2026-09-02T19:04:05+00:00,8f68612bf47c3193e7fa2d8783e79373,2026-09-05,Fulham,Crystal Palace,corners_1x2,away,BetRivers,170
2026-09-02T19:04:05+00:00,8f68612bf47c3193e7fa2d8783e79373,2026-09-05,Fulham,Crystal Palace,corners_1x2,away,Bovada,210
2026-09-02T19:04:05+00:00,8f68612bf47c3193e7fa2d8783e79373,2026-09-05,Fulham,Crystal Palace,corners_1x2,away,DraftKings,240
2026-09-02T19:04:05+00:00,8f68612bf47c3193e7fa2d8783e79373,2026-09-05,Fulham,Crystal Palace,corners_1x2,away,FanDuel,200
2026-09-02T19:04:05+00:00,8f68612bf47c3193e7fa2d8783e79373,2026-09-05,Fulham,Crystal Palace,corners_1x2,draw,BetMGM,725
2026-09-02T19:04:05+00:00,8f68612bf47c3193e7fa2d8783e79373,2026-09-05,Fulham,Crystal Palace,corners_1x2,draw,BetRivers,650
2026-09-02T19:04:05+00:00,8f68612bf47c3193e7fa2d8783e79373,2026-09-05,Fulham,Crystal Palace,corners_1x2,draw,Bovada,725
2026-09-02T19:04:05+00:00,8f68612bf47c3193e7fa2d8783e79373,2026-09-05,Fulham,Crystal Palace,corners_1x2,draw,DraftKings,700
2026-09-02T19:04:05+00:00,8f68612bf47c3193e7fa2d8783e79373,2026-09-05,Fulham,Crystal Palace,corners_1x2,draw,FanDuel,700
2026-09-02T19:04:05+00:00,8f68612bf47c3193e7fa2d8783e79373,2026-09-05,Fulham,Crystal Palace,corners_1x2,home,BetMGM,-200
2026-09-02T19:04:05+00:00,8f68612bf47c3193e7fa2d8783e79373,2026-09-05,Fulham,Crystal Palace,corners_1x2,home,BetRivers,-175
2026-09-02T19:04:05+00:00,8f68612bf47c3193e7fa2d8783e79373,2026-09-05,Fulham,Crystal Palace,corners_1x2,home,Bovada,-197
2026-09-02T19:04:05+00:00,8f68612bf47c3193e7fa2d8783e79373,2026-09-05,Fulham,Crystal Palace,corners_1x2,home,DraftKings,-205
2026-09-02T19:04:05+00:00,8f68612bf47c3193e7fa2d8783e79373,2026-09-05,Fulham,Crystal Palace,corners_1x2,home,FanDuel,-175
2026-09-02T19:04:05+00:00,8f68612bf47c3193e7fa2d8783e79373,2026-09-05,Fulham,Crystal Palace,corners_total_10_5,over,BetMGM,100
2026-09-02T19:04:05+00:00,8f68612bf47c3193e7fa2d8783e79373,2026-09-05,Fulham,Crystal Palace,corners_total_10_5,over,BetRivers,105
2026-09-02T19:04:05+00:00,8f68612bf47c3193e7fa2d8783e79373,2026-09-05,Fulham,Crystal Palace,corners_total_10_5,over,Bovada,108
2026-09-02T19:04:05+00:00,8f68612bf47c3193e7fa2d8783e79373,2026-09-05,Fulham,Crystal Palace,corners_total_10_5,over,DraftKings,115
2026-09-02T19:04:05+00:00,8f68612bf47c3193e7fa2d8783e79373,2026-09-05,Fulham,Crystal Palace,corners_total_10_5,over,FanDuel,130
2026-09-02T19:04:05+00:00,8f68612bf47c3193e7fa2d8783e79373,2026-09-05,Fulham,Crystal Palace,corners_total_10_5,under,BetMGM,-145
2026-09-02T19:04:05+00:00,8f68612bf47c3193e7fa2d8783e79373,2026-09-05,Fulham,Crystal Palace,corners_total_10_5,under,BetRivers,-155
2026-09-02T19:04:05+00:00,8f68612bf47c3193e7fa2d8783e79373,2026-09-05,Fulham,Crystal Palace,corners_total_10_5,under,Bovada,-140
2026-09-02T19:04:05+00:00,8f68612bf47c3193e7fa2d8783e79373,2026-09-05,Fulham,Crystal Palace,corners_total_10_5,under,DraftKings,-160
2026-09-02T19:04:05+00:00,8f68612bf47c3193e7fa2d8783e79373,2026-09-05,Fulham,Crystal Palace,corners_total_10_5,under,FanDuel,-174
2026-09-02T19:04:05+00:00,8f68612bf47c3193e7fa2d8783e79373,2026-09-05,Fulham,Crystal Palace,corners_total_9_5,over,BetMGM,-160
2026-09-02T19:04:05+00:00,8f68612bf47c3193e7fa2d8783e79373,2026-09-05,Fulham,Crystal Palace,corners_total_9_5,over,BetRivers,-150
2026-09-02T19:04:05+00:00,8f68612bf47c3193e7fa2d8783e79373,2026-09-05,Fulham,Crystal Palace,corners_total_9_5,over,Bovada,-148
2026-09-02T19:04:05+00:00,8f68612bf47c3193e7fa2d8783e79373,2026-09-05,Fulham,Crystal Palace,corners_total_9_5,over,Caesars,-141
2026-09-02T19:04:05+00:00,8f68612bf47c3193e7fa2d8783e79373,2026-09-05,Fulham,Crystal Palace,corners_total_9_5,over,DraftKings,-155
2026-09-02T19:04:05+00:00,8f68612bf47c3193e7fa2d8783e79373,2026-09-05,Fulham,Crystal Palace,corners_total_9_5,over,FanDuel,-130
2026-09-02T19:04:05+00:00,8f68612bf47c3193e7fa2d8783e79373,2026-09-05,Fulham,Crystal Palace,corners_total_9_5,over,MyBookie.ag,-138
2026-09-02T19:04:05+00:00,8f68612bf47c3193e7fa2d8783e79373,2026-09-05,Fulham,Crystal Palace,corners_total_9_5,under,BetMGM,115
2026-09-02T19:04:05+00:00,8f68612bf47c3193e7fa2d8783e79373,2026-09-05,Fulham,Crystal Palace,corners_total_9_5,under,BetRivers,104
2026-09-02T19:04:05+00:00,8f68612bf47c3193e7fa2d8783e79373,2026-09-05,Fulham,Crystal Palace,corners_total_9_5,under,Bovada,113
2026-09-02T19:04:05+00:00,8f68612bf47c3193e7fa2d8783e79373,2026-09-05,Fulham,Crystal Palace,corners_total_9_5,under,Caesars,111
2026-09-02T19:04:05+00:00,8f68612bf47c3193e7fa2d8783e79373,2026-09-05,Fulham,Crystal Palace,corners_total_9_5,under,DraftKings,110
2026-09-02T19:04:05+00:00,8f68612bf47c3193e7fa2d8783e79373,2026-09-05,Fulham,Crystal Palace,corners_total_9_5,under,FanDuel,-102
2026-09-02T19:04:05+00:00,8f68612bf47c3193e7fa2d8783e79373,2026-09-05,Fulham,Crystal Palace,corners_total_9_5,under,MyBookie.ag,100
2026-09-02T19:04:05+00:00,8f68612bf47c3193e7fa2d8783e79373,2026-09-05,Fulham,Crystal Palace,double_chance,draw_or_away,BetOnline.ag,-161
2026-09-02T19:04:05+00:00,8f68612bf47c3193e7fa2d8783e79373,2026-09-05,Fulham,Crystal Palace,double_chance,draw_or_away,BetRivers,-167
2026-09-02T19:04:05+00:00,8f68612bf47c3193e7fa2d8783e79373,2026-09-05,Fulham,Crystal Palace,double_chance,draw_or_away,Bovada,-168
2026-09-02T19:04:05+00:00,8f68612bf47c3193e7fa2d8783e79373,2026-09-05,Fulham,Crystal Palace,double_chance,draw_or_away,DraftKings,-160
2026-09-02T19:04:05+00:00,8f68612bf47c3193e7fa2d8783e79373,2026-09-05,Fulham,Crystal Palace,double_chance,draw_or_away,FanDuel,-175
2026-09-02T19:04:05+00:00,8f68612bf47c3193e7fa2d8783e79373,2026-09-05,Fulham,Crystal Palace,double_chance,draw_or_away,Fanatics,-160
2026-09-02T19:04:05+00:00,8f68612bf47c3193e7fa2d8783e79373,2026-09-05,Fulham,Crystal Palace,double_chance,draw_or_away,MyBookie.ag,-218
2026-09-02T19:04:05+00:00,8f68612bf47c3193e7fa2d8783e79373,2026-09-05,Fulham,Crystal Palace,double_chance,home_or_away,BetOnline.ag,-323
2026-09-02T19:04:05+00:00,8f68612bf47c3193e7fa2d8783e79373,2026-09-05,Fulham,Crystal Palace,double_chance,home_or_away,BetRivers,-335
2026-09-02T19:04:05+00:00,8f68612bf47c3193e7fa2d8783e79373,2026-09-05,Fulham,Crystal Palace,double_chance,home_or_away,Bovada,-325
2026-09-02T19:04:05+00:00,8f68612bf47c3193e7fa2d8783e79373,2026-09-05,Fulham,Crystal Palace,double_chance,home_or_away,DraftKings,-320
2026-09-02T19:04:05+00:00,8f68612bf47c3193e7fa2d8783e79373,2026-09-05,Fulham,Crystal Palace,double_chance,home_or_away,FanDuel,-320
2026-09-02T19:04:05+00:00,8f68612bf47c3193e7fa2d8783e79373,2026-09-05,Fulham,Crystal Palace,double_chance,home_or_away,Fanatics,-325
2026-09-02T19:04:05+00:00,8f68612bf47c3193e7fa2d8783e79373,2026-09-05,Fulham,Crystal Palace,double_chance,home_or_away,MyBookie.ag,-380
2026-09-02T19:04:05+00:00,8f68612bf47c3193e7fa2d8783e79373,2026-09-05,Fulham,Crystal Palace,double_chance,home_or_draw,BetOnline.ag,-278
2026-09-02T19:04:05+00:00,8f68612bf47c3193e7fa2d8783e79373,2026-09-05,Fulham,Crystal Palace,double_chance,home_or_draw,BetRivers,-278
2026-09-02T19:04:05+00:00,8f68612bf47c3193e7fa2d8783e79373,2026-09-05,Fulham,Crystal Palace,double_chance,home_or_draw,Bovada,-275
2026-09-02T19:04:05+00:00,8f68612bf47c3193e7fa2d8783e79373,2026-09-05,Fulham,Crystal Palace,double_chance,home_or_draw,DraftKings,-275
2026-09-02T19:04:05+00:00,8f68612bf47c3193e7fa2d8783e79373,2026-09-05,Fulham,Crystal Palace,double_chance,home_or_draw,FanDuel,-280
2026-09-02T19:04:05+00:00,8f68612bf47c3193e7fa2d8783e79373,2026-09-05,Fulham,Crystal Palace,double_chance,home_or_draw,Fanatics,-275
2026-09-02T19:04:05+00:00,8f68612bf47c3193e7fa2d8783e79373,2026-09-05,Fulham,Crystal Palace,double_chance,home_or_draw,MyBookie.ag,-340
2026-09-02T19:04:05+00:00,8f68612bf47c3193e7fa2d8783e79373,2026-09-05,Fulham,Crystal Palace,draw_no_bet,away,BetMGM,110
2026-09-02T19:04:05+00:00,8f68612bf47c3193e7fa2d8783e79373,2026-09-05,Fulham,Crystal Palace,draw_no_bet,away,BetOnline.ag,122
2026-09-02T19:04:05+00:00,8f68612bf47c3193e7fa2d8783e79373,2026-09-05,Fulham,Crystal Palace,draw_no_bet,away,BetRivers,112
2026-09-02T19:04:05+00:00,8f68612bf47c3193e7fa2d8783e79373,2026-09-05,Fulham,Crystal Palace,draw_no_bet,away,Bovada,122
2026-09-02T19:04:05+00:00,8f68612bf47c3193e7fa2d8783e79373,2026-09-05,Fulham,Crystal Palace,draw_no_bet,away,Caesars,110
2026-09-02T19:04:05+00:00,8f68612bf47c3193e7fa2d8783e79373,2026-09-05,Fulham,Crystal Palace,draw_no_bet,away,DraftKings,120
2026-09-02T19:04:05+00:00,8f68612bf47c3193e7fa2d8783e79373,2026-09-05,Fulham,Crystal Palace,draw_no_bet,away,FanDuel,126
2026-09-02T19:04:05+00:00,8f68612bf47c3193e7fa2d8783e79373,2026-09-05,Fulham,Crystal Palace,draw_no_bet,away,Fanatics,120
2026-09-02T19:04:05+00:00,8f68612bf47c3193e7fa2d8783e79373,2026-09-05,Fulham,Crystal Palace,draw_no_bet,away,MyBookie.ag,117
2026-09-02T19:04:05+00:00,8f68612bf47c3193e7fa2d8783e79373,2026-09-05,Fulham,Crystal Palace,draw_no_bet,home,BetMGM,-160
2026-09-02T19:04:05+00:00,8f68612bf47c3193e7fa2d8783e79373,2026-09-05,Fulham,Crystal Palace,draw_no_bet,home,BetOnline.ag,-154
2026-09-02T19:04:05+00:00,8f68612bf47c3193e7fa2d8783e79373,2026-09-05,Fulham,Crystal Palace,draw_no_bet,home,BetRivers,-165
2026-09-02T19:04:05+00:00,8f68612bf47c3193e7fa2d8783e79373,2026-09-05,Fulham,Crystal Palace,draw_no_bet,home,Bovada,-148
2026-09-02T19:04:05+00:00,8f68612bf47c3193e7fa2d8783e79373,2026-09-05,Fulham,Crystal Palace,draw_no_bet,home,Caesars,-141
2026-09-02T19:04:05+00:00,8f68612bf47c3193e7fa2d8783e79373,2026-09-05,Fulham,Crystal Palace,draw_no_bet,home,DraftKings,-150
2026-09-02T19:04:05+00:00,8f68612bf47c3193e7fa2d8783e79373,2026-09-05,Fulham,Crystal Palace,draw_no_bet,home,FanDuel,-148
2026-09-02T19:04:05+00:00,8f68612bf47c3193e7fa2d8783e79373,2026-09-05,Fulham,Crystal Palace,draw_no_bet,home,Fanatics,-160
2026-09-02T19:04:05+00:00,8f68612bf47c3193e7fa2d8783e79373,2026-09-05,Fulham,Crystal Palace,draw_no_bet,home,MyBookie.ag,-149
2026-09-02T19:04:05+00:00,8f68612bf47c3193e7fa2d8783e79373,2026-09-05,Fulham,Crystal Palace,total_2_5,over,BetMGM,-120
2026-09-02T19:04:05+00:00,8f68612bf47c3193e7fa2d8783e79373,2026-09-05,Fulham,Crystal Palace,total_2_5,over,BetOnline.ag,-115
2026-09-02T19:04:05+00:00,8f68612bf47c3193e7fa2d8783e79373,2026-09-05,Fulham,Crystal Palace,total_2_5,over,BetRivers,-117
2026-09-02T19:04:05+00:00,8f68612bf47c3193e7fa2d8783e79373,2026-09-05,Fulham,Crystal Palace,total_2_5,over,BetUS,-115
2026-09-02T19:04:05+00:00,8f68612bf47c3193e7fa2d8783e79373,2026-09-05,Fulham,Crystal Palace,total_2_5,over,Bovada,-112
2026-09-02T19:04:05+00:00,8f68612bf47c3193e7fa2d8783e79373,2026-09-05,Fulham,Crystal Palace,total_2_5,over,Caesars,-117
2026-09-02T19:04:05+00:00,8f68612bf47c3193e7fa2d8783e79373,2026-09-05,Fulham,Crystal Palace,total_2_5,over,DraftKings,-115
2026-09-02T19:04:05+00:00,8f68612bf47c3193e7fa2d8783e79373,2026-09-05,Fulham,Crystal Palace,total_2_5,over,FanDuel,-115
2026-09-02T19:04:05+00:00,8f68612bf47c3193e7fa2d8783e79373,2026-09-05,Fulham,Crystal Palace,total_2_5,over,Fanatics,-120
2026-09-02T19:04:05+00:00,8f68612bf47c3193e7fa2d8783e79373,2026-09-05,Fulham,Crystal Palace,total_2_5,over,LowVig.ag,-115
2026-09-02T19:04:05+00:00,8f68612bf47c3193e7fa2d8783e79373,2026-09-05,Fulham,Crystal Palace,total_2_5,over,MyBookie.ag,-121
2026-09-02T19:04:05+00:00,8f68612bf47c3193e7fa2d8783e79373,2026-09-05,Fulham,Crystal Palace,total_2_5,under,BetMGM,-112
2026-09-02T19:04:05+00:00,8f68612bf47c3193e7fa2d8783e79373,2026-09-05,Fulham,Crystal Palace,total_2_5,under,BetOnline.ag,-105
2026-09-02T19:04:05+00:00,8f68612bf47c3193e7fa2d8783e79373,2026-09-05,Fulham,Crystal Palace,total_2_5,under,BetRivers,-109
2026-09-02T19:04:05+00:00,8f68612bf47c3193e7fa2d8783e79373,2026-09-05,Fulham,Crystal Palace,total_2_5,under,BetUS,-105
2026-09-02T19:04:05+00:00,8f68612bf47c3193e7fa2d8783e79373,2026-09-05,Fulham,Crystal Palace,total_2_5,under,Bovada,-108
2026-09-02T19:04:05+00:00,8f68612bf47c3193e7fa2d8783e79373,2026-09-05,Fulham,Crystal Palace,total_2_5,under,Caesars,-110
2026-09-02T19:04:05+00:00,8f68612bf47c3193e7fa2d8783e79373,2026-09-05,Fulham,Crystal Palace,total_2_5,under,DraftKings,-110
2026-09-02T19:04:05+00:00,8f68612bf47c3193e7fa2d8783e79373,2026-09-05,Fulham,Crystal Palace,total_2_5,under,FanDuel,-105
2026-09-02T19:04:05+00:00,8f68612bf47c3193e7fa2d8783e79373,2026-09-05,Fulham,Crystal Palace,total_2_5,under,Fanatics,-110
2026-09-02T19:04:05+00:00,8f68612bf47c3193e7fa2d8783e79373,2026-09-05,Fulham,Crystal Palace,total_2_5,under,LowVig.ag,-105
2026-09-02T19:04:05+00:00,8f68612bf47c3193e7fa2d8783e79373,2026-09-05,Fulham,Crystal Palace,total_2_5,under,MyBookie.ag,-114
2026-09-02T19:04:05+00:00,a6f2622727548c33369cc15c88b2aabd,2026-09-05,Nott'm Forest,Tottenham,1x2,away,BetMGM,165
2026-09-02T19:04:05+00:00,a6f2622727548c33369cc15c88b2aabd,2026-09-05,Nott'm Forest,Tottenham,1x2,away,BetOnline.ag,188
2026-09-02T19:04:05+00:00,a6f2622727548c33369cc15c88b2aabd,2026-09-05,Nott'm Forest,Tottenham,1x2,away,BetRivers,175
2026-09-02T19:04:05+00:00,a6f2622727548c33369cc15c88b2aabd,2026-09-05,Nott'm Forest,Tottenham,1x2,away,BetUS,188
2026-09-02T19:04:05+00:00,a6f2622727548c33369cc15c88b2aabd,2026-09-05,Nott'm Forest,Tottenham,1x2,away,Bovada,185
2026-09-02T19:04:05+00:00,a6f2622727548c33369cc15c88b2aabd,2026-09-05,Nott'm Forest,Tottenham,1x2,away,Caesars,179
2026-09-02T19:04:05+00:00,a6f2622727548c33369cc15c88b2aabd,2026-09-05,Nott'm Forest,Tottenham,1x2,away,DraftKings,185
2026-09-02T19:04:05+00:00,a6f2622727548c33369cc15c88b2aabd,2026-09-05,Nott'm Forest,Tottenham,1x2,away,FanDuel,180
2026-09-02T19:04:05+00:00,a6f2622727548c33369cc15c88b2aabd,2026-09-05,Nott'm Forest,Tottenham,1x2,away,Fanatics,185
2026-09-02T19:04:05+00:00,a6f2622727548c33369cc15c88b2aabd,2026-09-05,Nott'm Forest,Tottenham,1x2,away,LowVig.ag,188
2026-09-02T19:04:05+00:00,a6f2622727548c33369cc15c88b2aabd,2026-09-05,Nott'm Forest,Tottenham,1x2,away,MyBookie.ag,177
2026-09-02T19:04:05+00:00,a6f2622727548c33369cc15c88b2aabd,2026-09-05,Nott'm Forest,Tottenham,1x2,draw,BetMGM,220
2026-09-02T19:04:05+00:00,a6f2622727548c33369cc15c88b2aabd,2026-09-05,Nott'm Forest,Tottenham,1x2,draw,BetOnline.ag,251
2026-09-02T19:04:05+00:00,a6f2622727548c33369cc15c88b2aabd,2026-09-05,Nott'm Forest,Tottenham,1x2,draw,BetRivers,235
2026-09-02T19:04:05+00:00,a6f2622727548c33369cc15c88b2aabd,2026-09-05,Nott'm Forest,Tottenham,1x2,draw,BetUS,251
2026-09-02T19:04:05+00:00,a6f2622727548c33369cc15c88b2aabd,2026-09-05,Nott'm Forest,Tottenham,1x2,draw,Bovada,245
2026-09-02T19:04:05+00:00,a6f2622727548c33369cc15c88b2aabd,2026-09-05,Nott'm Forest,Tottenham,1x2,draw,Caesars,235
2026-09-02T19:04:05+00:00,a6f2622727548c33369cc15c88b2aabd,2026-09-05,Nott'm Forest,Tottenham,1x2,draw,DraftKings,245
2026-09-02T19:04:05+00:00,a6f2622727548c33369cc15c88b2aabd,2026-09-05,Nott'm Forest,Tottenham,1x2,draw,FanDuel,230
2026-09-02T19:04:05+00:00,a6f2622727548c33369cc15c88b2aabd,2026-09-05,Nott'm Forest,Tottenham,1x2,draw,Fanatics,240
2026-09-02T19:04:05+00:00,a6f2622727548c33369cc15c88b2aabd,2026-09-05,Nott'm Forest,Tottenham,1x2,draw,LowVig.ag,251
2026-09-02T19:04:05+00:00,a6f2622727548c33369cc15c88b2aabd,2026-09-05,Nott'm Forest,Tottenham,1x2,draw,MyBookie.ag,234
2026-09-02T19:04:05+00:00,a6f2622727548c33369cc15c88b2aabd,2026-09-05,Nott'm Forest,Tottenham,1x2,home,BetMGM,135
2026-09-02T19:04:05+00:00,a6f2622727548c33369cc15c88b2aabd,2026-09-05,Nott'm Forest,Tottenham,1x2,home,BetOnline.ag,148
2026-09-02T19:04:05+00:00,a6f2622727548c33369cc15c88b2aabd,2026-09-05,Nott'm Forest,Tottenham,1x2,home,BetRivers,155
2026-09-02T19:04:05+00:00,a6f2622727548c33369cc15c88b2aabd,2026-09-05,Nott'm Forest,Tottenham,1x2,home,BetUS,148
2026-09-02T19:04:05+00:00,a6f2622727548c33369cc15c88b2aabd,2026-09-05,Nott'm Forest,Tottenham,1x2,home,Bovada,145
2026-09-02T19:04:05+00:00,a6f2622727548c33369cc15c88b2aabd,2026-09-05,Nott'm Forest,Tottenham,1x2,home,Caesars,147
2026-09-02T19:04:05+00:00,a6f2622727548c33369cc15c88b2aabd,2026-09-05,Nott'm Forest,Tottenham,1x2,home,DraftKings,145
2026-09-02T19:04:05+00:00,a6f2622727548c33369cc15c88b2aabd,2026-09-05,Nott'm Forest,Tottenham,1x2,home,FanDuel,145
2026-09-02T19:04:05+00:00,a6f2622727548c33369cc15c88b2aabd,2026-09-05,Nott'm Forest,Tottenham,1x2,home,Fanatics,140
2026-09-02T19:04:05+00:00,a6f2622727548c33369cc15c88b2aabd,2026-09-05,Nott'm Forest,Tottenham,1x2,home,LowVig.ag,148
2026-09-02T19:04:05+00:00,a6f2622727548c33369cc15c88b2aabd,2026-09-05,Nott'm Forest,Tottenham,1x2,home,MyBookie.ag,139
2026-09-02T19:04:05+00:00,a6f2622727548c33369cc15c88b2aabd,2026-09-05,Nott'm Forest,Tottenham,btts,no,BetMGM,100
2026-09-02T19:04:05+00:00,a6f2622727548c33369cc15c88b2aabd,2026-09-05,Nott'm Forest,Tottenham,btts,no,BetOnline.ag,101
2026-09-02T19:04:05+00:00,a6f2622727548c33369cc15c88b2aabd,2026-09-05,Nott'm Forest,Tottenham,btts,no,BetRivers,102
2026-09-02T19:04:05+00:00,a6f2622727548c33369cc15c88b2aabd,2026-09-05,Nott'm Forest,Tottenham,btts,no,Bovada,108
2026-09-02T19:04:05+00:00,a6f2622727548c33369cc15c88b2aabd,2026-09-05,Nott'm Forest,Tottenham,btts,no,Caesars,101
2026-09-02T19:04:05+00:00,a6f2622727548c33369cc15c88b2aabd,2026-09-05,Nott'm Forest,Tottenham,btts,no,DraftKings,115
2026-09-02T19:04:05+00:00,a6f2622727548c33369cc15c88b2aabd,2026-09-05,Nott'm Forest,Tottenham,btts,no,FanDuel,108
2026-09-02T19:04:05+00:00,a6f2622727548c33369cc15c88b2aabd,2026-09-05,Nott'm Forest,Tottenham,btts,no,Fanatics,110
2026-09-02T19:04:05+00:00,a6f2622727548c33369cc15c88b2aabd,2026-09-05,Nott'm Forest,Tottenham,btts,no,MyBookie.ag,103
2026-09-02T19:04:05+00:00,a6f2622727548c33369cc15c88b2aabd,2026-09-05,Nott'm Forest,Tottenham,btts,yes,BetMGM,-145
2026-09-02T19:04:05+00:00,a6f2622727548c33369cc15c88b2aabd,2026-09-05,Nott'm Forest,Tottenham,btts,yes,BetOnline.ag,-132
2026-09-02T19:04:05+00:00,a6f2622727548c33369cc15c88b2aabd,2026-09-05,Nott'm Forest,Tottenham,btts,yes,BetRivers,-137
2026-09-02T19:04:05+00:00,a6f2622727548c33369cc15c88b2aabd,2026-09-05,Nott'm Forest,Tottenham,btts,yes,Bovada,-140
2026-09-02T19:04:05+00:00,a6f2622727548c33369cc15c88b2aabd,2026-09-05,Nott'm Forest,Tottenham,btts,yes,Caesars,-129
2026-09-02T19:04:05+00:00,a6f2622727548c33369cc15c88b2aabd,2026-09-05,Nott'm Forest,Tottenham,btts,yes,DraftKings,-145
2026-09-02T19:04:05+00:00,a6f2622727548c33369cc15c88b2aabd,2026-09-05,Nott'm Forest,Tottenham,btts,yes,FanDuel,-136
2026-09-02T19:04:05+00:00,a6f2622727548c33369cc15c88b2aabd,2026-09-05,Nott'm Forest,Tottenham,btts,yes,Fanatics,-145
2026-09-02T19:04:05+00:00,a6f2622727548c33369cc15c88b2aabd,2026-09-05,Nott'm Forest,Tottenham,btts,yes,MyBookie.ag,-142
2026-09-02T19:04:05+00:00,a6f2622727548c33369cc15c88b2aabd,2026-09-05,Nott'm Forest,Tottenham,corners_1x2,away,BetMGM,110
2026-09-02T19:04:05+00:00,a6f2622727548c33369cc15c88b2aabd,2026-09-05,Nott'm Forest,Tottenham,corners_1x2,away,BetRivers,-110
2026-09-02T19:04:05+00:00,a6f2622727548c33369cc15c88b2aabd,2026-09-05,Nott'm Forest,Tottenham,corners_1x2,away,Bovada,110
2026-09-02T19:04:05+00:00,a6f2622727548c33369cc15c88b2aabd,2026-09-05,Nott'm Forest,Tottenham,corners_1x2,away,DraftKings,110
2026-09-02T19:04:05+00:00,a6f2622727548c33369cc15c88b2aabd,2026-09-05,Nott'm Forest,Tottenham,corners_1x2,draw,BetMGM,675
2026-09-02T19:04:05+00:00,a6f2622727548c33369cc15c88b2aabd,2026-09-05,Nott'm Forest,Tottenham,corners_1x2,draw,BetRivers,650
2026-09-02T19:04:05+00:00,a6f2622727548c33369cc15c88b2aabd,2026-09-05,Nott'm Forest,Tottenham,corners_1x2,draw,Bovada,675
2026-09-02T19:04:05+00:00,a6f2622727548c33369cc15c88b2aabd,2026-09-05,Nott'm Forest,Tottenham,corners_1x2,draw,DraftKings,600
2026-09-02T19:04:05+00:00,a6f2622727548c33369cc15c88b2aabd,2026-09-05,Nott'm Forest,Tottenham,corners_1x2,home,BetMGM,-105
2026-09-02T19:04:05+00:00,a6f2622727548c33369cc15c88b2aabd,2026-09-05,Nott'm Forest,Tottenham,corners_1x2,home,BetRivers,110
2026-09-02T19:04:05+00:00,a6f2622727548c33369cc15c88b2aabd,2026-09-05,Nott'm Forest,Tottenham,corners_1x2,home,Bovada,-106
2026-09-02T19:04:05+00:00,a6f2622727548c33369cc15c88b2aabd,2026-09-05,Nott'm Forest,Tottenham,corners_1x2,home,DraftKings,105
2026-09-02T19:04:05+00:00,a6f2622727548c33369cc15c88b2aabd,2026-09-05,Nott'm Forest,Tottenham,corners_total_10_5,over,BetMGM,100
2026-09-02T19:04:05+00:00,a6f2622727548c33369cc15c88b2aabd,2026-09-05,Nott'm Forest,Tottenham,corners_total_10_5,over,BetRivers,-104
2026-09-02T19:04:05+00:00,a6f2622727548c33369cc15c88b2aabd,2026-09-05,Nott'm Forest,Tottenham,corners_total_10_5,over,Bovada,105
2026-09-02T19:04:05+00:00,a6f2622727548c33369cc15c88b2aabd,2026-09-05,Nott'm Forest,Tottenham,corners_total_10_5,over,Caesars,105
2026-09-02T19:04:05+00:00,a6f2622727548c33369cc15c88b2aabd,2026-09-05,Nott'm Forest,Tottenham,corners_total_10_5,over,DraftKings,100
2026-09-02T19:04:05+00:00,a6f2622727548c33369cc15c88b2aabd,2026-09-05,Nott'm Forest,Tottenham,corners_total_10_5,over,MyBookie.ag,100
2026-09-02T19:04:05+00:00,a6f2622727548c33369cc15c88b2aabd,2026-09-05,Nott'm Forest,Tottenham,corners_total_10_5,under,BetMGM,-145
2026-09-02T19:04:05+00:00,a6f2622727548c33369cc15c88b2aabd,2026-09-05,Nott'm Forest,Tottenham,corners_total_10_5,under,BetRivers,-141
2026-09-02T19:04:05+00:00,a6f2622727548c33369cc15c88b2aabd,2026-09-05,Nott'm Forest,Tottenham,corners_total_10_5,under,Bovada,-135
2026-09-02T19:04:05+00:00,a6f2622727548c33369cc15c88b2aabd,2026-09-05,Nott'm Forest,Tottenham,corners_total_10_5,under,Caesars,-134
2026-09-02T19:04:05+00:00,a6f2622727548c33369cc15c88b2aabd,2026-09-05,Nott'm Forest,Tottenham,corners_total_10_5,under,DraftKings,-140
2026-09-02T19:04:05+00:00,a6f2622727548c33369cc15c88b2aabd,2026-09-05,Nott'm Forest,Tottenham,corners_total_10_5,under,MyBookie.ag,-138
2026-09-02T19:04:05+00:00,a6f2622727548c33369cc15c88b2aabd,2026-09-05,Nott'm Forest,Tottenham,corners_total_9_5,over,BetMGM,-160
2026-09-02T19:04:05+00:00,a6f2622727548c33369cc15c88b2aabd,2026-09-05,Nott'm Forest,Tottenham,corners_total_9_5,over,BetRivers,-167
2026-09-02T19:04:05+00:00,a6f2622727548c33369cc15c88b2aabd,2026-09-05,Nott'm Forest,Tottenham,corners_total_9_5,over,Bovada,-155
2026-09-02T19:04:05+00:00,a6f2622727548c33369cc15c88b2aabd,2026-09-05,Nott'm Forest,Tottenham,corners_total_9_5,over,DraftKings,-155
2026-09-02T19:04:05+00:00,a6f2622727548c33369cc15c88b2aabd,2026-09-05,Nott'm Forest,Tottenham,corners_total_9_5,under,BetMGM,110
2026-09-02T19:04:05+00:00,a6f2622727548c33369cc15c88b2aabd,2026-09-05,Nott'm Forest,Tottenham,corners_total_9_5,under,BetRivers,114
2026-09-02T19:04:05+00:00,a6f2622727548c33369cc15c88b2aabd,2026-09-05,Nott'm Forest,Tottenham,corners_total_9_5,under,Bovada,118
2026-09-02T19:04:05+00:00,a6f2622727548c33369cc15c88b2aabd,2026-09-05,Nott'm Forest,Tottenham,corners_total_9_5,under,DraftKings,115
2026-09-02T19:04:05+00:00,a6f2622727548c33369cc15c88b2aabd,2026-09-05,Nott'm Forest,Tottenham,double_chance,draw_or_away,BetOnline.ag,-172
2026-09-02T19:04:05+00:00,a6f2622727548c33369cc15c88b2aabd,2026-09-05,Nott'm Forest,Tottenham,double_chance,draw_or_away,BetRivers,-200
2026-09-02T19:04:05+00:00,a6f2622727548c33369cc15c88b2aabd,2026-09-05,Nott'm Forest,Tottenham,double_chance,draw_or_away,Bovada,-190
2026-09-02T19:04:05+00:00,a6f2622727548c33369cc15c88b2aabd,2026-09-05,Nott'm Forest,Tottenham,double_chance,draw_or_away,DraftKings,-185
2026-09-02T19:04:05+00:00,a6f2622727548c33369cc15c88b2aabd,2026-09-05,Nott'm Forest,Tottenham,double_chance,draw_or_away,FanDuel,-190
2026-09-02T19:04:05+00:00,a6f2622727548c33369cc15c88b2aabd,2026-09-05,Nott'm Forest,Tottenham,double_chance,draw_or_away,Fanatics,-175
2026-09-02T19:04:05+00:00,a6f2622727548c33369cc15c88b2aabd,2026-09-05,Nott'm Forest,Tottenham,double_chance,draw_or_away,MyBookie.ag,-236
2026-09-02T19:04:05+00:00,a6f2622727548c33369cc15c88b2aabd,2026-09-05,Nott'm Forest,Tottenham,double_chance,home_or_away,BetOnline.ag,-323
2026-09-02T19:04:05+00:00,a6f2622727548c33369cc15c88b2aabd,2026-09-05,Nott'm Forest,Tottenham,double_chance,home_or_away,BetRivers,-315
2026-09-02T19:04:05+00:00,a6f2622727548c33369cc15c88b2aabd,2026-09-05,Nott'm Forest,Tottenham,double_chance,home_or_away,Bovada,-315
2026-09-02T19:04:05+00:00,a6f2622727548c33369cc15c88b2aabd,2026-09-05,Nott'm Forest,Tottenham,double_chance,home_or_away,DraftKings,-320
2026-09-02T19:04:05+00:00,a6f2622727548c33369cc15c88b2aabd,2026-09-05,Nott'm Forest,Tottenham,double_chance,home_or_away,FanDuel,-320
2026-09-02T19:04:05+00:00,a6f2622727548c33369cc15c88b2aabd,2026-09-05,Nott'm Forest,Tottenham,double_chance,home_or_away,Fanatics,-325
2026-09-02T19:04:05+00:00,a6f2622727548c33369cc15c88b2aabd,2026-09-05,Nott'm Forest,Tottenham,double_chance,home_or_away,MyBookie.ag,-391
2026-09-02T19:04:05+00:00,a6f2622727548c33369cc15c88b2aabd,2026-09-05,Nott'm Forest,Tottenham,double_chance,home_or_draw,BetOnline.ag,-244
2026-09-02T19:04:05+00:00,a6f2622727548c33369cc15c88b2aabd,2026-09-05,Nott'm Forest,Tottenham,double_chance,home_or_draw,BetRivers,-235
2026-09-02T19:04:05+00:00,a6f2622727548c33369cc15c88b2aabd,2026-09-05,Nott'm Forest,Tottenham,double_chance,home_or_draw,Bovada,-245
2026-09-02T19:04:05+00:00,a6f2622727548c33369cc15c88b2aabd,2026-09-05,Nott'm Forest,Tottenham,double_chance,home_or_draw,DraftKings,-235
2026-09-02T19:04:05+00:00,a6f2622727548c33369cc15c88b2aabd,2026-09-05,Nott'm Forest,Tottenham,double_chance,home_or_draw,FanDuel,-250
2026-09-02T19:04:05+00:00,a6f2622727548c33369cc15c88b2aabd,2026-09-05,Nott'm Forest,Tottenham,double_chance,home_or_draw,Fanatics,-240
2026-09-02T19:04:05+00:00,a6f2622727548c33369cc15c88b2aabd,2026-09-05,Nott'm Forest,Tottenham,double_chance,home_or_draw,MyBookie.ag,-300
2026-09-02T19:04:05+00:00,a6f2622727548c33369cc15c88b2aabd,2026-09-05,Nott'm Forest,Tottenham,draw_no_bet,away,BetMGM,-102
2026-09-02T19:04:05+00:00,a6f2622727548c33369cc15c88b2aabd,2026-09-05,Nott'm Forest,Tottenham,draw_no_bet,away,BetOnline.ag,111
2026-09-02T19:04:05+00:00,a6f2622727548c33369cc15c88b2aabd,2026-09-05,Nott'm Forest,Tottenham,draw_no_bet,away,BetRivers,-110
2026-09-02T19:04:05+00:00,a6f2622727548c33369cc15c88b2aabd,2026-09-05,Nott'm Forest,Tottenham,draw_no_bet,away,Bovada,108
2026-09-02T19:04:05+00:00,a6f2622727548c33369cc15c88b2aabd,2026-09-05,Nott'm Forest,Tottenham,draw_no_bet,away,Caesars,-106
2026-09-02T19:04:05+00:00,a6f2622727548c33369cc15c88b2aabd,2026-09-05,Nott'm Forest,Tottenham,draw_no_bet,away,DraftKings,105
2026-09-02T19:04:05+00:00,a6f2622727548c33369cc15c88b2aabd,2026-09-05,Nott'm Forest,Tottenham,draw_no_bet,away,FanDuel,110
2026-09-02T19:04:05+00:00,a6f2622727548c33369cc15c88b2aabd,2026-09-05,Nott'm Forest,Tottenham,draw_no_bet,away,Fanatics,105
2026-09-02T19:04:05+00:00,a6f2622727548c33369cc15c88b2aabd,2026-09-05,Nott'm Forest,Tottenham,draw_no_bet,away,MyBookie.ag,104
2026-09-02T19:04:05+00:00,a6f2622727548c33369cc15c88b2aabd,2026-09-05,Nott'm Forest,Tottenham,draw_no_bet,home,BetMGM,-135
2026-09-02T19:04:05+00:00,a6f2622727548c33369cc15c88b2aabd,2026-09-05,Nott'm Forest,Tottenham,draw_no_bet,home,BetOnline.ag,-135
2026-09-02T19:04:05+00:00,a6f2622727548c33369cc15c88b2aabd,2026-09-05,Nott'm Forest,Tottenham,draw_no_bet,home,BetRivers,-130
2026-09-02T19:04:05+00:00,a6f2622727548c33369cc15c88b2aabd,2026-09-05,Nott'm Forest,Tottenham,draw_no_bet,home,Bovada,-128
2026-09-02T19:04:05+00:00,a6f2622727548c33369cc15c88b2aabd,2026-09-05,Nott'm Forest,Tottenham,draw_no_bet,home,Caesars,-121
2026-09-02T19:04:05+00:00,a6f2622727548c33369cc15c88b2aabd,2026-09-05,Nott'm Forest,Tottenham,draw_no_bet,home,DraftKings,-135
2026-09-02T19:04:05+00:00,a6f2622727548c33369cc15c88b2aabd,2026-09-05,Nott'm Forest,Tottenham,draw_no_bet,home,FanDuel,-128
2026-09-02T19:04:05+00:00,a6f2622727548c33369cc15c88b2aabd,2026-09-05,Nott'm Forest,Tottenham,draw_no_bet,home,Fanatics,-140
2026-09-02T19:04:05+00:00,a6f2622727548c33369cc15c88b2aabd,2026-09-05,Nott'm Forest,Tottenham,draw_no_bet,home,MyBookie.ag,-132
2026-09-02T19:04:05+00:00,a6f2622727548c33369cc15c88b2aabd,2026-09-05,Nott'm Forest,Tottenham,total_2_5,over,BetMGM,-112
2026-09-02T19:04:05+00:00,a6f2622727548c33369cc15c88b2aabd,2026-09-05,Nott'm Forest,Tottenham,total_2_5,over,BetOnline.ag,-111
2026-09-02T19:04:05+00:00,a6f2622727548c33369cc15c88b2aabd,2026-09-05,Nott'm Forest,Tottenham,total_2_5,over,BetRivers,-103
2026-09-02T19:04:05+00:00,a6f2622727548c33369cc15c88b2aabd,2026-09-05,Nott'm Forest,Tottenham,total_2_5,over,BetUS,-110
2026-09-02T19:04:05+00:00,a6f2622727548c33369cc15c88b2aabd,2026-09-05,Nott'm Forest,Tottenham,total_2_5,over,Bovada,-110
2026-09-02T19:04:05+00:00,a6f2622727548c33369cc15c88b2aabd,2026-09-05,Nott'm Forest,Tottenham,total_2_5,over,Caesars,-108
2026-09-02T19:04:05+00:00,a6f2622727548c33369cc15c88b2aabd,2026-09-05,Nott'm Forest,Tottenham,total_2_5,over,DraftKings,-110
2026-09-02T19:04:05+00:00,a6f2622727548c33369cc15c88b2aabd,2026-09-05,Nott'm Forest,Tottenham,total_2_5,over,FanDuel,-102
2026-09-02T19:04:05+00:00,a6f2622727548c33369cc15c88b2aabd,2026-09-05,Nott'm Forest,Tottenham,total_2_5,over,Fanatics,-115
2026-09-02T19:04:05+00:00,a6f2622727548c33369cc15c88b2aabd,2026-09-05,Nott'm Forest,Tottenham,total_2_5,over,LowVig.ag,-111
2026-09-02T19:04:05+00:00,a6f2622727548c33369cc15c88b2aabd,2026-09-05,Nott'm Forest,Tottenham,total_2_5,over,MyBookie.ag,-115
2026-09-02T19:04:05+00:00,a6f2622727548c33369cc15c88b2aabd,2026-09-05,Nott'm Forest,Tottenham,total_2_5,under,BetMGM,-120
2026-09-02T19:04:05+00:00,a6f2622727548c33369cc15c88b2aabd,2026-09-05,Nott'm Forest,Tottenham,total_2_5,under,BetOnline.ag,-109
2026-09-02T19:04:05+00:00,a6f2622727548c33369cc15c88b2aabd,2026-09-05,Nott'm Forest,Tottenham,total_2_5,under,BetRivers,-124
2026-09-02T19:04:05+00:00,a6f2622727548c33369cc15c88b2aabd,2026-09-05,Nott'm Forest,Tottenham,total_2_5,under,BetUS,-110
2026-09-02T19:04:05+00:00,a6f2622727548c33369cc15c88b2aabd,2026-09-05,Nott'm Forest,Tottenham,total_2_5,under,Bovada,-110
2026-09-02T19:04:05+00:00,a6f2622727548c33369cc15c88b2aabd,2026-09-05,Nott'm Forest,Tottenham,total_2_5,under,Caesars,-118
2026-09-02T19:04:05+00:00,a6f2622727548c33369cc15c88b2aabd,2026-09-05,Nott'm Forest,Tottenham,total_2_5,under,DraftKings,-110
2026-09-02T19:04:05+00:00,a6f2622727548c33369cc15c88b2aabd,2026-09-05,Nott'm Forest,Tottenham,total_2_5,under,FanDuel,-120
2026-09-02T19:04:05+00:00,a6f2622727548c33369cc15c88b2aabd,2026-09-05,Nott'm Forest,Tottenham,total_2_5,under,Fanatics,-115
2026-09-02T19:04:05+00:00,a6f2622727548c33369cc15c88b2aabd,2026-09-05,Nott'm Forest,Tottenham,total_2_5,under,LowVig.ag,-109
2026-09-02T19:04:05+00:00,a6f2622727548c33369cc15c88b2aabd,2026-09-05,Nott'm Forest,Tottenham,total_2_5,under,MyBookie.ag,-120
2026-09-02T19:04:05+00:00,b7a2cad26d908a943a27340b4b607068,2026-09-14,Leeds,Newcastle,1x2,away,BetRivers,165
2026-09-02T19:04:05+00:00,b7a2cad26d908a943a27340b4b607068,2026-09-14,Leeds,Newcastle,1x2,away,Bovada,175
2026-09-02T19:04:05+00:00,b7a2cad26d908a943a27340b4b607068,2026-09-14,Leeds,Newcastle,1x2,away,DraftKings,170
2026-09-02T19:04:05+00:00,b7a2cad26d908a943a27340b4b607068,2026-09-14,Leeds,Newcastle,1x2,away,FanDuel,170
2026-09-02T19:04:05+00:00,b7a2cad26d908a943a27340b4b607068,2026-09-14,Leeds,Newcastle,1x2,away,Fanatics,165
2026-09-02T19:04:05+00:00,b7a2cad26d908a943a27340b4b607068,2026-09-14,Leeds,Newcastle,1x2,away,MyBookie.ag,168
2026-09-02T19:04:05+00:00,b7a2cad26d908a943a27340b4b607068,2026-09-14,Leeds,Newcastle,1x2,draw,BetRivers,250
2026-09-02T19:04:05+00:00,b7a2cad26d908a943a27340b4b607068,2026-09-14,Leeds,Newcastle,1x2,draw,Bovada,260
2026-09-02T19:04:05+00:00,b7a2cad26d908a943a27340b4b607068,2026-09-14,Leeds,Newcastle,1x2,draw,DraftKings,250
2026-09-02T19:04:05+00:00,b7a2cad26d908a943a27340b4b607068,2026-09-14,Leeds,Newcastle,1x2,draw,FanDuel,260
2026-09-02T19:04:05+00:00,b7a2cad26d908a943a27340b4b607068,2026-09-14,Leeds,Newcastle,1x2,draw,Fanatics,250
2026-09-02T19:04:05+00:00,b7a2cad26d908a943a27340b4b607068,2026-09-14,Leeds,Newcastle,1x2,draw,MyBookie.ag,236
2026-09-02T19:04:05+00:00,b7a2cad26d908a943a27340b4b607068,2026-09-14,Leeds,Newcastle,1x2,home,BetRivers,148
2026-09-02T19:04:05+00:00,b7a2cad26d908a943a27340b4b607068,2026-09-14,Leeds,Newcastle,1x2,home,Bovada,145
2026-09-02T19:04:05+00:00,b7a2cad26d908a943a27340b4b607068,2026-09-14,Leeds,Newcastle,1x2,home,DraftKings,145
2026-09-02T19:04:05+00:00,b7a2cad26d908a943a27340b4b607068,2026-09-14,Leeds,Newcastle,1x2,home,FanDuel,140
2026-09-02T19:04:05+00:00,b7a2cad26d908a943a27340b4b607068,2026-09-14,Leeds,Newcastle,1x2,home,Fanatics,150
2026-09-02T19:04:05+00:00,b7a2cad26d908a943a27340b4b607068,2026-09-14,Leeds,Newcastle,1x2,home,MyBookie.ag,145
2026-09-02T19:04:05+00:00,b7a2cad26d908a943a27340b4b607068,2026-09-14,Leeds,Newcastle,btts,no,BetRivers,128
2026-09-02T19:04:05+00:00,b7a2cad26d908a943a27340b4b607068,2026-09-14,Leeds,Newcastle,btts,no,Bovada,132
2026-09-02T19:04:05+00:00,b7a2cad26d908a943a27340b4b607068,2026-09-14,Leeds,Newcastle,btts,no,DraftKings,135
2026-09-02T19:04:05+00:00,b7a2cad26d908a943a27340b4b607068,2026-09-14,Leeds,Newcastle,btts,no,FanDuel,130
2026-09-02T19:04:05+00:00,b7a2cad26d908a943a27340b4b607068,2026-09-14,Leeds,Newcastle,btts,no,Fanatics,125
2026-09-02T19:04:05+00:00,b7a2cad26d908a943a27340b4b607068,2026-09-14,Leeds,Newcastle,btts,yes,BetRivers,-186
2026-09-02T19:04:05+00:00,b7a2cad26d908a943a27340b4b607068,2026-09-14,Leeds,Newcastle,btts,yes,Bovada,-175
2026-09-02T19:04:05+00:00,b7a2cad26d908a943a27340b4b607068,2026-09-14,Leeds,Newcastle,btts,yes,DraftKings,-185
2026-09-02T19:04:05+00:00,b7a2cad26d908a943a27340b4b607068,2026-09-14,Leeds,Newcastle,btts,yes,FanDuel,-166
2026-09-02T19:04:05+00:00,b7a2cad26d908a943a27340b4b607068,2026-09-14,Leeds,Newcastle,btts,yes,Fanatics,-165
2026-09-02T19:04:05+00:00,b7a2cad26d908a943a27340b4b607068,2026-09-14,Leeds,Newcastle,corners_1x2,away,BetRivers,-113
2026-09-02T19:04:05+00:00,b7a2cad26d908a943a27340b4b607068,2026-09-14,Leeds,Newcastle,corners_1x2,away,Fanatics,140
2026-09-02T19:04:05+00:00,b7a2cad26d908a943a27340b4b607068,2026-09-14,Leeds,Newcastle,corners_1x2,draw,BetRivers,650
2026-09-02T19:04:05+00:00,b7a2cad26d908a943a27340b4b607068,2026-09-14,Leeds,Newcastle,corners_1x2,draw,Fanatics,650
2026-09-02T19:04:05+00:00,b7a2cad26d908a943a27340b4b607068,2026-09-14,Leeds,Newcastle,corners_1x2,home,BetRivers,110
2026-09-02T19:04:05+00:00,b7a2cad26d908a943a27340b4b607068,2026-09-14,Leeds,Newcastle,corners_1x2,home,Fanatics,-130
2026-09-02T19:04:05+00:00,b7a2cad26d908a943a27340b4b607068,2026-09-14,Leeds,Newcastle,corners_total_10_5,over,BetRivers,-109
2026-09-02T19:04:05+00:00,b7a2cad26d908a943a27340b4b607068,2026-09-14,Leeds,Newcastle,corners_total_10_5,under,BetRivers,-134
2026-09-02T19:04:05+00:00,b7a2cad26d908a943a27340b4b607068,2026-09-14,Leeds,Newcastle,corners_total_9_5,over,BetRivers,-175
2026-09-02T19:04:05+00:00,b7a2cad26d908a943a27340b4b607068,2026-09-14,Leeds,Newcastle,corners_total_9_5,over,Fanatics,-160
2026-09-02T19:04:05+00:00,b7a2cad26d908a943a27340b4b607068,2026-09-14,Leeds,Newcastle,corners_total_9_5,under,BetRivers,118
2026-09-02T19:04:05+00:00,b7a2cad26d908a943a27340b4b607068,2026-09-14,Leeds,Newcastle,corners_total_9_5,under,Fanatics,115
2026-09-02T19:04:05+00:00,b7a2cad26d908a943a27340b4b607068,2026-09-14,Leeds,Newcastle,double_chance,draw_or_away,BetRivers,-215
2026-09-02T19:04:05+00:00,b7a2cad26d908a943a27340b4b607068,2026-09-14,Leeds,Newcastle,double_chance,draw_or_away,Bovada,-193
2026-09-02T19:04:05+00:00,b7a2cad26d908a943a27340b4b607068,2026-09-14,Leeds,Newcastle,double_chance,draw_or_away,DraftKings,-205
2026-09-02T19:04:05+00:00,b7a2cad26d908a943a27340b4b607068,2026-09-14,Leeds,Newcastle,double_chance,draw_or_away,FanDuel,-190
2026-09-02T19:04:05+00:00,b7a2cad26d908a943a27340b4b607068,2026-09-14,Leeds,Newcastle,double_chance,draw_or_away,Fanatics,-190
2026-09-02T19:04:05+00:00,b7a2cad26d908a943a27340b4b607068,2026-09-14,Leeds,Newcastle,double_chance,home_or_away,BetRivers,-400
2026-09-02T19:04:05+00:00,b7a2cad26d908a943a27340b4b607068,2026-09-14,Leeds,Newcastle,double_chance,home_or_away,Bovada,-335
2026-09-02T19:04:05+00:00,b7a2cad26d908a943a27340b4b607068,2026-09-14,Leeds,Newcastle,double_chance,home_or_away,DraftKings,-360
2026-09-02T19:04:05+00:00,b7a2cad26d908a943a27340b4b607068,2026-09-14,Leeds,Newcastle,double_chance,home_or_away,FanDuel,-360
2026-09-02T19:04:05+00:00,b7a2cad26d908a943a27340b4b607068,2026-09-14,Leeds,Newcastle,double_chance,home_or_away,Fanatics,-325
2026-09-02T19:04:05+00:00,b7a2cad26d908a943a27340b4b607068,2026-09-14,Leeds,Newcastle,double_chance,home_or_draw,BetRivers,-245
2026-09-02T19:04:05+00:00,b7a2cad26d908a943a27340b4b607068,2026-09-14,Leeds,Newcastle,double_chance,home_or_draw,Bovada,-225
2026-09-02T19:04:05+00:00,b7a2cad26d908a943a27340b4b607068,2026-09-14,Leeds,Newcastle,double_chance,home_or_draw,DraftKings,-235
2026-09-02T19:04:05+00:00,b7a2cad26d908a943a27340b4b607068,2026-09-14,Leeds,Newcastle,double_chance,home_or_draw,FanDuel,-230
2026-09-02T19:04:05+00:00,b7a2cad26d908a943a27340b4b607068,2026-09-14,Leeds,Newcastle,double_chance,home_or_draw,Fanatics,-210
2026-09-02T19:04:05+00:00,b7a2cad26d908a943a27340b4b607068,2026-09-14,Leeds,Newcastle,draw_no_bet,away,BetRivers,-113
2026-09-02T19:04:05+00:00,b7a2cad26d908a943a27340b4b607068,2026-09-14,Leeds,Newcastle,draw_no_bet,away,Bovada,100
2026-09-02T19:04:05+00:00,b7a2cad26d908a943a27340b4b607068,2026-09-14,Leeds,Newcastle,draw_no_bet,away,DraftKings,-105
2026-09-02T19:04:05+00:00,b7a2cad26d908a943a27340b4b607068,2026-09-14,Leeds,Newcastle,draw_no_bet,away,FanDuel,102
2026-09-02T19:04:05+00:00,b7a2cad26d908a943a27340b4b607068,2026-09-14,Leeds,Newcastle,draw_no_bet,away,Fanatics,-110
2026-09-02T19:04:05+00:00,b7a2cad26d908a943a27340b4b607068,2026-09-14,Leeds,Newcastle,draw_no_bet,home,BetRivers,-129
2026-09-02T19:04:05+00:00,b7a2cad26d908a943a27340b4b607068,2026-09-14,Leeds,Newcastle,draw_no_bet,home,Bovada,-120
2026-09-02T19:04:05+00:00,b7a2cad26d908a943a27340b4b607068,2026-09-14,Leeds,Newcastle,draw_no_bet,home,DraftKings,-130
2026-09-02T19:04:05+00:00,b7a2cad26d908a943a27340b4b607068,2026-09-14,Leeds,Newcastle,draw_no_bet,home,FanDuel,-120
2026-09-02T19:04:05+00:00,b7a2cad26d908a943a27340b4b607068,2026-09-14,Leeds,Newcastle,draw_no_bet,home,Fanatics,-120
2026-09-02T19:04:05+00:00,b7a2cad26d908a943a27340b4b607068,2026-09-14,Leeds,Newcastle,total_2_5,over,BetRivers,-141
2026-09-02T19:04:05+00:00,b7a2cad26d908a943a27340b4b607068,2026-09-14,Leeds,Newcastle,total_2_5,over,Bovada,-138
2026-09-02T19:04:05+00:00,b7a2cad26d908a943a27340b4b607068,2026-09-14,Leeds,Newcastle,total_2_5,over,DraftKings,-140
2026-09-02T19:04:05+00:00,b7a2cad26d908a943a27340b4b607068,2026-09-14,Leeds,Newcastle,total_2_5,over,FanDuel,-140
2026-09-02T19:04:05+00:00,b7a2cad26d908a943a27340b4b607068,2026-09-14,Leeds,Newcastle,total_2_5,over,Fanatics,-140
2026-09-02T19:04:05+00:00,b7a2cad26d908a943a27340b4b607068,2026-09-14,Leeds,Newcastle,total_2_5,over,MyBookie.ag,-139
2026-09-02T19:04:05+00:00,b7a2cad26d908a943a27340b4b607068,2026-09-14,Leeds,Newcastle,total_2_5,under,BetRivers,112
2026-09-02T19:04:05+00:00,b7a2cad26d908a943a27340b4b607068,2026-09-14,Leeds,Newcastle,total_2_5,under,Bovada,114
2026-09-02T19:04:05+00:00,b7a2cad26d908a943a27340b4b607068,2026-09-14,Leeds,Newcastle,total_2_5,under,DraftKings,105
2026-09-02T19:04:05+00:00,b7a2cad26d908a943a27340b4b607068,2026-09-14,Leeds,Newcastle,total_2_5,under,FanDuel,112
2026-09-02T19:04:05+00:00,b7a2cad26d908a943a27340b4b607068,2026-09-14,Leeds,Newcastle,total_2_5,under,Fanatics,105
2026-09-02T19:04:05+00:00,b7a2cad26d908a943a27340b4b607068,2026-09-14,Leeds,Newcastle,total_2_5,under,MyBookie.ag,101
2026-09-02T19:04:05+00:00,c97a93b915115f2b4659fb88262b71f8,2026-09-13,Coventry,Brighton,1x2,away,BetRivers,-124
2026-09-02T19:04:05+00:00,c97a93b915115f2b4659fb88262b71f8,2026-09-13,Coventry,Brighton,1x2,away,Bovada,-122
2026-09-02T19:04:05+00:00,c97a93b915115f2b4659fb88262b71f8,2026-09-13,Coventry,Brighton,1x2,away,DraftKings,-125
2026-09-02T19:04:05+00:00,c97a93b915115f2b4659fb88262b71f8,2026-09-13,Coventry,Brighton,1x2,away,FanDuel,-140
2026-09-02T19:04:05+00:00,c97a93b915115f2b4659fb88262b71f8,2026-09-13,Coventry,Brighton,1x2,away,Fanatics,-125
2026-09-02T19:04:05+00:00,c97a93b915115f2b4659fb88262b71f8,2026-09-13,Coventry,Brighton,1x2,away,MyBookie.ag,-135
2026-09-02T19:04:05+00:00,c97a93b915115f2b4659fb88262b71f8,2026-09-13,Coventry,Brighton,1x2,draw,BetRivers,275
2026-09-02T19:04:05+00:00,c97a93b915115f2b4659fb88262b71f8,2026-09-13,Coventry,Brighton,1x2,draw,Bovada,280
2026-09-02T19:04:05+00:00,c97a93b915115f2b4659fb88262b71f8,2026-09-13,Coventry,Brighton,1x2,draw,DraftKings,265
2026-09-02T19:04:05+00:00,c97a93b915115f2b4659fb88262b71f8,2026-09-13,Coventry,Brighton,1x2,draw,FanDuel,290
2026-09-02T19:04:05+00:00,c97a93b915115f2b4659fb88262b71f8,2026-09-13,Coventry,Brighton,1x2,draw,Fanatics,280
2026-09-02T19:04:05+00:00,c97a93b915115f2b4659fb88262b71f8,2026-09-13,Coventry,Brighton,1x2,draw,MyBookie.ag,270
2026-09-02T19:04:05+00:00,c97a93b915115f2b4659fb88262b71f8,2026-09-13,Coventry,Brighton,1x2,home,BetRivers,310
2026-09-02T19:04:05+00:00,c97a93b915115f2b4659fb88262b71f8,2026-09-13,Coventry,Brighton,1x2,home,Bovada,330
2026-09-02T19:04:05+00:00,c97a93b915115f2b4659fb88262b71f8,2026-09-13,Coventry,Brighton,1x2,home,DraftKings,320
2026-09-02T19:04:05+00:00,c97a93b915115f2b4659fb88262b71f8,2026-09-13,Coventry,Brighton,1x2,home,FanDuel,330
2026-09-02T19:04:05+00:00,c97a93b915115f2b4659fb88262b71f8,2026-09-13,Coventry,Brighton,1x2,home,Fanatics,350
2026-09-02T19:04:05+00:00,c97a93b915115f2b4659fb88262b71f8,2026-09-13,Coventry,Brighton,1x2,home,MyBookie.ag,330
2026-09-02T19:04:05+00:00,c97a93b915115f2b4659fb88262b71f8,2026-09-13,Coventry,Brighton,btts,no,BetRivers,110
2026-09-02T19:04:05+00:00,c97a93b915115f2b4659fb88262b71f8,2026-09-13,Coventry,Brighton,btts,no,Bovada,113
2026-09-02T19:04:05+00:00,c97a93b915115f2b4659fb88262b71f8,2026-09-13,Coventry,Brighton,btts,no,DraftKings,110
2026-09-02T19:04:05+00:00,c97a93b915115f2b4659fb88262b71f8,2026-09-13,Coventry,Brighton,btts,no,FanDuel,112
2026-09-02T19:04:05+00:00,c97a93b915115f2b4659fb88262b71f8,2026-09-13,Coventry,Brighton,btts,no,Fanatics,115
2026-09-02T19:04:05+00:00,c97a93b915115f2b4659fb88262b71f8,2026-09-13,Coventry,Brighton,btts,yes,BetRivers,-159
2026-09-02T19:04:05+00:00,c97a93b915115f2b4659fb88262b71f8,2026-09-13,Coventry,Brighton,btts,yes,Bovada,-148
2026-09-02T19:04:05+00:00,c97a93b915115f2b4659fb88262b71f8,2026-09-13,Coventry,Brighton,btts,yes,DraftKings,-155
2026-09-02T19:04:05+00:00,c97a93b915115f2b4659fb88262b71f8,2026-09-13,Coventry,Brighton,btts,yes,FanDuel,-142
2026-09-02T19:04:05+00:00,c97a93b915115f2b4659fb88262b71f8,2026-09-13,Coventry,Brighton,btts,yes,Fanatics,-150
2026-09-02T19:04:05+00:00,c97a93b915115f2b4659fb88262b71f8,2026-09-13,Coventry,Brighton,corners_1x2,away,BetRivers,-220
2026-09-02T19:04:05+00:00,c97a93b915115f2b4659fb88262b71f8,2026-09-13,Coventry,Brighton,corners_1x2,away,Fanatics,-140
2026-09-02T19:04:05+00:00,c97a93b915115f2b4659fb88262b71f8,2026-09-13,Coventry,Brighton,corners_1x2,draw,BetRivers,650
2026-09-02T19:04:05+00:00,c97a93b915115f2b4659fb88262b71f8,2026-09-13,Coventry,Brighton,corners_1x2,draw,Fanatics,600
2026-09-02T19:04:05+00:00,c97a93b915115f2b4659fb88262b71f8,2026-09-13,Coventry,Brighton,corners_1x2,home,BetRivers,210
2026-09-02T19:04:05+00:00,c97a93b915115f2b4659fb88262b71f8,2026-09-13,Coventry,Brighton,corners_1x2,home,Fanatics,155
2026-09-02T19:04:05+00:00,c97a93b915115f2b4659fb88262b71f8,2026-09-13,Coventry,Brighton,corners_total_10_5,over,BetRivers,130
2026-09-02T19:04:05+00:00,c97a93b915115f2b4659fb88262b71f8,2026-09-13,Coventry,Brighton,corners_total_10_5,under,BetRivers,-195
2026-09-02T19:04:05+00:00,c97a93b915115f2b4659fb88262b71f8,2026-09-13,Coventry,Brighton,corners_total_9_5,over,BetRivers,-121
2026-09-02T19:04:05+00:00,c97a93b915115f2b4659fb88262b71f8,2026-09-13,Coventry,Brighton,corners_total_9_5,over,Fanatics,-115
2026-09-02T19:04:05+00:00,c97a93b915115f2b4659fb88262b71f8,2026-09-13,Coventry,Brighton,corners_total_9_5,under,BetRivers,-121
2026-09-02T19:04:05+00:00,c97a93b915115f2b4659fb88262b71f8,2026-09-13,Coventry,Brighton,corners_total_9_5,under,Fanatics,-125
2026-09-02T19:04:05+00:00,c97a93b915115f2b4659fb88262b71f8,2026-09-13,Coventry,Brighton,double_chance,draw_or_away,BetRivers,-530
2026-09-02T19:04:05+00:00,c97a93b915115f2b4659fb88262b71f8,2026-09-13,Coventry,Brighton,double_chance,draw_or_away,Bovada,-480
2026-09-02T19:04:05+00:00,c97a93b915115f2b4659fb88262b71f8,2026-09-13,Coventry,Brighton,double_chance,draw_or_away,DraftKings,-500
2026-09-02T19:04:05+00:00,c97a93b915115f2b4659fb88262b71f8,2026-09-13,Coventry,Brighton,double_chance,draw_or_away,FanDuel,-450
2026-09-02T19:04:05+00:00,c97a93b915115f2b4659fb88262b71f8,2026-09-13,Coventry,Brighton,double_chance,draw_or_away,Fanatics,-450
2026-09-02T19:04:05+00:00,c97a93b915115f2b4659fb88262b71f8,2026-09-13,Coventry,Brighton,double_chance,home_or_away,BetRivers,-455
2026-09-02T19:04:05+00:00,c97a93b915115f2b4659fb88262b71f8,2026-09-13,Coventry,Brighton,double_chance,home_or_away,Bovada,-375
2026-09-02T19:04:05+00:00,c97a93b915115f2b4659fb88262b71f8,2026-09-13,Coventry,Brighton,double_chance,home_or_away,DraftKings,-390
2026-09-02T19:04:05+00:00,c97a93b915115f2b4659fb88262b71f8,2026-09-13,Coventry,Brighton,double_chance,home_or_away,FanDuel,-400
2026-09-02T19:04:05+00:00,c97a93b915115f2b4659fb88262b71f8,2026-09-13,Coventry,Brighton,double_chance,home_or_away,Fanatics,-350
2026-09-02T19:04:05+00:00,c97a93b915115f2b4659fb88262b71f8,2026-09-13,Coventry,Brighton,double_chance,home_or_draw,BetRivers,-112
2026-09-02T19:04:05+00:00,c97a93b915115f2b4659fb88262b71f8,2026-09-13,Coventry,Brighton,double_chance,home_or_draw,Bovada,-103
2026-09-02T19:04:05+00:00,c97a93b915115f2b4659fb88262b71f8,2026-09-13,Coventry,Brighton,double_chance,home_or_draw,DraftKings,-110
2026-09-02T19:04:05+00:00,c97a93b915115f2b4659fb88262b71f8,2026-09-13,Coventry,Brighton,double_chance,home_or_draw,FanDuel,-105
2026-09-02T19:04:05+00:00,c97a93b915115f2b4659fb88262b71f8,2026-09-13,Coventry,Brighton,double_chance,home_or_draw,Fanatics,105
2026-09-02T19:04:05+00:00,c97a93b915115f2b4659fb88262b71f8,2026-09-13,Coventry,Brighton,draw_no_bet,away,BetRivers,-295
2026-09-02T19:04:05+00:00,c97a93b915115f2b4659fb88262b71f8,2026-09-13,Coventry,Brighton,draw_no_bet,away,Bovada,-285
2026-09-02T19:04:05+00:00,c97a93b915115f2b4659fb88262b71f8,2026-09-13,Coventry,Brighton,draw_no_bet,away,DraftKings,-310
2026-09-02T19:04:05+00:00,c97a93b915115f2b4659fb88262b71f8,2026-09-13,Coventry,Brighton,draw_no_bet,away,FanDuel,-280
2026-09-02T19:04:05+00:00,c97a93b915115f2b4659fb88262b71f8,2026-09-13,Coventry,Brighton,draw_no_bet,away,Fanatics,-300
2026-09-02T19:04:05+00:00,c97a93b915115f2b4659fb88262b71f8,2026-09-13,Coventry,Brighton,draw_no_bet,home,BetRivers,190
2026-09-02T19:04:05+00:00,c97a93b915115f2b4659fb88262b71f8,2026-09-13,Coventry,Brighton,draw_no_bet,home,Bovada,225
2026-09-02T19:04:05+00:00,c97a93b915115f2b4659fb88262b71f8,2026-09-13,Coventry,Brighton,draw_no_bet,home,DraftKings,210
2026-09-02T19:04:05+00:00,c97a93b915115f2b4659fb88262b71f8,2026-09-13,Coventry,Brighton,draw_no_bet,home,FanDuel,230
2026-09-02T19:04:05+00:00,c97a93b915115f2b4659fb88262b71f8,2026-09-13,Coventry,Brighton,draw_no_bet,home,Fanatics,220
2026-09-02T19:04:05+00:00,c97a93b915115f2b4659fb88262b71f8,2026-09-13,Coventry,Brighton,total_2_5,over,BetRivers,-137
2026-09-02T19:04:05+00:00,c97a93b915115f2b4659fb88262b71f8,2026-09-13,Coventry,Brighton,total_2_5,over,Bovada,-130
2026-09-02T19:04:05+00:00,c97a93b915115f2b4659fb88262b71f8,2026-09-13,Coventry,Brighton,total_2_5,over,DraftKings,-135
2026-09-02T19:04:05+00:00,c97a93b915115f2b4659fb88262b71f8,2026-09-13,Coventry,Brighton,total_2_5,over,FanDuel,-140
2026-09-02T19:04:05+00:00,c97a93b915115f2b4659fb88262b71f8,2026-09-13,Coventry,Brighton,total_2_5,over,Fanatics,-140
2026-09-02T19:04:05+00:00,c97a93b915115f2b4659fb88262b71f8,2026-09-13,Coventry,Brighton,total_2_5,over,MyBookie.ag,-142
2026-09-02T19:04:05+00:00,c97a93b915115f2b4659fb88262b71f8,2026-09-13,Coventry,Brighton,total_2_5,under,BetRivers,108
2026-09-02T19:04:05+00:00,c97a93b915115f2b4659fb88262b71f8,2026-09-13,Coventry,Brighton,total_2_5,under,Bovada,110
2026-09-02T19:04:05+00:00,c97a93b915115f2b4659fb88262b71f8,2026-09-13,Coventry,Brighton,total_2_5,under,DraftKings,100
2026-09-02T19:04:05+00:00,c97a93b915115f2b4659fb88262b71f8,2026-09-13,Coventry,Brighton,total_2_5,under,FanDuel,112
2026-09-02T19:04:05+00:00,c97a93b915115f2b4659fb88262b71f8,2026-09-13,Coventry,Brighton,total_2_5,under,Fanatics,105
2026-09-02T19:04:05+00:00,c97a93b915115f2b4659fb88262b71f8,2026-09-13,Coventry,Brighton,total_2_5,under,MyBookie.ag,103
2026-09-02T19:04:05+00:00,cbbc88759fe3e2f1677a0c6ee40955af,2026-09-12,Tottenham,Everton,1x2,away,BetRivers,265
2026-09-02T19:04:05+00:00,cbbc88759fe3e2f1677a0c6ee40955af,2026-09-12,Tottenham,Everton,1x2,away,Bovada,265
2026-09-02T19:04:05+00:00,cbbc88759fe3e2f1677a0c6ee40955af,2026-09-12,Tottenham,Everton,1x2,away,DraftKings,260
2026-09-02T19:04:05+00:00,cbbc88759fe3e2f1677a0c6ee40955af,2026-09-12,Tottenham,Everton,1x2,away,FanDuel,260
2026-09-02T19:04:05+00:00,cbbc88759fe3e2f1677a0c6ee40955af,2026-09-12,Tottenham,Everton,1x2,away,Fanatics,260
2026-09-02T19:04:05+00:00,cbbc88759fe3e2f1677a0c6ee40955af,2026-09-12,Tottenham,Everton,1x2,away,MyBookie.ag,265
2026-09-02T19:04:05+00:00,cbbc88759fe3e2f1677a0c6ee40955af,2026-09-12,Tottenham,Everton,1x2,draw,BetRivers,245
2026-09-02T19:04:05+00:00,cbbc88759fe3e2f1677a0c6ee40955af,2026-09-12,Tottenham,Everton,1x2,draw,Bovada,255
2026-09-02T19:04:05+00:00,cbbc88759fe3e2f1677a0c6ee40955af,2026-09-12,Tottenham,Everton,1x2,draw,DraftKings,250
2026-09-02T19:04:05+00:00,cbbc88759fe3e2f1677a0c6ee40955af,2026-09-12,Tottenham,Everton,1x2,draw,FanDuel,250
2026-09-02T19:04:05+00:00,cbbc88759fe3e2f1677a0c6ee40955af,2026-09-12,Tottenham,Everton,1x2,draw,Fanatics,250
2026-09-02T19:04:05+00:00,cbbc88759fe3e2f1677a0c6ee40955af,2026-09-12,Tottenham,Everton,1x2,draw,MyBookie.ag,242
2026-09-02T19:04:05+00:00,cbbc88759fe3e2f1677a0c6ee40955af,2026-09-12,Tottenham,Everton,1x2,home,BetRivers,-103
2026-09-02T19:04:05+00:00,cbbc88759fe3e2f1677a0c6ee40955af,2026-09-12,Tottenham,Everton,1x2,home,Bovada,100
2026-09-02T19:04:05+00:00,cbbc88759fe3e2f1677a0c6ee40955af,2026-09-12,Tottenham,Everton,1x2,home,DraftKings,100
2026-09-02T19:04:05+00:00,cbbc88759fe3e2f1677a0c6ee40955af,2026-09-12,Tottenham,Everton,1x2,home,FanDuel,100
2026-09-02T19:04:05+00:00,cbbc88759fe3e2f1677a0c6ee40955af,2026-09-12,Tottenham,Everton,1x2,home,Fanatics,100
2026-09-02T19:04:05+00:00,cbbc88759fe3e2f1677a0c6ee40955af,2026-09-12,Tottenham,Everton,1x2,home,MyBookie.ag,-105
2026-09-02T19:04:05+00:00,cbbc88759fe3e2f1677a0c6ee40955af,2026-09-12,Tottenham,Everton,btts,no,BetRivers,-103
2026-09-02T19:04:05+00:00,cbbc88759fe3e2f1677a0c6ee40955af,2026-09-12,Tottenham,Everton,btts,no,Bovada,105
2026-09-02T19:04:05+00:00,cbbc88759fe3e2f1677a0c6ee40955af,2026-09-12,Tottenham,Everton,btts,no,DraftKings,105
2026-09-02T19:04:05+00:00,cbbc88759fe3e2f1677a0c6ee40955af,2026-09-12,Tottenham,Everton,btts,no,FanDuel,106
2026-09-02T19:04:05+00:00,cbbc88759fe3e2f1677a0c6ee40955af,2026-09-12,Tottenham,Everton,btts,no,Fanatics,-105
2026-09-02T19:04:05+00:00,cbbc88759fe3e2f1677a0c6ee40955af,2026-09-12,Tottenham,Everton,btts,yes,BetRivers,-143
2026-09-02T19:04:05+00:00,cbbc88759fe3e2f1677a0c6ee40955af,2026-09-12,Tottenham,Everton,btts,yes,Bovada,-135
2026-09-02T19:04:05+00:00,cbbc88759fe3e2f1677a0c6ee40955af,2026-09-12,Tottenham,Everton,btts,yes,DraftKings,-145
2026-09-02T19:04:05+00:00,cbbc88759fe3e2f1677a0c6ee40955af,2026-09-12,Tottenham,Everton,btts,yes,FanDuel,-134
2026-09-02T19:04:05+00:00,cbbc88759fe3e2f1677a0c6ee40955af,2026-09-12,Tottenham,Everton,btts,yes,Fanatics,-125
2026-09-02T19:04:05+00:00,cbbc88759fe3e2f1677a0c6ee40955af,2026-09-12,Tottenham,Everton,corners_1x2,away,BetRivers,205
2026-09-02T19:04:05+00:00,cbbc88759fe3e2f1677a0c6ee40955af,2026-09-12,Tottenham,Everton,corners_1x2,draw,BetRivers,700
2026-09-02T19:04:05+00:00,cbbc88759fe3e2f1677a0c6ee40955af,2026-09-12,Tottenham,Everton,corners_1x2,home,BetRivers,-215
2026-09-02T19:04:05+00:00,cbbc88759fe3e2f1677a0c6ee40955af,2026-09-12,Tottenham,Everton,corners_total_10_5,over,BetRivers,-107
2026-09-02T19:04:05+00:00,cbbc88759fe3e2f1677a0c6ee40955af,2026-09-12,Tottenham,Everton,corners_total_10_5,under,BetRivers,-136
2026-09-02T19:04:05+00:00,cbbc88759fe3e2f1677a0c6ee40955af,2026-09-12,Tottenham,Everton,corners_total_9_5,over,BetRivers,-175
2026-09-02T19:04:05+00:00,cbbc88759fe3e2f1677a0c6ee40955af,2026-09-12,Tottenham,Everton,corners_total_9_5,under,BetRivers,116
2026-09-02T19:04:05+00:00,cbbc88759fe3e2f1677a0c6ee40955af,2026-09-12,Tottenham,Everton,double_chance,draw_or_away,BetRivers,-137
2026-09-02T19:04:05+00:00,cbbc88759fe3e2f1677a0c6ee40955af,2026-09-12,Tottenham,Everton,double_chance,draw_or_away,Bovada,-130
2026-09-02T19:04:05+00:00,cbbc88759fe3e2f1677a0c6ee40955af,2026-09-12,Tottenham,Everton,double_chance,draw_or_away,DraftKings,-140
2026-09-02T19:04:05+00:00,cbbc88759fe3e2f1677a0c6ee40955af,2026-09-12,Tottenham,Everton,double_chance,draw_or_away,FanDuel,-135
2026-09-02T19:04:05+00:00,cbbc88759fe3e2f1677a0c6ee40955af,2026-09-12,Tottenham,Everton,double_chance,draw_or_away,Fanatics,-125
2026-09-02T19:04:05+00:00,cbbc88759fe3e2f1677a0c6ee40955af,2026-09-12,Tottenham,Everton,double_chance,home_or_away,BetRivers,-385
2026-09-02T19:04:05+00:00,cbbc88759fe3e2f1677a0c6ee40955af,2026-09-12,Tottenham,Everton,double_chance,home_or_away,Bovada,-335
2026-09-02T19:04:05+00:00,cbbc88759fe3e2f1677a0c6ee40955af,2026-09-12,Tottenham,Everton,double_chance,home_or_away,DraftKings,-360
2026-09-02T19:04:05+00:00,cbbc88759fe3e2f1677a0c6ee40955af,2026-09-12,Tottenham,Everton,double_chance,home_or_away,FanDuel,-350
2026-09-02T19:04:05+00:00,cbbc88759fe3e2f1677a0c6ee40955af,2026-09-12,Tottenham,Everton,double_chance,home_or_away,Fanatics,-325
2026-09-02T19:04:05+00:00,cbbc88759fe3e2f1677a0c6ee40955af,2026-09-12,Tottenham,Everton,double_chance,home_or_draw,BetRivers,-435
2026-09-02T19:04:05+00:00,cbbc88759fe3e2f1677a0c6ee40955af,2026-09-12,Tottenham,Everton,double_chance,home_or_draw,Bovada,-375
2026-09-02T19:04:05+00:00,cbbc88759fe3e2f1677a0c6ee40955af,2026-09-12,Tottenham,Everton,double_chance,home_or_draw,DraftKings,-380
2026-09-02T19:04:05+00:00,cbbc88759fe3e2f1677a0c6ee40955af,2026-09-12,Tottenham,Everton,double_chance,home_or_draw,FanDuel,-350
2026-09-02T19:04:05+00:00,cbbc88759fe3e2f1677a0c6ee40955af,2026-09-12,Tottenham,Everton,double_chance,home_or_draw,Fanatics,-350
2026-09-02T19:04:05+00:00,cbbc88759fe3e2f1677a0c6ee40955af,2026-09-12,Tottenham,Everton,draw_no_bet,away,BetRivers,155
2026-09-02T19:04:05+00:00,cbbc88759fe3e2f1677a0c6ee40955af,2026-09-12,Tottenham,Everton,draw_no_bet,away,Bovada,169
2026-09-02T19:04:05+00:00,cbbc88759fe3e2f1677a0c6ee40955af,2026-09-12,Tottenham,Everton,draw_no_bet,away,DraftKings,160
2026-09-02T19:04:05+00:00,cbbc88759fe3e2f1677a0c6ee40955af,2026-09-12,Tottenham,Everton,draw_no_bet,away,FanDuel,170
2026-09-02T19:04:05+00:00,cbbc88759fe3e2f1677a0c6ee40955af,2026-09-12,Tottenham,Everton,draw_no_bet,away,Fanatics,160
2026-09-02T19:04:05+00:00,cbbc88759fe3e2f1677a0c6ee40955af,2026-09-12,Tottenham,Everton,draw_no_bet,home,BetRivers,-235
2026-09-02T19:04:05+00:00,cbbc88759fe3e2f1677a0c6ee40955af,2026-09-12,Tottenham,Everton,draw_no_bet,home,Bovada,-210
2026-09-02T19:04:05+00:00,cbbc88759fe3e2f1677a0c6ee40955af,2026-09-12,Tottenham,Everton,draw_no_bet,home,DraftKings,-225
2026-09-02T19:04:05+00:00,cbbc88759fe3e2f1677a0c6ee40955af,2026-09-12,Tottenham,Everton,draw_no_bet,home,FanDuel,-200
2026-09-02T19:04:05+00:00,cbbc88759fe3e2f1677a0c6ee40955af,2026-09-12,Tottenham,Everton,draw_no_bet,home,Fanatics,-210
2026-09-02T19:04:05+00:00,cbbc88759fe3e2f1677a0c6ee40955af,2026-09-12,Tottenham,Everton,total_2_5,over,BetRivers,-113
2026-09-02T19:04:05+00:00,cbbc88759fe3e2f1677a0c6ee40955af,2026-09-12,Tottenham,Everton,total_2_5,over,Bovada,-110
2026-09-02T19:04:05+00:00,cbbc88759fe3e2f1677a0c6ee40955af,2026-09-12,Tottenham,Everton,total_2_5,over,DraftKings,-115
2026-09-02T19:04:05+00:00,cbbc88759fe3e2f1677a0c6ee40955af,2026-09-12,Tottenham,Everton,total_2_5,over,FanDuel,-110
2026-09-02T19:04:05+00:00,cbbc88759fe3e2f1677a0c6ee40955af,2026-09-12,Tottenham,Everton,total_2_5,over,Fanatics,-110
2026-09-02T19:04:05+00:00,cbbc88759fe3e2f1677a0c6ee40955af,2026-09-12,Tottenham,Everton,total_2_5,over,MyBookie.ag,-114
2026-09-02T19:04:05+00:00,cbbc88759fe3e2f1677a0c6ee40955af,2026-09-12,Tottenham,Everton,total_2_5,under,BetRivers,-113
2026-09-02T19:04:05+00:00,cbbc88759fe3e2f1677a0c6ee40955af,2026-09-12,Tottenham,Everton,total_2_5,under,Bovada,-110
2026-09-02T19:04:05+00:00,cbbc88759fe3e2f1677a0c6ee40955af,2026-09-12,Tottenham,Everton,total_2_5,under,DraftKings,-120
2026-09-02T19:04:05+00:00,cbbc88759fe3e2f1677a0c6ee40955af,2026-09-12,Tottenham,Everton,total_2_5,under,FanDuel,-110
2026-09-02T19:04:05+00:00,cbbc88759fe3e2f1677a0c6ee40955af,2026-09-12,Tottenham,Everton,total_2_5,under,Fanatics,-120
2026-09-02T19:04:05+00:00,cbbc88759fe3e2f1677a0c6ee40955af,2026-09-12,Tottenham,Everton,total_2_5,under,MyBookie.ag,-121
2026-09-02T19:04:05+00:00,d09677edcf1fb82ad75a8df58bb26eab,2026-09-12,Aston Villa,Nott'm Forest,1x2,away,BetRivers,265
2026-09-02T19:04:05+00:00,d09677edcf1fb82ad75a8df58bb26eab,2026-09-12,Aston Villa,Nott'm Forest,1x2,away,Bovada,275
2026-09-02T19:04:05+00:00,d09677edcf1fb82ad75a8df58bb26eab,2026-09-12,Aston Villa,Nott'm Forest,1x2,away,DraftKings,265
2026-09-02T19:04:05+00:00,d09677edcf1fb82ad75a8df58bb26eab,2026-09-12,Aston Villa,Nott'm Forest,1x2,away,FanDuel,280
2026-09-02T19:04:05+00:00,d09677edcf1fb82ad75a8df58bb26eab,2026-09-12,Aston Villa,Nott'm Forest,1x2,away,Fanatics,280
2026-09-02T19:04:05+00:00,d09677edcf1fb82ad75a8df58bb26eab,2026-09-12,Aston Villa,Nott'm Forest,1x2,away,MyBookie.ag,270
2026-09-02T19:04:05+00:00,d09677edcf1fb82ad75a8df58bb26eab,2026-09-12,Aston Villa,Nott'm Forest,1x2,draw,BetRivers,260
2026-09-02T19:04:05+00:00,d09677edcf1fb82ad75a8df58bb26eab,2026-09-12,Aston Villa,Nott'm Forest,1x2,draw,Bovada,265
2026-09-02T19:04:05+00:00,d09677edcf1fb82ad75a8df58bb26eab,2026-09-12,Aston Villa,Nott'm Forest,1x2,draw,DraftKings,260
2026-09-02T19:04:05+00:00,d09677edcf1fb82ad75a8df58bb26eab,2026-09-12,Aston Villa,Nott'm Forest,1x2,draw,FanDuel,260
2026-09-02T19:04:05+00:00,d09677edcf1fb82ad75a8df58bb26eab,2026-09-12,Aston Villa,Nott'm Forest,1x2,draw,Fanatics,260
2026-09-02T19:04:05+00:00,d09677edcf1fb82ad75a8df58bb26eab,2026-09-12,Aston Villa,Nott'm Forest,1x2,draw,MyBookie.ag,248
2026-09-02T19:04:05+00:00,d09677edcf1fb82ad75a8df58bb26eab,2026-09-12,Aston Villa,Nott'm Forest,1x2,home,BetRivers,-105
2026-09-02T19:04:05+00:00,d09677edcf1fb82ad75a8df58bb26eab,2026-09-12,Aston Villa,Nott'm Forest,1x2,home,Bovada,-105
2026-09-02T19:04:05+00:00,d09677edcf1fb82ad75a8df58bb26eab,2026-09-12,Aston Villa,Nott'm Forest,1x2,home,DraftKings,-105
2026-09-02T19:04:05+00:00,d09677edcf1fb82ad75a8df58bb26eab,2026-09-12,Aston Villa,Nott'm Forest,1x2,home,FanDuel,-120
2026-09-02T19:04:05+00:00,d09677edcf1fb82ad75a8df58bb26eab,2026-09-12,Aston Villa,Nott'm Forest,1x2,home,Fanatics,-105
2026-09-02T19:04:05+00:00,d09677edcf1fb82ad75a8df58bb26eab,2026-09-12,Aston Villa,Nott'm Forest,1x2,home,MyBookie.ag,-109
2026-09-02T19:04:05+00:00,d09677edcf1fb82ad75a8df58bb26eab,2026-09-12,Aston Villa,Nott'm Forest,btts,no,BetRivers,-103
2026-09-02T19:04:05+00:00,d09677edcf1fb82ad75a8df58bb26eab,2026-09-12,Aston Villa,Nott'm Forest,btts,no,Bovada,102
2026-09-02T19:04:05+00:00,d09677edcf1fb82ad75a8df58bb26eab,2026-09-12,Aston Villa,Nott'm Forest,btts,no,DraftKings,100
2026-09-02T19:04:05+00:00,d09677edcf1fb82ad75a8df58bb26eab,2026-09-12,Aston Villa,Nott'm Forest,btts,no,FanDuel,108
2026-09-02T19:04:05+00:00,d09677edcf1fb82ad75a8df58bb26eab,2026-09-12,Aston Villa,Nott'm Forest,btts,no,Fanatics,105
2026-09-02T19:04:05+00:00,d09677edcf1fb82ad75a8df58bb26eab,2026-09-12,Aston Villa,Nott'm Forest,btts,yes,BetRivers,-143
2026-09-02T19:04:05+00:00,d09677edcf1fb82ad75a8df58bb26eab,2026-09-12,Aston Villa,Nott'm Forest,btts,yes,Bovada,-132
2026-09-02T19:04:05+00:00,d09677edcf1fb82ad75a8df58bb26eab,2026-09-12,Aston Villa,Nott'm Forest,btts,yes,DraftKings,-140
2026-09-02T19:04:05+00:00,d09677edcf1fb82ad75a8df58bb26eab,2026-09-12,Aston Villa,Nott'm Forest,btts,yes,FanDuel,-136
2026-09-02T19:04:05+00:00,d09677edcf1fb82ad75a8df58bb26eab,2026-09-12,Aston Villa,Nott'm Forest,btts,yes,Fanatics,-140
2026-09-02T19:04:05+00:00,d09677edcf1fb82ad75a8df58bb26eab,2026-09-12,Aston Villa,Nott'm Forest,corners_1x2,away,BetRivers,240
2026-09-02T19:04:05+00:00,d09677edcf1fb82ad75a8df58bb26eab,2026-09-12,Aston Villa,Nott'm Forest,corners_1x2,draw,BetRivers,700
2026-09-02T19:04:05+00:00,d09677edcf1fb82ad75a8df58bb26eab,2026-09-12,Aston Villa,Nott'm Forest,corners_1x2,home,BetRivers,-265
2026-09-02T19:04:05+00:00,d09677edcf1fb82ad75a8df58bb26eab,2026-09-12,Aston Villa,Nott'm Forest,corners_total_10_5,over,BetRivers,-103
2026-09-02T19:04:05+00:00,d09677edcf1fb82ad75a8df58bb26eab,2026-09-12,Aston Villa,Nott'm Forest,corners_total_10_5,under,BetRivers,-141
2026-09-02T19:04:05+00:00,d09677edcf1fb82ad75a8df58bb26eab,2026-09-12,Aston Villa,Nott'm Forest,corners_total_9_5,over,BetRivers,-159
2026-09-02T19:04:05+00:00,d09677edcf1fb82ad75a8df58bb26eab,2026-09-12,Aston Villa,Nott'm Forest,corners_total_9_5,under,BetRivers,110
2026-09-02T19:04:05+00:00,d09677edcf1fb82ad75a8df58bb26eab,2026-09-12,Aston Villa,Nott'm Forest,double_chance,draw_or_away,BetRivers,-132
2026-09-02T19:04:05+00:00,d09677edcf1fb82ad75a8df58bb26eab,2026-09-12,Aston Villa,Nott'm Forest,double_chance,draw_or_away,Bovada,-124
2026-09-02T19:04:05+00:00,d09677edcf1fb82ad75a8df58bb26eab,2026-09-12,Aston Villa,Nott'm Forest,double_chance,draw_or_away,DraftKings,-135
2026-09-02T19:04:05+00:00,d09677edcf1fb82ad75a8df58bb26eab,2026-09-12,Aston Villa,Nott'm Forest,double_chance,draw_or_away,FanDuel,-120
2026-09-02T19:04:05+00:00,d09677edcf1fb82ad75a8df58bb26eab,2026-09-12,Aston Villa,Nott'm Forest,double_chance,draw_or_away,Fanatics,-115
2026-09-02T19:04:05+00:00,d09677edcf1fb82ad75a8df58bb26eab,2026-09-12,Aston Villa,Nott'm Forest,double_chance,home_or_away,BetRivers,-420
2026-09-02T19:04:05+00:00,d09677edcf1fb82ad75a8df58bb26eab,2026-09-12,Aston Villa,Nott'm Forest,double_chance,home_or_away,Bovada,-335
2026-09-02T19:04:05+00:00,d09677edcf1fb82ad75a8df58bb26eab,2026-09-12,Aston Villa,Nott'm Forest,double_chance,home_or_away,DraftKings,-380
2026-09-02T19:04:05+00:00,d09677edcf1fb82ad75a8df58bb26eab,2026-09-12,Aston Villa,Nott'm Forest,double_chance,home_or_away,FanDuel,-360
2026-09-02T19:04:05+00:00,d09677edcf1fb82ad75a8df58bb26eab,2026-09-12,Aston Villa,Nott'm Forest,double_chance,home_or_away,Fanatics,-350
2026-09-02T19:04:05+00:00,d09677edcf1fb82ad75a8df58bb26eab,2026-09-12,Aston Villa,Nott'm Forest,double_chance,home_or_draw,BetRivers,-420
2026-09-02T19:04:05+00:00,d09677edcf1fb82ad75a8df58bb26eab,2026-09-12,Aston Villa,Nott'm Forest,double_chance,home_or_draw,Bovada,-385
2026-09-02T19:04:05+00:00,d09677edcf1fb82ad75a8df58bb26eab,2026-09-12,Aston Villa,Nott'm Forest,double_chance,home_or_draw,DraftKings,-390
2026-09-02T19:04:05+00:00,d09677edcf1fb82ad75a8df58bb26eab,2026-09-12,Aston Villa,Nott'm Forest,double_chance,home_or_draw,FanDuel,-390
2026-09-02T19:04:05+00:00,d09677edcf1fb82ad75a8df58bb26eab,2026-09-12,Aston Villa,Nott'm Forest,double_chance,home_or_draw,Fanatics,-375
2026-09-02T19:04:05+00:00,d09677edcf1fb82ad75a8df58bb26eab,2026-09-12,Aston Villa,Nott'm Forest,draw_no_bet,away,BetRivers,155
2026-09-02T19:04:05+00:00,d09677edcf1fb82ad75a8df58bb26eab,2026-09-12,Aston Villa,Nott'm Forest,draw_no_bet,away,Bovada,180
2026-09-02T19:04:05+00:00,d09677edcf1fb82ad75a8df58bb26eab,2026-09-12,Aston Villa,Nott'm Forest,draw_no_bet,away,DraftKings,165
2026-09-02T19:04:05+00:00,d09677edcf1fb82ad75a8df58bb26eab,2026-09-12,Aston Villa,Nott'm Forest,draw_no_bet,away,FanDuel,194
2026-09-02T19:04:05+00:00,d09677edcf1fb82ad75a8df58bb26eab,2026-09-12,Aston Villa,Nott'm Forest,draw_no_bet,away,Fanatics,175
2026-09-02T19:04:05+00:00,d09677edcf1fb82ad75a8df58bb26eab,2026-09-12,Aston Villa,Nott'm Forest,draw_no_bet,home,BetRivers,-235
2026-09-02T19:04:05+00:00,d09677edcf1fb82ad75a8df58bb26eab,2026-09-12,Aston Villa,Nott'm Forest,draw_no_bet,home,Bovada,-222
2026-09-02T19:04:05+00:00,d09677edcf1fb82ad75a8df58bb26eab,2026-09-12,Aston Villa,Nott'm Forest,draw_no_bet,home,DraftKings,-235
2026-09-02T19:04:05+00:00,d09677edcf1fb82ad75a8df58bb26eab,2026-09-12,Aston Villa,Nott'm Forest,draw_no_bet,home,FanDuel,-235
2026-09-02T19:04:05+00:00,d09677edcf1fb82ad75a8df58bb26eab,2026-09-12,Aston Villa,Nott'm Forest,draw_no_bet,home,Fanatics,-240
2026-09-02T19:04:05+00:00,d09677edcf1fb82ad75a8df58bb26eab,2026-09-12,Aston Villa,Nott'm Forest,total_2_5,over,BetRivers,-115
2026-09-02T19:04:05+00:00,d09677edcf1fb82ad75a8df58bb26eab,2026-09-12,Aston Villa,Nott'm Forest,total_2_5,over,Bovada,-110
2026-09-02T19:04:05+00:00,d09677edcf1fb82ad75a8df58bb26eab,2026-09-12,Aston Villa,Nott'm Forest,total_2_5,over,DraftKings,-120
2026-09-02T19:04:05+00:00,d09677edcf1fb82ad75a8df58bb26eab,2026-09-12,Aston Villa,Nott'm Forest,total_2_5,over,FanDuel,-115
2026-09-02T19:04:05+00:00,d09677edcf1fb82ad75a8df58bb26eab,2026-09-12,Aston Villa,Nott'm Forest,total_2_5,over,Fanatics,-120
2026-09-02T19:04:05+00:00,d09677edcf1fb82ad75a8df58bb26eab,2026-09-12,Aston Villa,Nott'm Forest,total_2_5,over,MyBookie.ag,-120
2026-09-02T19:04:05+00:00,d09677edcf1fb82ad75a8df58bb26eab,2026-09-12,Aston Villa,Nott'm Forest,total_2_5,under,BetRivers,-109
2026-09-02T19:04:05+00:00,d09677edcf1fb82ad75a8df58bb26eab,2026-09-12,Aston Villa,Nott'm Forest,total_2_5,under,Bovada,-110
2026-09-02T19:04:05+00:00,d09677edcf1fb82ad75a8df58bb26eab,2026-09-12,Aston Villa,Nott'm Forest,total_2_5,under,DraftKings,-115
2026-09-02T19:04:05+00:00,d09677edcf1fb82ad75a8df58bb26eab,2026-09-12,Aston Villa,Nott'm Forest,total_2_5,under,FanDuel,-105
2026-09-02T19:04:05+00:00,d09677edcf1fb82ad75a8df58bb26eab,2026-09-12,Aston Villa,Nott'm Forest,total_2_5,under,Fanatics,-110
2026-09-02T19:04:05+00:00,d09677edcf1fb82ad75a8df58bb26eab,2026-09-12,Aston Villa,Nott'm Forest,total_2_5,under,MyBookie.ag,-115
2026-09-02T19:04:05+00:00,d856d4353db0b4cca2a49b96dfd19c92,2026-09-12,Bournemouth,Brentford,1x2,away,BetRivers,160
2026-09-02T19:04:05+00:00,d856d4353db0b4cca2a49b96dfd19c92,2026-09-12,Bournemouth,Brentford,1x2,away,Bovada,160
2026-09-02T19:04:05+00:00,d856d4353db0b4cca2a49b96dfd19c92,2026-09-12,Bournemouth,Brentford,1x2,away,DraftKings,160
2026-09-02T19:04:05+00:00,d856d4353db0b4cca2a49b96dfd19c92,2026-09-12,Bournemouth,Brentford,1x2,away,FanDuel,150
2026-09-02T19:04:05+00:00,d856d4353db0b4cca2a49b96dfd19c92,2026-09-12,Bournemouth,Brentford,1x2,away,Fanatics,150
2026-09-02T19:04:05+00:00,d856d4353db0b4cca2a49b96dfd19c92,2026-09-12,Bournemouth,Brentford,1x2,away,MyBookie.ag,156
2026-09-02T19:04:05+00:00,d856d4353db0b4cca2a49b96dfd19c92,2026-09-12,Bournemouth,Brentford,1x2,draw,BetRivers,250
2026-09-02T19:04:05+00:00,d856d4353db0b4cca2a49b96dfd19c92,2026-09-12,Bournemouth,Brentford,1x2,draw,Bovada,260
2026-09-02T19:04:05+00:00,d856d4353db0b4cca2a49b96dfd19c92,2026-09-12,Bournemouth,Brentford,1x2,draw,DraftKings,250
2026-09-02T19:04:05+00:00,d856d4353db0b4cca2a49b96dfd19c92,2026-09-12,Bournemouth,Brentford,1x2,draw,FanDuel,260
2026-09-02T19:04:05+00:00,d856d4353db0b4cca2a49b96dfd19c92,2026-09-12,Bournemouth,Brentford,1x2,draw,Fanatics,250
2026-09-02T19:04:05+00:00,d856d4353db0b4cca2a49b96dfd19c92,2026-09-12,Bournemouth,Brentford,1x2,draw,MyBookie.ag,242
2026-09-02T19:04:05+00:00,d856d4353db0b4cca2a49b96dfd19c92,2026-09-12,Bournemouth,Brentford,1x2,home,BetRivers,155
2026-09-02T19:04:05+00:00,d856d4353db0b4cca2a49b96dfd19c92,2026-09-12,Bournemouth,Brentford,1x2,home,Bovada,160
2026-09-02T19:04:05+00:00,d856d4353db0b4cca2a49b96dfd19c92,2026-09-12,Bournemouth,Brentford,1x2,home,DraftKings,155
2026-09-02T19:04:05+00:00,d856d4353db0b4cca2a49b96dfd19c92,2026-09-12,Bournemouth,Brentford,1x2,home,FanDuel,160
2026-09-02T19:04:05+00:00,d856d4353db0b4cca2a49b96dfd19c92,2026-09-12,Bournemouth,Brentford,1x2,home,Fanatics,160
2026-09-02T19:04:05+00:00,d856d4353db0b4cca2a49b96dfd19c92,2026-09-12,Bournemouth,Brentford,1x2,home,MyBookie.ag,152
2026-09-02T19:04:05+00:00,d856d4353db0b4cca2a49b96dfd19c92,2026-09-12,Bournemouth,Brentford,btts,no,BetRivers,133
2026-09-02T19:04:05+00:00,d856d4353db0b4cca2a49b96dfd19c92,2026-09-12,Bournemouth,Brentford,btts,no,Bovada,145
2026-09-02T19:04:05+00:00,d856d4353db0b4cca2a49b96dfd19c92,2026-09-12,Bournemouth,Brentford,btts,no,DraftKings,145
2026-09-02T19:04:05+00:00,d856d4353db0b4cca2a49b96dfd19c92,2026-09-12,Bournemouth,Brentford,btts,no,FanDuel,140
2026-09-02T19:04:05+00:00,d856d4353db0b4cca2a49b96dfd19c92,2026-09-12,Bournemouth,Brentford,btts,no,Fanatics,145
2026-09-02T19:04:05+00:00,d856d4353db0b4cca2a49b96dfd19c92,2026-09-12,Bournemouth,Brentford,btts,yes,BetRivers,-200
2026-09-02T19:04:05+00:00,d856d4353db0b4cca2a49b96dfd19c92,2026-09-12,Bournemouth,Brentford,btts,yes,Bovada,-190
2026-09-02T19:04:05+00:00,d856d4353db0b4cca2a49b96dfd19c92,2026-09-12,Bournemouth,Brentford,btts,yes,DraftKings,-200
2026-09-02T19:04:05+00:00,d856d4353db0b4cca2a49b96dfd19c92,2026-09-12,Bournemouth,Brentford,btts,yes,FanDuel,-180
2026-09-02T19:04:05+00:00,d856d4353db0b4cca2a49b96dfd19c92,2026-09-12,Bournemouth,Brentford,btts,yes,Fanatics,-190
2026-09-02T19:04:05+00:00,d856d4353db0b4cca2a49b96dfd19c92,2026-09-12,Bournemouth,Brentford,corners_1x2,away,BetRivers,155
2026-09-02T19:04:05+00:00,d856d4353db0b4cca2a49b96dfd19c92,2026-09-12,Bournemouth,Brentford,corners_1x2,draw,BetRivers,650
2026-09-02T19:04:05+00:00,d856d4353db0b4cca2a49b96dfd19c92,2026-09-12,Bournemouth,Brentford,corners_1x2,home,BetRivers,-162
2026-09-02T19:04:05+00:00,d856d4353db0b4cca2a49b96dfd19c92,2026-09-12,Bournemouth,Brentford,corners_total_10_5,over,BetRivers,-137
2026-09-02T19:04:05+00:00,d856d4353db0b4cca2a49b96dfd19c92,2026-09-12,Bournemouth,Brentford,corners_total_10_5,under,BetRivers,-106
2026-09-02T19:04:05+00:00,d856d4353db0b4cca2a49b96dfd19c92,2026-09-12,Bournemouth,Brentford,corners_total_9_5,over,BetRivers,-230
2026-09-02T19:04:05+00:00,d856d4353db0b4cca2a49b96dfd19c92,2026-09-12,Bournemouth,Brentford,corners_total_9_5,under,BetRivers,148
2026-09-02T19:04:05+00:00,d856d4353db0b4cca2a49b96dfd19c92,2026-09-12,Bournemouth,Brentford,double_chance,draw_or_away,BetRivers,-225
2026-09-02T19:04:05+00:00,d856d4353db0b4cca2a49b96dfd19c92,2026-09-12,Bournemouth,Brentford,double_chance,draw_or_away,Bovada,-205
2026-09-02T19:04:05+00:00,d856d4353db0b4cca2a49b96dfd19c92,2026-09-12,Bournemouth,Brentford,double_chance,draw_or_away,DraftKings,-215
2026-09-02T19:04:05+00:00,d856d4353db0b4cca2a49b96dfd19c92,2026-09-12,Bournemouth,Brentford,double_chance,draw_or_away,FanDuel,-220
2026-09-02T19:04:05+00:00,d856d4353db0b4cca2a49b96dfd19c92,2026-09-12,Bournemouth,Brentford,double_chance,draw_or_away,Fanatics,-200
2026-09-02T19:04:05+00:00,d856d4353db0b4cca2a49b96dfd19c92,2026-09-12,Bournemouth,Brentford,double_chance,home_or_away,BetRivers,-400
2026-09-02T19:04:05+00:00,d856d4353db0b4cca2a49b96dfd19c92,2026-09-12,Bournemouth,Brentford,double_chance,home_or_away,Bovada,-345
2026-09-02T19:04:05+00:00,d856d4353db0b4cca2a49b96dfd19c92,2026-09-12,Bournemouth,Brentford,double_chance,home_or_away,DraftKings,-360
2026-09-02T19:04:05+00:00,d856d4353db0b4cca2a49b96dfd19c92,2026-09-12,Bournemouth,Brentford,double_chance,home_or_away,FanDuel,-360
2026-09-02T19:04:05+00:00,d856d4353db0b4cca2a49b96dfd19c92,2026-09-12,Bournemouth,Brentford,double_chance,home_or_away,Fanatics,-350
2026-09-02T19:04:05+00:00,d856d4353db0b4cca2a49b96dfd19c92,2026-09-12,Bournemouth,Brentford,double_chance,home_or_draw,BetRivers,-235
2026-09-02T19:04:05+00:00,d856d4353db0b4cca2a49b96dfd19c92,2026-09-12,Bournemouth,Brentford,double_chance,home_or_draw,Bovada,-210
2026-09-02T19:04:05+00:00,d856d4353db0b4cca2a49b96dfd19c92,2026-09-12,Bournemouth,Brentford,double_chance,home_or_draw,DraftKings,-225
2026-09-02T19:04:05+00:00,d856d4353db0b4cca2a49b96dfd19c92,2026-09-12,Bournemouth,Brentford,double_chance,home_or_draw,FanDuel,-200
2026-09-02T19:04:05+00:00,d856d4353db0b4cca2a49b96dfd19c92,2026-09-12,Bournemouth,Brentford,double_chance,home_or_draw,Fanatics,-190
2026-09-02T19:04:05+00:00,d856d4353db0b4cca2a49b96dfd19c92,2026-09-12,Bournemouth,Brentford,draw_no_bet,away,BetRivers,-117
2026-09-02T19:04:05+00:00,d856d4353db0b4cca2a49b96dfd19c92,2026-09-12,Bournemouth,Brentford,draw_no_bet,away,Bovada,-108
2026-09-02T19:04:05+00:00,d856d4353db0b4cca2a49b96dfd19c92,2026-09-12,Bournemouth,Brentford,draw_no_bet,away,DraftKings,-115
2026-09-02T19:04:05+00:00,d856d4353db0b4cca2a49b96dfd19c92,2026-09-12,Bournemouth,Brentford,draw_no_bet,away,FanDuel,-114
2026-09-02T19:04:05+00:00,d856d4353db0b4cca2a49b96dfd19c92,2026-09-12,Bournemouth,Brentford,draw_no_bet,away,Fanatics,-115
2026-09-02T19:04:05+00:00,d856d4353db0b4cca2a49b96dfd19c92,2026-09-12,Bournemouth,Brentford,draw_no_bet,home,BetRivers,-124
2026-09-02T19:04:05+00:00,d856d4353db0b4cca2a49b96dfd19c92,2026-09-12,Bournemouth,Brentford,draw_no_bet,home,Bovada,-112
2026-09-02T19:04:05+00:00,d856d4353db0b4cca2a49b96dfd19c92,2026-09-12,Bournemouth,Brentford,draw_no_bet,home,DraftKings,-120
2026-09-02T19:04:05+00:00,d856d4353db0b4cca2a49b96dfd19c92,2026-09-12,Bournemouth,Brentford,draw_no_bet,home,FanDuel,-102
2026-09-02T19:04:05+00:00,d856d4353db0b4cca2a49b96dfd19c92,2026-09-12,Bournemouth,Brentford,draw_no_bet,home,Fanatics,-115
2026-09-02T19:04:05+00:00,d856d4353db0b4cca2a49b96dfd19c92,2026-09-12,Bournemouth,Brentford,total_2_5,over,BetRivers,-155
2026-09-02T19:04:05+00:00,d856d4353db0b4cca2a49b96dfd19c92,2026-09-12,Bournemouth,Brentford,total_2_5,over,Bovada,-150
2026-09-02T19:04:05+00:00,d856d4353db0b4cca2a49b96dfd19c92,2026-09-12,Bournemouth,Brentford,total_2_5,over,DraftKings,-155
2026-09-02T19:04:05+00:00,d856d4353db0b4cca2a49b96dfd19c92,2026-09-12,Bournemouth,Brentford,total_2_5,over,FanDuel,-148
2026-09-02T19:04:05+00:00,d856d4353db0b4cca2a49b96dfd19c92,2026-09-12,Bournemouth,Brentford,total_2_5,over,Fanatics,-150
2026-09-02T19:04:05+00:00,d856d4353db0b4cca2a49b96dfd19c92,2026-09-12,Bournemouth,Brentford,total_2_5,over,MyBookie.ag,-159
2026-09-02T19:04:05+00:00,d856d4353db0b4cca2a49b96dfd19c92,2026-09-12,Bournemouth,Brentford,total_2_5,under,BetRivers,123
2026-09-02T19:04:05+00:00,d856d4353db0b4cca2a49b96dfd19c92,2026-09-12,Bournemouth,Brentford,total_2_5,under,Bovada,125
2026-09-02T19:04:05+00:00,d856d4353db0b4cca2a49b96dfd19c92,2026-09-12,Bournemouth,Brentford,total_2_5,under,DraftKings,115
2026-09-02T19:04:05+00:00,d856d4353db0b4cca2a49b96dfd19c92,2026-09-12,Bournemouth,Brentford,total_2_5,under,FanDuel,120
2026-09-02T19:04:05+00:00,d856d4353db0b4cca2a49b96dfd19c92,2026-09-12,Bournemouth,Brentford,total_2_5,under,Fanatics,115
2026-09-02T19:04:05+00:00,d856d4353db0b4cca2a49b96dfd19c92,2026-09-12,Bournemouth,Brentford,total_2_5,under,MyBookie.ag,114
2026-09-02T19:04:05+00:00,e40d0fb44319f7bd0ebe1ffbc61fa661,2026-09-13,Man United,Man City,1x2,away,BetRivers,112
2026-09-02T19:04:05+00:00,e40d0fb44319f7bd0ebe1ffbc61fa661,2026-09-13,Man United,Man City,1x2,away,Bovada,115
2026-09-02T19:04:05+00:00,e40d0fb44319f7bd0ebe1ffbc61fa661,2026-09-13,Man United,Man City,1x2,away,DraftKings,110
2026-09-02T19:04:05+00:00,e40d0fb44319f7bd0ebe1ffbc61fa661,2026-09-13,Man United,Man City,1x2,away,FanDuel,110
2026-09-02T19:04:05+00:00,e40d0fb44319f7bd0ebe1ffbc61fa661,2026-09-13,Man United,Man City,1x2,away,Fanatics,110
2026-09-02T19:04:05+00:00,e40d0fb44319f7bd0ebe1ffbc61fa661,2026-09-13,Man United,Man City,1x2,away,MyBookie.ag,111
2026-09-02T19:04:05+00:00,e40d0fb44319f7bd0ebe1ffbc61fa661,2026-09-13,Man United,Man City,1x2,draw,BetRivers,285
2026-09-02T19:04:05+00:00,e40d0fb44319f7bd0ebe1ffbc61fa661,2026-09-13,Man United,Man City,1x2,draw,Bovada,290
2026-09-02T19:04:05+00:00,e40d0fb44319f7bd0ebe1ffbc61fa661,2026-09-13,Man United,Man City,1x2,draw,DraftKings,285
2026-09-02T19:04:05+00:00,e40d0fb44319f7bd0ebe1ffbc61fa661,2026-09-13,Man United,Man City,1x2,draw,FanDuel,280
2026-09-02T19:04:05+00:00,e40d0fb44319f7bd0ebe1ffbc61fa661,2026-09-13,Man United,Man City,1x2,draw,Fanatics,280
2026-09-02T19:04:05+00:00,e40d0fb44319f7bd0ebe1ffbc61fa661,2026-09-13,Man United,Man City,1x2,draw,MyBookie.ag,270
2026-09-02T19:04:05+00:00,e40d0fb44319f7bd0ebe1ffbc61fa661,2026-09-13,Man United,Man City,1x2,home,BetRivers,200
2026-09-02T19:04:05+00:00,e40d0fb44319f7bd0ebe1ffbc61fa661,2026-09-13,Man United,Man City,1x2,home,Bovada,205
2026-09-02T19:04:05+00:00,e40d0fb44319f7bd0ebe1ffbc61fa661,2026-09-13,Man United,Man City,1x2,home,DraftKings,200
2026-09-02T19:04:05+00:00,e40d0fb44319f7bd0ebe1ffbc61fa661,2026-09-13,Man United,Man City,1x2,home,FanDuel,210
2026-09-02T19:04:05+00:00,e40d0fb44319f7bd0ebe1ffbc61fa661,2026-09-13,Man United,Man City,1x2,home,Fanatics,210
2026-09-02T19:04:05+00:00,e40d0fb44319f7bd0ebe1ffbc61fa661,2026-09-13,Man United,Man City,1x2,home,MyBookie.ag,200
2026-09-02T19:04:05+00:00,e40d0fb44319f7bd0ebe1ffbc61fa661,2026-09-13,Man United,Man City,btts,no,BetRivers,150
2026-09-02T19:04:05+00:00,e40d0fb44319f7bd0ebe1ffbc61fa661,2026-09-13,Man United,Man City,btts,no,Bovada,168
2026-09-02T19:04:05+00:00,e40d0fb44319f7bd0ebe1ffbc61fa661,2026-09-13,Man United,Man City,btts,no,DraftKings,170
2026-09-02T19:04:05+00:00,e40d0fb44319f7bd0ebe1ffbc61fa661,2026-09-13,Man United,Man City,btts,no,FanDuel,164
2026-09-02T19:04:05+00:00,e40d0fb44319f7bd0ebe1ffbc61fa661,2026-09-13,Man United,Man City,btts,no,Fanatics,165
2026-09-02T19:04:05+00:00,e40d0fb44319f7bd0ebe1ffbc61fa661,2026-09-13,Man United,Man City,btts,yes,BetRivers,-230
2026-09-02T19:04:05+00:00,e40d0fb44319f7bd0ebe1ffbc61fa661,2026-09-13,Man United,Man City,btts,yes,Bovada,-225
2026-09-02T19:04:05+00:00,e40d0fb44319f7bd0ebe1ffbc61fa661,2026-09-13,Man United,Man City,btts,yes,DraftKings,-240
2026-09-02T19:04:05+00:00,e40d0fb44319f7bd0ebe1ffbc61fa661,2026-09-13,Man United,Man City,btts,yes,FanDuel,-215
2026-09-02T19:04:05+00:00,e40d0fb44319f7bd0ebe1ffbc61fa661,2026-09-13,Man United,Man City,btts,yes,Fanatics,-225
2026-09-02T19:04:05+00:00,e40d0fb44319f7bd0ebe1ffbc61fa661,2026-09-13,Man United,Man City,corners_1x2,away,BetRivers,-159
2026-09-02T19:04:05+00:00,e40d0fb44319f7bd0ebe1ffbc61fa661,2026-09-13,Man United,Man City,corners_1x2,away,Fanatics,-150
2026-09-02T19:04:05+00:00,e40d0fb44319f7bd0ebe1ffbc61fa661,2026-09-13,Man United,Man City,corners_1x2,draw,BetRivers,650
2026-09-02T19:04:05+00:00,e40d0fb44319f7bd0ebe1ffbc61fa661,2026-09-13,Man United,Man City,corners_1x2,draw,Fanatics,600
2026-09-02T19:04:05+00:00,e40d0fb44319f7bd0ebe1ffbc61fa661,2026-09-13,Man United,Man City,corners_1x2,home,BetRivers,160
2026-09-02T19:04:05+00:00,e40d0fb44319f7bd0ebe1ffbc61fa661,2026-09-13,Man United,Man City,corners_1x2,home,Fanatics,160
2026-09-02T19:04:05+00:00,e40d0fb44319f7bd0ebe1ffbc61fa661,2026-09-13,Man United,Man City,corners_total_10_5,over,BetRivers,114
2026-09-02T19:04:05+00:00,e40d0fb44319f7bd0ebe1ffbc61fa661,2026-09-13,Man United,Man City,corners_total_10_5,under,BetRivers,-167
2026-09-02T19:04:05+00:00,e40d0fb44319f7bd0ebe1ffbc61fa661,2026-09-13,Man United,Man City,corners_total_9_5,over,BetRivers,-139
2026-09-02T19:04:05+00:00,e40d0fb44319f7bd0ebe1ffbc61fa661,2026-09-13,Man United,Man City,corners_total_9_5,over,Fanatics,-130
2026-09-02T19:04:05+00:00,e40d0fb44319f7bd0ebe1ffbc61fa661,2026-09-13,Man United,Man City,corners_total_9_5,under,BetRivers,-105
2026-09-02T19:04:05+00:00,e40d0fb44319f7bd0ebe1ffbc61fa661,2026-09-13,Man United,Man City,corners_total_9_5,under,Fanatics,-110
2026-09-02T19:04:05+00:00,e40d0fb44319f7bd0ebe1ffbc61fa661,2026-09-13,Man United,Man City,double_chance,draw_or_away,BetRivers,-305
2026-09-02T19:04:05+00:00,e40d0fb44319f7bd0ebe1ffbc61fa661,2026-09-13,Man United,Man City,double_chance,draw_or_away,Bovada,-280
2026-09-02T19:04:05+00:00,e40d0fb44319f7bd0ebe1ffbc61fa661,2026-09-13,Man United,Man City,double_chance,draw_or_away,DraftKings,-285
2026-09-02T19:04:05+00:00,e40d0fb44319f7bd0ebe1ffbc61fa661,2026-09-13,Man United,Man City,double_chance,draw_or_away,FanDuel,-280
2026-09-02T19:04:05+00:00,e40d0fb44319f7bd0ebe1ffbc61fa661,2026-09-13,Man United,Man City,double_chance,draw_or_away,Fanatics,-260
2026-09-02T19:04:05+00:00,e40d0fb44319f7bd0ebe1ffbc61fa661,2026-09-13,Man United,Man City,double_chance,home_or_away,BetRivers,-455
2026-09-02T19:04:05+00:00,e40d0fb44319f7bd0ebe1ffbc61fa661,2026-09-13,Man United,Man City,double_chance,home_or_away,Bovada,-375
2026-09-02T19:04:05+00:00,e40d0fb44319f7bd0ebe1ffbc61fa661,2026-09-13,Man United,Man City,double_chance,home_or_away,DraftKings,-425
2026-09-02T19:04:05+00:00,e40d0fb44319f7bd0ebe1ffbc61fa661,2026-09-13,Man United,Man City,double_chance,home_or_away,FanDuel,-390
2026-09-02T19:04:05+00:00,e40d0fb44319f7bd0ebe1ffbc61fa661,2026-09-13,Man United,Man City,double_chance,home_or_away,Fanatics,-375
2026-09-02T19:04:05+00:00,e40d0fb44319f7bd0ebe1ffbc61fa661,2026-09-13,Man United,Man City,double_chance,home_or_draw,BetRivers,-157
2026-09-02T19:04:05+00:00,e40d0fb44319f7bd0ebe1ffbc61fa661,2026-09-13,Man United,Man City,double_chance,home_or_draw,Bovada,-148
2026-09-02T19:04:05+00:00,e40d0fb44319f7bd0ebe1ffbc61fa661,2026-09-13,Man United,Man City,double_chance,home_or_draw,DraftKings,-155
2026-09-02T19:04:05+00:00,e40d0fb44319f7bd0ebe1ffbc61fa661,2026-09-13,Man United,Man City,double_chance,home_or_draw,FanDuel,-150
2026-09-02T19:04:05+00:00,e40d0fb44319f7bd0ebe1ffbc61fa661,2026-09-13,Man United,Man City,double_chance,home_or_draw,Fanatics,-140
2026-09-02T19:04:05+00:00,e40d0fb44319f7bd0ebe1ffbc61fa661,2026-09-13,Man United,Man City,draw_no_bet,away,BetRivers,-177
2026-09-02T19:04:05+00:00,e40d0fb44319f7bd0ebe1ffbc61fa661,2026-09-13,Man United,Man City,draw_no_bet,away,Bovada,-162
2026-09-02T19:04:05+00:00,e40d0fb44319f7bd0ebe1ffbc61fa661,2026-09-13,Man United,Man City,draw_no_bet,away,DraftKings,-175
2026-09-02T19:04:05+00:00,e40d0fb44319f7bd0ebe1ffbc61fa661,2026-09-13,Man United,Man City,draw_no_bet,away,FanDuel,-162
2026-09-02T19:04:05+00:00,e40d0fb44319f7bd0ebe1ffbc61fa661,2026-09-13,Man United,Man City,draw_no_bet,away,Fanatics,-165
2026-09-02T19:04:05+00:00,e40d0fb44319f7bd0ebe1ffbc61fa661,2026-09-13,Man United,Man City,draw_no_bet,home,BetRivers,120
2026-09-02T19:04:05+00:00,e40d0fb44319f7bd0ebe1ffbc61fa661,2026-09-13,Man United,Man City,draw_no_bet,home,Bovada,134
2026-09-02T19:04:05+00:00,e40d0fb44319f7bd0ebe1ffbc61fa661,2026-09-13,Man United,Man City,draw_no_bet,home,DraftKings,125
2026-09-02T19:04:05+00:00,e40d0fb44319f7bd0ebe1ffbc61fa661,2026-09-13,Man United,Man City,draw_no_bet,home,FanDuel,138
2026-09-02T19:04:05+00:00,e40d0fb44319f7bd0ebe1ffbc61fa661,2026-09-13,Man United,Man City,draw_no_bet,home,Fanatics,125
2026-09-02T19:04:05+00:00,e40d0fb44319f7bd0ebe1ffbc61fa661,2026-09-13,Man United,Man City,total_2_5,over,BetRivers,-195
2026-09-02T19:04:05+00:00,e40d0fb44319f7bd0ebe1ffbc61fa661,2026-09-13,Man United,Man City,total_2_5,over,Bovada,-188
2026-09-02T19:04:05+00:00,e40d0fb44319f7bd0ebe1ffbc61fa661,2026-09-13,Man United,Man City,total_2_5,over,DraftKings,-215
2026-09-02T19:04:05+00:00,e40d0fb44319f7bd0ebe1ffbc61fa661,2026-09-13,Man United,Man City,total_2_5,over,FanDuel,-188
2026-09-02T19:04:05+00:00,e40d0fb44319f7bd0ebe1ffbc61fa661,2026-09-13,Man United,Man City,total_2_5,over,Fanatics,-200
2026-09-02T19:04:05+00:00,e40d0fb44319f7bd0ebe1ffbc61fa661,2026-09-13,Man United,Man City,total_2_5,under,BetRivers,150
2026-09-02T19:04:05+00:00,e40d0fb44319f7bd0ebe1ffbc61fa661,2026-09-13,Man United,Man City,total_2_5,under,Bovada,155
2026-09-02T19:04:05+00:00,e40d0fb44319f7bd0ebe1ffbc61fa661,2026-09-13,Man United,Man City,total_2_5,under,DraftKings,155
2026-09-02T19:04:05+00:00,e40d0fb44319f7bd0ebe1ffbc61fa661,2026-09-13,Man United,Man City,total_2_5,under,FanDuel,152
2026-09-02T19:04:05+00:00,e40d0fb44319f7bd0ebe1ffbc61fa661,2026-09-13,Man United,Man City,total_2_5,under,Fanatics,150
2026-09-02T19:22:14+00:00,082f74fe6a8bc5826555b76e9e114dab,2026-09-12,Sunderland,Arsenal,1x2,away,BetRivers,-190
2026-09-02T19:22:14+00:00,082f74fe6a8bc5826555b76e9e114dab,2026-09-12,Sunderland,Arsenal,1x2,away,Bovada,-197
2026-09-02T19:22:14+00:00,082f74fe6a8bc5826555b76e9e114dab,2026-09-12,Sunderland,Arsenal,1x2,away,DraftKings,-205
2026-09-02T19:22:14+00:00,082f74fe6a8bc5826555b76e9e114dab,2026-09-12,Sunderland,Arsenal,1x2,away,FanDuel,-240
2026-09-02T19:22:14+00:00,082f74fe6a8bc5826555b76e9e114dab,2026-09-12,Sunderland,Arsenal,1x2,away,Fanatics,-200
2026-09-02T19:22:14+00:00,082f74fe6a8bc5826555b76e9e114dab,2026-09-12,Sunderland,Arsenal,1x2,away,MyBookie.ag,-210
2026-09-02T19:22:14+00:00,082f74fe6a8bc5826555b76e9e114dab,2026-09-12,Sunderland,Arsenal,1x2,draw,BetRivers,295
2026-09-02T19:22:14+00:00,082f74fe6a8bc5826555b76e9e114dab,2026-09-12,Sunderland,Arsenal,1x2,draw,Bovada,330
2026-09-02T19:22:14+00:00,082f74fe6a8bc5826555b76e9e114dab,2026-09-12,Sunderland,Arsenal,1x2,draw,DraftKings,320
2026-09-02T19:22:14+00:00,082f74fe6a8bc5826555b76e9e114dab,2026-09-12,Sunderland,Arsenal,1x2,draw,FanDuel,320
2026-09-02T19:22:14+00:00,082f74fe6a8bc5826555b76e9e114dab,2026-09-12,Sunderland,Arsenal,1x2,draw,Fanatics,310
2026-09-02T19:22:14+00:00,082f74fe6a8bc5826555b76e9e114dab,2026-09-12,Sunderland,Arsenal,1x2,draw,MyBookie.ag,310
2026-09-02T19:22:14+00:00,082f74fe6a8bc5826555b76e9e114dab,2026-09-12,Sunderland,Arsenal,1x2,home,BetRivers,540
2026-09-02T19:22:14+00:00,082f74fe6a8bc5826555b76e9e114dab,2026-09-12,Sunderland,Arsenal,1x2,home,Bovada,575
2026-09-02T19:22:14+00:00,082f74fe6a8bc5826555b76e9e114dab,2026-09-12,Sunderland,Arsenal,1x2,home,DraftKings,550
2026-09-02T19:22:14+00:00,082f74fe6a8bc5826555b76e9e114dab,2026-09-12,Sunderland,Arsenal,1x2,home,FanDuel,600
2026-09-02T19:22:14+00:00,082f74fe6a8bc5826555b76e9e114dab,2026-09-12,Sunderland,Arsenal,1x2,home,Fanatics,550
2026-09-02T19:22:14+00:00,082f74fe6a8bc5826555b76e9e114dab,2026-09-12,Sunderland,Arsenal,1x2,home,MyBookie.ag,530
2026-09-02T19:22:14+00:00,082f74fe6a8bc5826555b76e9e114dab,2026-09-12,Sunderland,Arsenal,btts,no,BetRivers,-139
2026-09-02T19:22:14+00:00,082f74fe6a8bc5826555b76e9e114dab,2026-09-12,Sunderland,Arsenal,btts,no,Bovada,-145
2026-09-02T19:22:14+00:00,082f74fe6a8bc5826555b76e9e114dab,2026-09-12,Sunderland,Arsenal,btts,no,DraftKings,-140
2026-09-02T19:22:14+00:00,082f74fe6a8bc5826555b76e9e114dab,2026-09-12,Sunderland,Arsenal,btts,no,FanDuel,-146
2026-09-02T19:22:14+00:00,082f74fe6a8bc5826555b76e9e114dab,2026-09-12,Sunderland,Arsenal,btts,no,Fanatics,-140
2026-09-02T19:22:14+00:00,082f74fe6a8bc5826555b76e9e114dab,2026-09-12,Sunderland,Arsenal,btts,yes,BetRivers,-104
2026-09-02T19:22:14+00:00,082f74fe6a8bc5826555b76e9e114dab,2026-09-12,Sunderland,Arsenal,btts,yes,Bovada,110
2026-09-02T19:22:14+00:00,082f74fe6a8bc5826555b76e9e114dab,2026-09-12,Sunderland,Arsenal,btts,yes,DraftKings,100
2026-09-02T19:22:14+00:00,082f74fe6a8bc5826555b76e9e114dab,2026-09-12,Sunderland,Arsenal,btts,yes,FanDuel,114
2026-09-02T19:22:14+00:00,082f74fe6a8bc5826555b76e9e114dab,2026-09-12,Sunderland,Arsenal,btts,yes,Fanatics,105
2026-09-02T19:22:14+00:00,082f74fe6a8bc5826555b76e9e114dab,2026-09-12,Sunderland,Arsenal,corners_1x2,away,BetRivers,-175
2026-09-02T19:22:14+00:00,082f74fe6a8bc5826555b76e9e114dab,2026-09-12,Sunderland,Arsenal,corners_1x2,draw,BetRivers,650
2026-09-02T19:22:14+00:00,082f74fe6a8bc5826555b76e9e114dab,2026-09-12,Sunderland,Arsenal,corners_1x2,home,BetRivers,165
2026-09-02T19:22:14+00:00,082f74fe6a8bc5826555b76e9e114dab,2026-09-12,Sunderland,Arsenal,corners_total_10_5,over,BetRivers,-104
2026-09-02T19:22:14+00:00,082f74fe6a8bc5826555b76e9e114dab,2026-09-12,Sunderland,Arsenal,corners_total_10_5,under,BetRivers,-141
2026-09-02T19:22:14+00:00,082f74fe6a8bc5826555b76e9e114dab,2026-09-12,Sunderland,Arsenal,corners_total_9_5,over,BetRivers,-162
2026-09-02T19:22:14+00:00,082f74fe6a8bc5826555b76e9e114dab,2026-09-12,Sunderland,Arsenal,corners_total_9_5,under,BetRivers,110
2026-09-02T19:22:14+00:00,082f74fe6a8bc5826555b76e9e114dab,2026-09-12,Sunderland,Arsenal,double_chance,draw_or_away,BetRivers,-1115
2026-09-02T19:22:14+00:00,082f74fe6a8bc5826555b76e9e114dab,2026-09-12,Sunderland,Arsenal,double_chance,draw_or_away,Bovada,-1000
2026-09-02T19:22:14+00:00,082f74fe6a8bc5826555b76e9e114dab,2026-09-12,Sunderland,Arsenal,double_chance,draw_or_away,DraftKings,-1000
2026-09-02T19:22:14+00:00,082f74fe6a8bc5826555b76e9e114dab,2026-09-12,Sunderland,Arsenal,double_chance,draw_or_away,FanDuel,-1000
2026-09-02T19:22:14+00:00,082f74fe6a8bc5826555b76e9e114dab,2026-09-12,Sunderland,Arsenal,double_chance,draw_or_away,Fanatics,-900
2026-09-02T19:22:14+00:00,082f74fe6a8bc5826555b76e9e114dab,2026-09-12,Sunderland,Arsenal,double_chance,home_or_away,BetRivers,-500
2026-09-02T19:22:14+00:00,082f74fe6a8bc5826555b76e9e114dab,2026-09-12,Sunderland,Arsenal,double_chance,home_or_away,Bovada,-420
2026-09-02T19:22:14+00:00,082f74fe6a8bc5826555b76e9e114dab,2026-09-12,Sunderland,Arsenal,double_chance,home_or_away,DraftKings,-500
2026-09-02T19:22:14+00:00,082f74fe6a8bc5826555b76e9e114dab,2026-09-12,Sunderland,Arsenal,double_chance,home_or_away,FanDuel,-450
2026-09-02T19:22:14+00:00,082f74fe6a8bc5826555b76e9e114dab,2026-09-12,Sunderland,Arsenal,double_chance,home_or_away,Fanatics,-400
2026-09-02T19:22:14+00:00,082f74fe6a8bc5826555b76e9e114dab,2026-09-12,Sunderland,Arsenal,double_chance,home_or_draw,BetRivers,132
2026-09-02T19:22:14+00:00,082f74fe6a8bc5826555b76e9e114dab,2026-09-12,Sunderland,Arsenal,double_chance,home_or_draw,Bovada,150
2026-09-02T19:22:14+00:00,082f74fe6a8bc5826555b76e9e114dab,2026-09-12,Sunderland,Arsenal,double_chance,home_or_draw,DraftKings,140
2026-09-02T19:22:14+00:00,082f74fe6a8bc5826555b76e9e114dab,2026-09-12,Sunderland,Arsenal,double_chance,home_or_draw,FanDuel,160
2026-09-02T19:22:14+00:00,082f74fe6a8bc5826555b76e9e114dab,2026-09-12,Sunderland,Arsenal,double_chance,home_or_draw,Fanatics,160
2026-09-02T19:22:14+00:00,082f74fe6a8bc5826555b76e9e114dab,2026-09-12,Sunderland,Arsenal,draw_no_bet,away,BetRivers,-625
2026-09-02T19:22:14+00:00,082f74fe6a8bc5826555b76e9e114dab,2026-09-12,Sunderland,Arsenal,draw_no_bet,away,Bovada,-600
2026-09-02T19:22:14+00:00,082f74fe6a8bc5826555b76e9e114dab,2026-09-12,Sunderland,Arsenal,draw_no_bet,away,DraftKings,-650
2026-09-02T19:22:14+00:00,082f74fe6a8bc5826555b76e9e114dab,2026-09-12,Sunderland,Arsenal,draw_no_bet,away,FanDuel,-650
2026-09-02T19:22:14+00:00,082f74fe6a8bc5826555b76e9e114dab,2026-09-12,Sunderland,Arsenal,draw_no_bet,away,Fanatics,-630
2026-09-02T19:22:14+00:00,082f74fe6a8bc5826555b76e9e114dab,2026-09-12,Sunderland,Arsenal,draw_no_bet,home,BetRivers,335
2026-09-02T19:22:14+00:00,082f74fe6a8bc5826555b76e9e114dab,2026-09-12,Sunderland,Arsenal,draw_no_bet,home,Bovada,410
2026-09-02T19:22:14+00:00,082f74fe6a8bc5826555b76e9e114dab,2026-09-12,Sunderland,Arsenal,draw_no_bet,home,DraftKings,380
2026-09-02T19:22:14+00:00,082f74fe6a8bc5826555b76e9e114dab,2026-09-12,Sunderland,Arsenal,draw_no_bet,home,FanDuel,470
2026-09-02T19:22:14+00:00,082f74fe6a8bc5826555b76e9e114dab,2026-09-12,Sunderland,Arsenal,draw_no_bet,home,Fanatics,400
2026-09-02T19:22:14+00:00,082f74fe6a8bc5826555b76e9e114dab,2026-09-12,Sunderland,Arsenal,total_2_5,over,BetRivers,-104
2026-09-02T19:22:14+00:00,082f74fe6a8bc5826555b76e9e114dab,2026-09-12,Sunderland,Arsenal,total_2_5,over,Bovada,100
2026-09-02T19:22:14+00:00,082f74fe6a8bc5826555b76e9e114dab,2026-09-12,Sunderland,Arsenal,total_2_5,over,DraftKings,-110
2026-09-02T19:22:14+00:00,082f74fe6a8bc5826555b76e9e114dab,2026-09-12,Sunderland,Arsenal,total_2_5,over,FanDuel,100
2026-09-02T19:22:14+00:00,082f74fe6a8bc5826555b76e9e114dab,2026-09-12,Sunderland,Arsenal,total_2_5,over,Fanatics,-105
2026-09-02T19:22:14+00:00,082f74fe6a8bc5826555b76e9e114dab,2026-09-12,Sunderland,Arsenal,total_2_5,over,MyBookie.ag,-107
2026-09-02T19:22:14+00:00,082f74fe6a8bc5826555b76e9e114dab,2026-09-12,Sunderland,Arsenal,total_2_5,under,BetRivers,-122
2026-09-02T19:22:14+00:00,082f74fe6a8bc5826555b76e9e114dab,2026-09-12,Sunderland,Arsenal,total_2_5,under,Bovada,-120
2026-09-02T19:22:14+00:00,082f74fe6a8bc5826555b76e9e114dab,2026-09-12,Sunderland,Arsenal,total_2_5,under,DraftKings,-125
2026-09-02T19:22:14+00:00,082f74fe6a8bc5826555b76e9e114dab,2026-09-12,Sunderland,Arsenal,total_2_5,under,FanDuel,-122
2026-09-02T19:22:14+00:00,082f74fe6a8bc5826555b76e9e114dab,2026-09-12,Sunderland,Arsenal,total_2_5,under,Fanatics,-125
2026-09-02T19:22:14+00:00,082f74fe6a8bc5826555b76e9e114dab,2026-09-12,Sunderland,Arsenal,total_2_5,under,MyBookie.ag,-129
2026-09-02T19:22:14+00:00,14f6639178a943ac614c7b872bf6e4d6,2026-09-12,Crystal Palace,Ipswich,1x2,away,BetRivers,290
2026-09-02T19:22:14+00:00,14f6639178a943ac614c7b872bf6e4d6,2026-09-12,Crystal Palace,Ipswich,1x2,away,Bovada,290
2026-09-02T19:22:14+00:00,14f6639178a943ac614c7b872bf6e4d6,2026-09-12,Crystal Palace,Ipswich,1x2,away,DraftKings,275
2026-09-02T19:22:14+00:00,14f6639178a943ac614c7b872bf6e4d6,2026-09-12,Crystal Palace,Ipswich,1x2,away,FanDuel,300
2026-09-02T19:22:14+00:00,14f6639178a943ac614c7b872bf6e4d6,2026-09-12,Crystal Palace,Ipswich,1x2,away,Fanatics,300
2026-09-02T19:22:14+00:00,14f6639178a943ac614c7b872bf6e4d6,2026-09-12,Crystal Palace,Ipswich,1x2,away,MyBookie.ag,290
2026-09-02T19:22:14+00:00,14f6639178a943ac614c7b872bf6e4d6,2026-09-12,Crystal Palace,Ipswich,1x2,draw,BetRivers,255
2026-09-02T19:22:14+00:00,14f6639178a943ac614c7b872bf6e4d6,2026-09-12,Crystal Palace,Ipswich,1x2,draw,Bovada,275
2026-09-02T19:22:14+00:00,14f6639178a943ac614c7b872bf6e4d6,2026-09-12,Crystal Palace,Ipswich,1x2,draw,DraftKings,265
2026-09-02T19:22:14+00:00,14f6639178a943ac614c7b872bf6e4d6,2026-09-12,Crystal Palace,Ipswich,1x2,draw,FanDuel,260
2026-09-02T19:22:14+00:00,14f6639178a943ac614c7b872bf6e4d6,2026-09-12,Crystal Palace,Ipswich,1x2,draw,Fanatics,250
2026-09-02T19:22:14+00:00,14f6639178a943ac614c7b872bf6e4d6,2026-09-12,Crystal Palace,Ipswich,1x2,draw,MyBookie.ag,250
2026-09-02T19:22:14+00:00,14f6639178a943ac614c7b872bf6e4d6,2026-09-12,Crystal Palace,Ipswich,1x2,home,BetRivers,-112
2026-09-02T19:22:14+00:00,14f6639178a943ac614c7b872bf6e4d6,2026-09-12,Crystal Palace,Ipswich,1x2,home,Bovada,-110
2026-09-02T19:22:14+00:00,14f6639178a943ac614c7b872bf6e4d6,2026-09-12,Crystal Palace,Ipswich,1x2,home,DraftKings,-115
2026-09-02T19:22:14+00:00,14f6639178a943ac614c7b872bf6e4d6,2026-09-12,Crystal Palace,Ipswich,1x2,home,FanDuel,-120
2026-09-02T19:22:14+00:00,14f6639178a943ac614c7b872bf6e4d6,2026-09-12,Crystal Palace,Ipswich,1x2,home,Fanatics,-105
2026-09-02T19:22:14+00:00,14f6639178a943ac614c7b872bf6e4d6,2026-09-12,Crystal Palace,Ipswich,1x2,home,MyBookie.ag,-116
2026-09-02T19:22:14+00:00,14f6639178a943ac614c7b872bf6e4d6,2026-09-12,Crystal Palace,Ipswich,btts,no,BetRivers,-110
2026-09-02T19:22:14+00:00,14f6639178a943ac614c7b872bf6e4d6,2026-09-12,Crystal Palace,Ipswich,btts,no,Bovada,-102
2026-09-02T19:22:14+00:00,14f6639178a943ac614c7b872bf6e4d6,2026-09-12,Crystal Palace,Ipswich,btts,no,DraftKings,100
2026-09-02T19:22:14+00:00,14f6639178a943ac614c7b872bf6e4d6,2026-09-12,Crystal Palace,Ipswich,btts,no,FanDuel,102
2026-09-02T19:22:14+00:00,14f6639178a943ac614c7b872bf6e4d6,2026-09-12,Crystal Palace,Ipswich,btts,no,Fanatics,-110
2026-09-02T19:22:14+00:00,14f6639178a943ac614c7b872bf6e4d6,2026-09-12,Crystal Palace,Ipswich,btts,yes,BetRivers,-132
2026-09-02T19:22:14+00:00,14f6639178a943ac614c7b872bf6e4d6,2026-09-12,Crystal Palace,Ipswich,btts,yes,Bovada,-128
2026-09-02T19:22:14+00:00,14f6639178a943ac614c7b872bf6e4d6,2026-09-12,Crystal Palace,Ipswich,btts,yes,DraftKings,-135
2026-09-02T19:22:14+00:00,14f6639178a943ac614c7b872bf6e4d6,2026-09-12,Crystal Palace,Ipswich,btts,yes,FanDuel,-130
2026-09-02T19:22:14+00:00,14f6639178a943ac614c7b872bf6e4d6,2026-09-12,Crystal Palace,Ipswich,btts,yes,Fanatics,-120
2026-09-02T19:22:14+00:00,14f6639178a943ac614c7b872bf6e4d6,2026-09-12,Crystal Palace,Ipswich,corners_1x2,away,BetRivers,170
2026-09-02T19:22:14+00:00,14f6639178a943ac614c7b872bf6e4d6,2026-09-12,Crystal Palace,Ipswich,corners_1x2,draw,BetRivers,650
2026-09-02T19:22:14+00:00,14f6639178a943ac614c7b872bf6e4d6,2026-09-12,Crystal Palace,Ipswich,corners_1x2,home,BetRivers,-175
2026-09-02T19:22:14+00:00,14f6639178a943ac614c7b872bf6e4d6,2026-09-12,Crystal Palace,Ipswich,corners_total_10_5,over,BetRivers,123
2026-09-02T19:22:14+00:00,14f6639178a943ac614c7b872bf6e4d6,2026-09-12,Crystal Palace,Ipswich,corners_total_10_5,under,BetRivers,-182
2026-09-02T19:22:14+00:00,14f6639178a943ac614c7b872bf6e4d6,2026-09-12,Crystal Palace,Ipswich,corners_total_9_5,over,BetRivers,-127
2026-09-02T19:22:14+00:00,14f6639178a943ac614c7b872bf6e4d6,2026-09-12,Crystal Palace,Ipswich,corners_total_9_5,under,BetRivers,-114
2026-09-02T19:22:14+00:00,14f6639178a943ac614c7b872bf6e4d6,2026-09-12,Crystal Palace,Ipswich,double_chance,draw_or_away,BetRivers,-124
2026-09-02T19:22:14+00:00,14f6639178a943ac614c7b872bf6e4d6,2026-09-12,Crystal Palace,Ipswich,double_chance,draw_or_away,Bovada,-117
2026-09-02T19:22:14+00:00,14f6639178a943ac614c7b872bf6e4d6,2026-09-12,Crystal Palace,Ipswich,double_chance,draw_or_away,DraftKings,-125
2026-09-02T19:22:14+00:00,14f6639178a943ac614c7b872bf6e4d6,2026-09-12,Crystal Palace,Ipswich,double_chance,draw_or_away,FanDuel,-120
2026-09-02T19:22:14+00:00,14f6639178a943ac614c7b872bf6e4d6,2026-09-12,Crystal Palace,Ipswich,double_chance,draw_or_away,Fanatics,-115
2026-09-02T19:22:14+00:00,14f6639178a943ac614c7b872bf6e4d6,2026-09-12,Crystal Palace,Ipswich,double_chance,home_or_away,BetRivers,-400
2026-09-02T19:22:14+00:00,14f6639178a943ac614c7b872bf6e4d6,2026-09-12,Crystal Palace,Ipswich,double_chance,home_or_away,Bovada,-345
2026-09-02T19:22:14+00:00,14f6639178a943ac614c7b872bf6e4d6,2026-09-12,Crystal Palace,Ipswich,double_chance,home_or_away,DraftKings,-390
2026-09-02T19:22:14+00:00,14f6639178a943ac614c7b872bf6e4d6,2026-09-12,Crystal Palace,Ipswich,double_chance,home_or_away,FanDuel,-360
2026-09-02T19:22:14+00:00,14f6639178a943ac614c7b872bf6e4d6,2026-09-12,Crystal Palace,Ipswich,double_chance,home_or_away,Fanatics,-350
2026-09-02T19:22:14+00:00,14f6639178a943ac614c7b872bf6e4d6,2026-09-12,Crystal Palace,Ipswich,double_chance,home_or_draw,BetRivers,-480
2026-09-02T19:22:14+00:00,14f6639178a943ac614c7b872bf6e4d6,2026-09-12,Crystal Palace,Ipswich,double_chance,home_or_draw,Bovada,-435
2026-09-02T19:22:14+00:00,14f6639178a943ac614c7b872bf6e4d6,2026-09-12,Crystal Palace,Ipswich,double_chance,home_or_draw,DraftKings,-400
2026-09-02T19:22:14+00:00,14f6639178a943ac614c7b872bf6e4d6,2026-09-12,Crystal Palace,Ipswich,double_chance,home_or_draw,FanDuel,-425
2026-09-02T19:22:14+00:00,14f6639178a943ac614c7b872bf6e4d6,2026-09-12,Crystal Palace,Ipswich,double_chance,home_or_draw,Fanatics,-400
2026-09-02T19:22:14+00:00,14f6639178a943ac614c7b872bf6e4d6,2026-09-12,Crystal Palace,Ipswich,draw_no_bet,away,BetRivers,175
2026-09-02T19:22:14+00:00,14f6639178a943ac614c7b872bf6e4d6,2026-09-12,Crystal Palace,Ipswich,draw_no_bet,away,Bovada,195
2026-09-02T19:22:14+00:00,14f6639178a943ac614c7b872bf6e4d6,2026-09-12,Crystal Palace,Ipswich,draw_no_bet,away,DraftKings,175
2026-09-02T19:22:14+00:00,14f6639178a943ac614c7b872bf6e4d6,2026-09-12,Crystal Palace,Ipswich,draw_no_bet,away,FanDuel,205
2026-09-02T19:22:14+00:00,14f6639178a943ac614c7b872bf6e4d6,2026-09-12,Crystal Palace,Ipswich,draw_no_bet,away,Fanatics,185
2026-09-02T19:22:14+00:00,14f6639178a943ac614c7b872bf6e4d6,2026-09-12,Crystal Palace,Ipswich,draw_no_bet,home,BetRivers,-265
2026-09-02T19:22:14+00:00,14f6639178a943ac614c7b872bf6e4d6,2026-09-12,Crystal Palace,Ipswich,draw_no_bet,home,Bovada,-245
2026-09-02T19:22:14+00:00,14f6639178a943ac614c7b872bf6e4d6,2026-09-12,Crystal Palace,Ipswich,draw_no_bet,home,DraftKings,-250
2026-09-02T19:22:14+00:00,14f6639178a943ac614c7b872bf6e4d6,2026-09-12,Crystal Palace,Ipswich,draw_no_bet,home,FanDuel,-250
2026-09-02T19:22:14+00:00,14f6639178a943ac614c7b872bf6e4d6,2026-09-12,Crystal Palace,Ipswich,draw_no_bet,home,Fanatics,-250
2026-09-02T19:22:14+00:00,14f6639178a943ac614c7b872bf6e4d6,2026-09-12,Crystal Palace,Ipswich,total_2_5,over,BetRivers,-108
2026-09-02T19:22:14+00:00,14f6639178a943ac614c7b872bf6e4d6,2026-09-12,Crystal Palace,Ipswich,total_2_5,over,Bovada,-110
2026-09-02T19:22:14+00:00,14f6639178a943ac614c7b872bf6e4d6,2026-09-12,Crystal Palace,Ipswich,total_2_5,over,DraftKings,-115
2026-09-02T19:22:14+00:00,14f6639178a943ac614c7b872bf6e4d6,2026-09-12,Crystal Palace,Ipswich,total_2_5,over,FanDuel,-110
2026-09-02T19:22:14+00:00,14f6639178a943ac614c7b872bf6e4d6,2026-09-12,Crystal Palace,Ipswich,total_2_5,over,Fanatics,-105
2026-09-02T19:22:14+00:00,14f6639178a943ac614c7b872bf6e4d6,2026-09-12,Crystal Palace,Ipswich,total_2_5,over,MyBookie.ag,-116
2026-09-02T19:22:14+00:00,14f6639178a943ac614c7b872bf6e4d6,2026-09-12,Crystal Palace,Ipswich,total_2_5,under,BetRivers,-118
2026-09-02T19:22:14+00:00,14f6639178a943ac614c7b872bf6e4d6,2026-09-12,Crystal Palace,Ipswich,total_2_5,under,Bovada,-110
2026-09-02T19:22:14+00:00,14f6639178a943ac614c7b872bf6e4d6,2026-09-12,Crystal Palace,Ipswich,total_2_5,under,DraftKings,-115
2026-09-02T19:22:14+00:00,14f6639178a943ac614c7b872bf6e4d6,2026-09-12,Crystal Palace,Ipswich,total_2_5,under,FanDuel,-110
2026-09-02T19:22:14+00:00,14f6639178a943ac614c7b872bf6e4d6,2026-09-12,Crystal Palace,Ipswich,total_2_5,under,Fanatics,-125
2026-09-02T19:22:14+00:00,14f6639178a943ac614c7b872bf6e4d6,2026-09-12,Crystal Palace,Ipswich,total_2_5,under,MyBookie.ag,-119
2026-09-02T19:22:14+00:00,21fd24ad6732df00774304a046d84fe9,2026-09-05,Hull,Aston Villa,1x2,away,BetMGM,-135
2026-09-02T19:22:14+00:00,21fd24ad6732df00774304a046d84fe9,2026-09-05,Hull,Aston Villa,1x2,away,BetOnline.ag,-109
2026-09-02T19:22:14+00:00,21fd24ad6732df00774304a046d84fe9,2026-09-05,Hull,Aston Villa,1x2,away,BetRivers,-108
2026-09-02T19:22:14+00:00,21fd24ad6732df00774304a046d84fe9,2026-09-05,Hull,Aston Villa,1x2,away,BetUS,-109
2026-09-02T19:22:14+00:00,21fd24ad6732df00774304a046d84fe9,2026-09-05,Hull,Aston Villa,1x2,away,Bovada,-115
2026-09-02T19:22:14+00:00,21fd24ad6732df00774304a046d84fe9,2026-09-05,Hull,Aston Villa,1x2,away,Caesars,-114
2026-09-02T19:22:14+00:00,21fd24ad6732df00774304a046d84fe9,2026-09-05,Hull,Aston Villa,1x2,away,DraftKings,-115
2026-09-02T19:22:14+00:00,21fd24ad6732df00774304a046d84fe9,2026-09-05,Hull,Aston Villa,1x2,away,FanDuel,-120
2026-09-02T19:22:14+00:00,21fd24ad6732df00774304a046d84fe9,2026-09-05,Hull,Aston Villa,1x2,away,Fanatics,-115
2026-09-02T19:22:14+00:00,21fd24ad6732df00774304a046d84fe9,2026-09-05,Hull,Aston Villa,1x2,away,LowVig.ag,-109
2026-09-02T19:22:14+00:00,21fd24ad6732df00774304a046d84fe9,2026-09-05,Hull,Aston Villa,1x2,away,MyBookie.ag,-117
2026-09-02T19:22:14+00:00,21fd24ad6732df00774304a046d84fe9,2026-09-05,Hull,Aston Villa,1x2,draw,BetMGM,240
2026-09-02T19:22:14+00:00,21fd24ad6732df00774304a046d84fe9,2026-09-05,Hull,Aston Villa,1x2,draw,BetOnline.ag,272
2026-09-02T19:22:14+00:00,21fd24ad6732df00774304a046d84fe9,2026-09-05,Hull,Aston Villa,1x2,draw,BetRivers,255
2026-09-02T19:22:14+00:00,21fd24ad6732df00774304a046d84fe9,2026-09-05,Hull,Aston Villa,1x2,draw,BetUS,272
2026-09-02T19:22:14+00:00,21fd24ad6732df00774304a046d84fe9,2026-09-05,Hull,Aston Villa,1x2,draw,Bovada,270
2026-09-02T19:22:14+00:00,21fd24ad6732df00774304a046d84fe9,2026-09-05,Hull,Aston Villa,1x2,draw,Caesars,260
2026-09-02T19:22:14+00:00,21fd24ad6732df00774304a046d84fe9,2026-09-05,Hull,Aston Villa,1x2,draw,DraftKings,270
2026-09-02T19:22:14+00:00,21fd24ad6732df00774304a046d84fe9,2026-09-05,Hull,Aston Villa,1x2,draw,FanDuel,260
2026-09-02T19:22:14+00:00,21fd24ad6732df00774304a046d84fe9,2026-09-05,Hull,Aston Villa,1x2,draw,Fanatics,260
2026-09-02T19:22:14+00:00,21fd24ad6732df00774304a046d84fe9,2026-09-05,Hull,Aston Villa,1x2,draw,LowVig.ag,272
2026-09-02T19:22:14+00:00,21fd24ad6732df00774304a046d84fe9,2026-09-05,Hull,Aston Villa,1x2,draw,MyBookie.ag,250
2026-09-02T19:22:14+00:00,21fd24ad6732df00774304a046d84fe9,2026-09-05,Hull,Aston Villa,1x2,home,BetMGM,290
2026-09-02T19:22:14+00:00,21fd24ad6732df00774304a046d84fe9,2026-09-05,Hull,Aston Villa,1x2,home,BetOnline.ag,309
2026-09-02T19:22:14+00:00,21fd24ad6732df00774304a046d84fe9,2026-09-05,Hull,Aston Villa,1x2,home,BetRivers,300
2026-09-02T19:22:14+00:00,21fd24ad6732df00774304a046d84fe9,2026-09-05,Hull,Aston Villa,1x2,home,BetUS,309
2026-09-02T19:22:14+00:00,21fd24ad6732df00774304a046d84fe9,2026-09-05,Hull,Aston Villa,1x2,home,Bovada,310
2026-09-02T19:22:14+00:00,21fd24ad6732df00774304a046d84fe9,2026-09-05,Hull,Aston Villa,1x2,home,Caesars,295
2026-09-02T19:22:14+00:00,21fd24ad6732df00774304a046d84fe9,2026-09-05,Hull,Aston Villa,1x2,home,DraftKings,310
2026-09-02T19:22:14+00:00,21fd24ad6732df00774304a046d84fe9,2026-09-05,Hull,Aston Villa,1x2,home,FanDuel,300
2026-09-02T19:22:14+00:00,21fd24ad6732df00774304a046d84fe9,2026-09-05,Hull,Aston Villa,1x2,home,Fanatics,310
2026-09-02T19:22:14+00:00,21fd24ad6732df00774304a046d84fe9,2026-09-05,Hull,Aston Villa,1x2,home,LowVig.ag,309
2026-09-02T19:22:14+00:00,21fd24ad6732df00774304a046d84fe9,2026-09-05,Hull,Aston Villa,1x2,home,MyBookie.ag,290
2026-09-02T19:22:14+00:00,21fd24ad6732df00774304a046d84fe9,2026-09-05,Hull,Aston Villa,btts,no,BetMGM,-102
2026-09-02T19:22:14+00:00,21fd24ad6732df00774304a046d84fe9,2026-09-05,Hull,Aston Villa,btts,no,BetOnline.ag,-102
2026-09-02T19:22:14+00:00,21fd24ad6732df00774304a046d84fe9,2026-09-05,Hull,Aston Villa,btts,no,BetRivers,100
2026-09-02T19:22:14+00:00,21fd24ad6732df00774304a046d84fe9,2026-09-05,Hull,Aston Villa,btts,no,Bovada,108
2026-09-02T19:22:14+00:00,21fd24ad6732df00774304a046d84fe9,2026-09-05,Hull,Aston Villa,btts,no,Caesars,101
2026-09-02T19:22:14+00:00,21fd24ad6732df00774304a046d84fe9,2026-09-05,Hull,Aston Villa,btts,no,DraftKings,105
2026-09-02T19:22:14+00:00,21fd24ad6732df00774304a046d84fe9,2026-09-05,Hull,Aston Villa,btts,no,FanDuel,108
2026-09-02T19:22:14+00:00,21fd24ad6732df00774304a046d84fe9,2026-09-05,Hull,Aston Villa,btts,no,Fanatics,105
2026-09-02T19:22:14+00:00,21fd24ad6732df00774304a046d84fe9,2026-09-05,Hull,Aston Villa,btts,no,MyBookie.ag,-102
2026-09-02T19:22:14+00:00,21fd24ad6732df00774304a046d84fe9,2026-09-05,Hull,Aston Villa,btts,yes,BetMGM,-140
2026-09-02T19:22:14+00:00,21fd24ad6732df00774304a046d84fe9,2026-09-05,Hull,Aston Villa,btts,yes,BetOnline.ag,-127
2026-09-02T19:22:14+00:00,21fd24ad6732df00774304a046d84fe9,2026-09-05,Hull,Aston Villa,btts,yes,BetRivers,-136
2026-09-02T19:22:14+00:00,21fd24ad6732df00774304a046d84fe9,2026-09-05,Hull,Aston Villa,btts,yes,Bovada,-140
2026-09-02T19:22:14+00:00,21fd24ad6732df00774304a046d84fe9,2026-09-05,Hull,Aston Villa,btts,yes,Caesars,-129
2026-09-02T19:22:14+00:00,21fd24ad6732df00774304a046d84fe9,2026-09-05,Hull,Aston Villa,btts,yes,DraftKings,-135
2026-09-02T19:22:14+00:00,21fd24ad6732df00774304a046d84fe9,2026-09-05,Hull,Aston Villa,btts,yes,FanDuel,-136
2026-09-02T19:22:14+00:00,21fd24ad6732df00774304a046d84fe9,2026-09-05,Hull,Aston Villa,btts,yes,Fanatics,-140
2026-09-02T19:22:14+00:00,21fd24ad6732df00774304a046d84fe9,2026-09-05,Hull,Aston Villa,btts,yes,MyBookie.ag,-135
2026-09-02T19:22:14+00:00,21fd24ad6732df00774304a046d84fe9,2026-09-05,Hull,Aston Villa,corners_1x2,away,BetMGM,-200
2026-09-02T19:22:14+00:00,21fd24ad6732df00774304a046d84fe9,2026-09-05,Hull,Aston Villa,corners_1x2,away,BetRivers,-210
2026-09-02T19:22:14+00:00,21fd24ad6732df00774304a046d84fe9,2026-09-05,Hull,Aston Villa,corners_1x2,away,Bovada,-200
2026-09-02T19:22:14+00:00,21fd24ad6732df00774304a046d84fe9,2026-09-05,Hull,Aston Villa,corners_1x2,away,DraftKings,-205
2026-09-02T19:22:14+00:00,21fd24ad6732df00774304a046d84fe9,2026-09-05,Hull,Aston Villa,corners_1x2,draw,BetMGM,675
2026-09-02T19:22:14+00:00,21fd24ad6732df00774304a046d84fe9,2026-09-05,Hull,Aston Villa,corners_1x2,draw,BetRivers,650
2026-09-02T19:22:14+00:00,21fd24ad6732df00774304a046d84fe9,2026-09-05,Hull,Aston Villa,corners_1x2,draw,Bovada,675
2026-09-02T19:22:14+00:00,21fd24ad6732df00774304a046d84fe9,2026-09-05,Hull,Aston Villa,corners_1x2,draw,DraftKings,650
2026-09-02T19:22:14+00:00,21fd24ad6732df00774304a046d84fe9,2026-09-05,Hull,Aston Villa,corners_1x2,home,BetMGM,210
2026-09-02T19:22:14+00:00,21fd24ad6732df00774304a046d84fe9,2026-09-05,Hull,Aston Villa,corners_1x2,home,BetRivers,205
2026-09-02T19:22:14+00:00,21fd24ad6732df00774304a046d84fe9,2026-09-05,Hull,Aston Villa,corners_1x2,home,Bovada,210
2026-09-02T19:22:14+00:00,21fd24ad6732df00774304a046d84fe9,2026-09-05,Hull,Aston Villa,corners_1x2,home,DraftKings,250
2026-09-02T19:22:14+00:00,21fd24ad6732df00774304a046d84fe9,2026-09-05,Hull,Aston Villa,corners_total_10_5,over,BetMGM,170
2026-09-02T19:22:14+00:00,21fd24ad6732df00774304a046d84fe9,2026-09-05,Hull,Aston Villa,corners_total_10_5,over,BetRivers,155
2026-09-02T19:22:14+00:00,21fd24ad6732df00774304a046d84fe9,2026-09-05,Hull,Aston Villa,corners_total_10_5,over,DraftKings,170
2026-09-02T19:22:14+00:00,21fd24ad6732df00774304a046d84fe9,2026-09-05,Hull,Aston Villa,corners_total_10_5,under,BetMGM,-250
2026-09-02T19:22:14+00:00,21fd24ad6732df00774304a046d84fe9,2026-09-05,Hull,Aston Villa,corners_total_10_5,under,BetRivers,-235
2026-09-02T19:22:14+00:00,21fd24ad6732df00774304a046d84fe9,2026-09-05,Hull,Aston Villa,corners_total_10_5,under,DraftKings,-240
2026-09-02T19:22:14+00:00,21fd24ad6732df00774304a046d84fe9,2026-09-05,Hull,Aston Villa,corners_total_9_5,over,BetMGM,105
2026-09-02T19:22:14+00:00,21fd24ad6732df00774304a046d84fe9,2026-09-05,Hull,Aston Villa,corners_total_9_5,over,BetRivers,-104
2026-09-02T19:22:14+00:00,21fd24ad6732df00774304a046d84fe9,2026-09-05,Hull,Aston Villa,corners_total_9_5,over,Bovada,108
2026-09-02T19:22:14+00:00,21fd24ad6732df00774304a046d84fe9,2026-09-05,Hull,Aston Villa,corners_total_9_5,over,Caesars,109
2026-09-02T19:22:14+00:00,21fd24ad6732df00774304a046d84fe9,2026-09-05,Hull,Aston Villa,corners_total_9_5,over,DraftKings,105
2026-09-02T19:22:14+00:00,21fd24ad6732df00774304a046d84fe9,2026-09-05,Hull,Aston Villa,corners_total_9_5,under,BetMGM,-145
2026-09-02T19:22:14+00:00,21fd24ad6732df00774304a046d84fe9,2026-09-05,Hull,Aston Villa,corners_total_9_5,under,BetRivers,-141
2026-09-02T19:22:14+00:00,21fd24ad6732df00774304a046d84fe9,2026-09-05,Hull,Aston Villa,corners_total_9_5,under,Bovada,-140
2026-09-02T19:22:14+00:00,21fd24ad6732df00774304a046d84fe9,2026-09-05,Hull,Aston Villa,corners_total_9_5,under,Caesars,-139
2026-09-02T19:22:14+00:00,21fd24ad6732df00774304a046d84fe9,2026-09-05,Hull,Aston Villa,corners_total_9_5,under,DraftKings,-145
2026-09-02T19:22:14+00:00,21fd24ad6732df00774304a046d84fe9,2026-09-05,Hull,Aston Villa,double_chance,draw_or_away,BetOnline.ag,-417
2026-09-02T19:22:14+00:00,21fd24ad6732df00774304a046d84fe9,2026-09-05,Hull,Aston Villa,double_chance,draw_or_away,BetRivers,-420
2026-09-02T19:22:14+00:00,21fd24ad6732df00774304a046d84fe9,2026-09-05,Hull,Aston Villa,double_chance,draw_or_away,Bovada,-435
2026-09-02T19:22:14+00:00,21fd24ad6732df00774304a046d84fe9,2026-09-05,Hull,Aston Villa,double_chance,draw_or_away,DraftKings,-400
2026-09-02T19:22:14+00:00,21fd24ad6732df00774304a046d84fe9,2026-09-05,Hull,Aston Villa,double_chance,draw_or_away,FanDuel,-425
2026-09-02T19:22:14+00:00,21fd24ad6732df00774304a046d84fe9,2026-09-05,Hull,Aston Villa,double_chance,draw_or_away,Fanatics,-400
2026-09-02T19:22:14+00:00,21fd24ad6732df00774304a046d84fe9,2026-09-05,Hull,Aston Villa,double_chance,draw_or_away,MyBookie.ag,-500
2026-09-02T19:22:14+00:00,21fd24ad6732df00774304a046d84fe9,2026-09-05,Hull,Aston Villa,double_chance,home_or_away,BetOnline.ag,-370
2026-09-02T19:22:14+00:00,21fd24ad6732df00774304a046d84fe9,2026-09-05,Hull,Aston Villa,double_chance,home_or_away,BetRivers,-345
2026-09-02T19:22:14+00:00,21fd24ad6732df00774304a046d84fe9,2026-09-05,Hull,Aston Villa,double_chance,home_or_away,Bovada,-360
2026-09-02T19:22:14+00:00,21fd24ad6732df00774304a046d84fe9,2026-09-05,Hull,Aston Villa,double_chance,home_or_away,DraftKings,-350
2026-09-02T19:22:14+00:00,21fd24ad6732df00774304a046d84fe9,2026-09-05,Hull,Aston Villa,double_chance,home_or_away,FanDuel,-350
2026-09-02T19:22:14+00:00,21fd24ad6732df00774304a046d84fe9,2026-09-05,Hull,Aston Villa,double_chance,home_or_away,Fanatics,-350
2026-09-02T19:22:14+00:00,21fd24ad6732df00774304a046d84fe9,2026-09-05,Hull,Aston Villa,double_chance,home_or_away,MyBookie.ag,-441
2026-09-02T19:22:14+00:00,21fd24ad6732df00774304a046d84fe9,2026-09-05,Hull,Aston Villa,double_chance,home_or_draw,BetOnline.ag,-108
2026-09-02T19:22:14+00:00,21fd24ad6732df00774304a046d84fe9,2026-09-05,Hull,Aston Villa,double_chance,home_or_draw,BetRivers,-117
2026-09-02T19:22:14+00:00,21fd24ad6732df00774304a046d84fe9,2026-09-05,Hull,Aston Villa,double_chance,home_or_draw,Bovada,-113
2026-09-02T19:22:14+00:00,21fd24ad6732df00774304a046d84fe9,2026-09-05,Hull,Aston Villa,double_chance,home_or_draw,DraftKings,-115
2026-09-02T19:22:14+00:00,21fd24ad6732df00774304a046d84fe9,2026-09-05,Hull,Aston Villa,double_chance,home_or_draw,FanDuel,-120
2026-09-02T19:22:14+00:00,21fd24ad6732df00774304a046d84fe9,2026-09-05,Hull,Aston Villa,double_chance,home_or_draw,Fanatics,-105
2026-09-02T19:22:14+00:00,21fd24ad6732df00774304a046d84fe9,2026-09-05,Hull,Aston Villa,double_chance,home_or_draw,MyBookie.ag,-151
2026-09-02T19:22:14+00:00,21fd24ad6732df00774304a046d84fe9,2026-09-05,Hull,Aston Villa,draw_no_bet,away,BetMGM,-295
2026-09-02T19:22:14+00:00,21fd24ad6732df00774304a046d84fe9,2026-09-05,Hull,Aston Villa,draw_no_bet,away,BetOnline.ag,-256
2026-09-02T19:22:14+00:00,21fd24ad6732df00774304a046d84fe9,2026-09-05,Hull,Aston Villa,draw_no_bet,away,BetRivers,-265
2026-09-02T19:22:14+00:00,21fd24ad6732df00774304a046d84fe9,2026-09-05,Hull,Aston Villa,draw_no_bet,away,Bovada,-250
2026-09-02T19:22:14+00:00,21fd24ad6732df00774304a046d84fe9,2026-09-05,Hull,Aston Villa,draw_no_bet,away,Caesars,-235
2026-09-02T19:22:14+00:00,21fd24ad6732df00774304a046d84fe9,2026-09-05,Hull,Aston Villa,draw_no_bet,away,DraftKings,-255
2026-09-02T19:22:14+00:00,21fd24ad6732df00774304a046d84fe9,2026-09-05,Hull,Aston Villa,draw_no_bet,away,FanDuel,-245
2026-09-02T19:22:14+00:00,21fd24ad6732df00774304a046d84fe9,2026-09-05,Hull,Aston Villa,draw_no_bet,away,Fanatics,-275
2026-09-02T19:22:14+00:00,21fd24ad6732df00774304a046d84fe9,2026-09-05,Hull,Aston Villa,draw_no_bet,away,MyBookie.ag,-250
2026-09-02T19:22:14+00:00,21fd24ad6732df00774304a046d84fe9,2026-09-05,Hull,Aston Villa,draw_no_bet,home,BetMGM,200
2026-09-02T19:22:14+00:00,21fd24ad6732df00774304a046d84fe9,2026-09-05,Hull,Aston Villa,draw_no_bet,home,BetOnline.ag,195
2026-09-02T19:22:14+00:00,21fd24ad6732df00774304a046d84fe9,2026-09-05,Hull,Aston Villa,draw_no_bet,home,BetRivers,175
2026-09-02T19:22:14+00:00,21fd24ad6732df00774304a046d84fe9,2026-09-05,Hull,Aston Villa,draw_no_bet,home,Bovada,200
2026-09-02T19:22:14+00:00,21fd24ad6732df00774304a046d84fe9,2026-09-05,Hull,Aston Villa,draw_no_bet,home,Caesars,175
2026-09-02T19:22:14+00:00,21fd24ad6732df00774304a046d84fe9,2026-09-05,Hull,Aston Villa,draw_no_bet,home,DraftKings,195
2026-09-02T19:22:14+00:00,21fd24ad6732df00774304a046d84fe9,2026-09-05,Hull,Aston Villa,draw_no_bet,home,FanDuel,205
2026-09-02T19:22:14+00:00,21fd24ad6732df00774304a046d84fe9,2026-09-05,Hull,Aston Villa,draw_no_bet,home,Fanatics,200
2026-09-02T19:22:14+00:00,21fd24ad6732df00774304a046d84fe9,2026-09-05,Hull,Aston Villa,draw_no_bet,home,MyBookie.ag,189
2026-09-02T19:22:14+00:00,21fd24ad6732df00774304a046d84fe9,2026-09-05,Hull,Aston Villa,total_2_5,over,BetMGM,-125
2026-09-02T19:22:14+00:00,21fd24ad6732df00774304a046d84fe9,2026-09-05,Hull,Aston Villa,total_2_5,over,BetOnline.ag,-113
2026-09-02T19:22:14+00:00,21fd24ad6732df00774304a046d84fe9,2026-09-05,Hull,Aston Villa,total_2_5,over,BetRivers,-112
2026-09-02T19:22:14+00:00,21fd24ad6732df00774304a046d84fe9,2026-09-05,Hull,Aston Villa,total_2_5,over,BetUS,-110
2026-09-02T19:22:14+00:00,21fd24ad6732df00774304a046d84fe9,2026-09-05,Hull,Aston Villa,total_2_5,over,Bovada,-118
2026-09-02T19:22:14+00:00,21fd24ad6732df00774304a046d84fe9,2026-09-05,Hull,Aston Villa,total_2_5,over,Caesars,-120
2026-09-02T19:22:14+00:00,21fd24ad6732df00774304a046d84fe9,2026-09-05,Hull,Aston Villa,total_2_5,over,DraftKings,-115
2026-09-02T19:22:14+00:00,21fd24ad6732df00774304a046d84fe9,2026-09-05,Hull,Aston Villa,total_2_5,over,FanDuel,-114
2026-09-02T19:22:14+00:00,21fd24ad6732df00774304a046d84fe9,2026-09-05,Hull,Aston Villa,total_2_5,over,Fanatics,-120
2026-09-02T19:22:14+00:00,21fd24ad6732df00774304a046d84fe9,2026-09-05,Hull,Aston Villa,total_2_5,over,LowVig.ag,-113
2026-09-02T19:22:14+00:00,21fd24ad6732df00774304a046d84fe9,2026-09-05,Hull,Aston Villa,total_2_5,over,MyBookie.ag,-122
2026-09-02T19:22:14+00:00,21fd24ad6732df00774304a046d84fe9,2026-09-05,Hull,Aston Villa,total_2_5,under,BetMGM,-110
2026-09-02T19:22:14+00:00,21fd24ad6732df00774304a046d84fe9,2026-09-05,Hull,Aston Villa,total_2_5,under,BetOnline.ag,-107
2026-09-02T19:22:14+00:00,21fd24ad6732df00774304a046d84fe9,2026-09-05,Hull,Aston Villa,total_2_5,under,BetRivers,-114
2026-09-02T19:22:14+00:00,21fd24ad6732df00774304a046d84fe9,2026-09-05,Hull,Aston Villa,total_2_5,under,BetUS,-110
2026-09-02T19:22:14+00:00,21fd24ad6732df00774304a046d84fe9,2026-09-05,Hull,Aston Villa,total_2_5,under,Bovada,-102
2026-09-02T19:22:14+00:00,21fd24ad6732df00774304a046d84fe9,2026-09-05,Hull,Aston Villa,total_2_5,under,Caesars,-108
2026-09-02T19:22:14+00:00,21fd24ad6732df00774304a046d84fe9,2026-09-05,Hull,Aston Villa,total_2_5,under,DraftKings,-110
2026-09-02T19:22:14+00:00,21fd24ad6732df00774304a046d84fe9,2026-09-05,Hull,Aston Villa,total_2_5,under,FanDuel,-106
2026-09-02T19:22:14+00:00,21fd24ad6732df00774304a046d84fe9,2026-09-05,Hull,Aston Villa,total_2_5,under,Fanatics,-110
2026-09-02T19:22:14+00:00,21fd24ad6732df00774304a046d84fe9,2026-09-05,Hull,Aston Villa,total_2_5,under,LowVig.ag,-107
2026-09-02T19:22:14+00:00,21fd24ad6732df00774304a046d84fe9,2026-09-05,Hull,Aston Villa,total_2_5,under,MyBookie.ag,-113
2026-09-02T19:22:14+00:00,29f81160baf6a97d6391d7172fad2425,2026-09-05,Brentford,Sunderland,1x2,away,BetMGM,380
2026-09-02T19:22:14+00:00,29f81160baf6a97d6391d7172fad2425,2026-09-05,Brentford,Sunderland,1x2,away,BetOnline.ag,459
2026-09-02T19:22:14+00:00,29f81160baf6a97d6391d7172fad2425,2026-09-05,Brentford,Sunderland,1x2,away,BetRivers,510
2026-09-02T19:22:14+00:00,29f81160baf6a97d6391d7172fad2425,2026-09-05,Brentford,Sunderland,1x2,away,BetUS,459
2026-09-02T19:22:14+00:00,29f81160baf6a97d6391d7172fad2425,2026-09-05,Brentford,Sunderland,1x2,away,Bovada,460
2026-09-02T19:22:14+00:00,29f81160baf6a97d6391d7172fad2425,2026-09-05,Brentford,Sunderland,1x2,away,Caesars,450
2026-09-02T19:22:14+00:00,29f81160baf6a97d6391d7172fad2425,2026-09-05,Brentford,Sunderland,1x2,away,DraftKings,450
2026-09-02T19:22:14+00:00,29f81160baf6a97d6391d7172fad2425,2026-09-05,Brentford,Sunderland,1x2,away,FanDuel,480
2026-09-02T19:22:14+00:00,29f81160baf6a97d6391d7172fad2425,2026-09-05,Brentford,Sunderland,1x2,away,Fanatics,450
2026-09-02T19:22:14+00:00,29f81160baf6a97d6391d7172fad2425,2026-09-05,Brentford,Sunderland,1x2,away,LowVig.ag,459
2026-09-02T19:22:14+00:00,29f81160baf6a97d6391d7172fad2425,2026-09-05,Brentford,Sunderland,1x2,away,MyBookie.ag,430
2026-09-02T19:22:14+00:00,29f81160baf6a97d6391d7172fad2425,2026-09-05,Brentford,Sunderland,1x2,draw,BetMGM,270
2026-09-02T19:22:14+00:00,29f81160baf6a97d6391d7172fad2425,2026-09-05,Brentford,Sunderland,1x2,draw,BetOnline.ag,305
2026-09-02T19:22:14+00:00,29f81160baf6a97d6391d7172fad2425,2026-09-05,Brentford,Sunderland,1x2,draw,BetRivers,310
2026-09-02T19:22:14+00:00,29f81160baf6a97d6391d7172fad2425,2026-09-05,Brentford,Sunderland,1x2,draw,BetUS,305
2026-09-02T19:22:14+00:00,29f81160baf6a97d6391d7172fad2425,2026-09-05,Brentford,Sunderland,1x2,draw,Bovada,300
2026-09-02T19:22:14+00:00,29f81160baf6a97d6391d7172fad2425,2026-09-05,Brentford,Sunderland,1x2,draw,Caesars,295
2026-09-02T19:22:14+00:00,29f81160baf6a97d6391d7172fad2425,2026-09-05,Brentford,Sunderland,1x2,draw,DraftKings,310
2026-09-02T19:22:14+00:00,29f81160baf6a97d6391d7172fad2425,2026-09-05,Brentford,Sunderland,1x2,draw,FanDuel,290
2026-09-02T19:22:14+00:00,29f81160baf6a97d6391d7172fad2425,2026-09-05,Brentford,Sunderland,1x2,draw,Fanatics,300
2026-09-02T19:22:14+00:00,29f81160baf6a97d6391d7172fad2425,2026-09-05,Brentford,Sunderland,1x2,draw,LowVig.ag,305
2026-09-02T19:22:14+00:00,29f81160baf6a97d6391d7172fad2425,2026-09-05,Brentford,Sunderland,1x2,draw,MyBookie.ag,290
2026-09-02T19:22:14+00:00,29f81160baf6a97d6391d7172fad2425,2026-09-05,Brentford,Sunderland,1x2,home,BetMGM,-185
2026-09-02T19:22:14+00:00,29f81160baf6a97d6391d7172fad2425,2026-09-05,Brentford,Sunderland,1x2,home,BetOnline.ag,-156
2026-09-02T19:22:14+00:00,29f81160baf6a97d6391d7172fad2425,2026-09-05,Brentford,Sunderland,1x2,home,BetRivers,-180
2026-09-02T19:22:14+00:00,29f81160baf6a97d6391d7172fad2425,2026-09-05,Brentford,Sunderland,1x2,home,BetUS,-156
2026-09-02T19:22:14+00:00,29f81160baf6a97d6391d7172fad2425,2026-09-05,Brentford,Sunderland,1x2,home,Bovada,-162
2026-09-02T19:22:14+00:00,29f81160baf6a97d6391d7172fad2425,2026-09-05,Brentford,Sunderland,1x2,home,Caesars,-170
2026-09-02T19:22:14+00:00,29f81160baf6a97d6391d7172fad2425,2026-09-05,Brentford,Sunderland,1x2,home,DraftKings,-165
2026-09-02T19:22:14+00:00,29f81160baf6a97d6391d7172fad2425,2026-09-05,Brentford,Sunderland,1x2,home,FanDuel,-175
2026-09-02T19:22:14+00:00,29f81160baf6a97d6391d7172fad2425,2026-09-05,Brentford,Sunderland,1x2,home,Fanatics,-170
2026-09-02T19:22:14+00:00,29f81160baf6a97d6391d7172fad2425,2026-09-05,Brentford,Sunderland,1x2,home,LowVig.ag,-156
2026-09-02T19:22:14+00:00,29f81160baf6a97d6391d7172fad2425,2026-09-05,Brentford,Sunderland,1x2,home,MyBookie.ag,-176
2026-09-02T19:22:14+00:00,29f81160baf6a97d6391d7172fad2425,2026-09-05,Brentford,Sunderland,btts,no,BetMGM,-112
2026-09-02T19:22:14+00:00,29f81160baf6a97d6391d7172fad2425,2026-09-05,Brentford,Sunderland,btts,no,BetOnline.ag,-110
2026-09-02T19:22:14+00:00,29f81160baf6a97d6391d7172fad2425,2026-09-05,Brentford,Sunderland,btts,no,BetRivers,-112
2026-09-02T19:22:14+00:00,29f81160baf6a97d6391d7172fad2425,2026-09-05,Brentford,Sunderland,btts,no,Bovada,-108
2026-09-02T19:22:14+00:00,29f81160baf6a97d6391d7172fad2425,2026-09-05,Brentford,Sunderland,btts,no,Caesars,-112
2026-09-02T19:22:14+00:00,29f81160baf6a97d6391d7172fad2425,2026-09-05,Brentford,Sunderland,btts,no,DraftKings,-105
2026-09-02T19:22:14+00:00,29f81160baf6a97d6391d7172fad2425,2026-09-05,Brentford,Sunderland,btts,no,FanDuel,-102
2026-09-02T19:22:14+00:00,29f81160baf6a97d6391d7172fad2425,2026-09-05,Brentford,Sunderland,btts,no,Fanatics,-115
2026-09-02T19:22:14+00:00,29f81160baf6a97d6391d7172fad2425,2026-09-05,Brentford,Sunderland,btts,no,MyBookie.ag,-116
2026-09-02T19:22:14+00:00,29f81160baf6a97d6391d7172fad2425,2026-09-05,Brentford,Sunderland,btts,yes,BetMGM,-125
2026-09-02T19:22:14+00:00,29f81160baf6a97d6391d7172fad2425,2026-09-05,Brentford,Sunderland,btts,yes,BetOnline.ag,-118
2026-09-02T19:22:14+00:00,29f81160baf6a97d6391d7172fad2425,2026-09-05,Brentford,Sunderland,btts,yes,BetRivers,-122
2026-09-02T19:22:14+00:00,29f81160baf6a97d6391d7172fad2425,2026-09-05,Brentford,Sunderland,btts,yes,Bovada,-122
2026-09-02T19:22:14+00:00,29f81160baf6a97d6391d7172fad2425,2026-09-05,Brentford,Sunderland,btts,yes,Caesars,-115
2026-09-02T19:22:14+00:00,29f81160baf6a97d6391d7172fad2425,2026-09-05,Brentford,Sunderland,btts,yes,DraftKings,-125
2026-09-02T19:22:14+00:00,29f81160baf6a97d6391d7172fad2425,2026-09-05,Brentford,Sunderland,btts,yes,FanDuel,-124
2026-09-02T19:22:14+00:00,29f81160baf6a97d6391d7172fad2425,2026-09-05,Brentford,Sunderland,btts,yes,Fanatics,-115
2026-09-02T19:22:14+00:00,29f81160baf6a97d6391d7172fad2425,2026-09-05,Brentford,Sunderland,btts,yes,MyBookie.ag,-119
2026-09-02T19:22:14+00:00,29f81160baf6a97d6391d7172fad2425,2026-09-05,Brentford,Sunderland,corners_1x2,away,BetMGM,210
2026-09-02T19:22:14+00:00,29f81160baf6a97d6391d7172fad2425,2026-09-05,Brentford,Sunderland,corners_1x2,away,BetRivers,250
2026-09-02T19:22:14+00:00,29f81160baf6a97d6391d7172fad2425,2026-09-05,Brentford,Sunderland,corners_1x2,away,Bovada,210
2026-09-02T19:22:14+00:00,29f81160baf6a97d6391d7172fad2425,2026-09-05,Brentford,Sunderland,corners_1x2,away,DraftKings,240
2026-09-02T19:22:14+00:00,29f81160baf6a97d6391d7172fad2425,2026-09-05,Brentford,Sunderland,corners_1x2,draw,BetMGM,700
2026-09-02T19:22:14+00:00,29f81160baf6a97d6391d7172fad2425,2026-09-05,Brentford,Sunderland,corners_1x2,draw,BetRivers,700
2026-09-02T19:22:14+00:00,29f81160baf6a97d6391d7172fad2425,2026-09-05,Brentford,Sunderland,corners_1x2,draw,Bovada,700
2026-09-02T19:22:14+00:00,29f81160baf6a97d6391d7172fad2425,2026-09-05,Brentford,Sunderland,corners_1x2,draw,DraftKings,700
2026-09-02T19:22:14+00:00,29f81160baf6a97d6391d7172fad2425,2026-09-05,Brentford,Sunderland,corners_1x2,home,BetMGM,-210
2026-09-02T19:22:14+00:00,29f81160baf6a97d6391d7172fad2425,2026-09-05,Brentford,Sunderland,corners_1x2,home,BetRivers,-275
2026-09-02T19:22:14+00:00,29f81160baf6a97d6391d7172fad2425,2026-09-05,Brentford,Sunderland,corners_1x2,home,Bovada,-205
2026-09-02T19:22:14+00:00,29f81160baf6a97d6391d7172fad2425,2026-09-05,Brentford,Sunderland,corners_1x2,home,DraftKings,-205
2026-09-02T19:22:14+00:00,29f81160baf6a97d6391d7172fad2425,2026-09-05,Brentford,Sunderland,corners_total_10_5,over,BetMGM,120
2026-09-02T19:22:14+00:00,29f81160baf6a97d6391d7172fad2425,2026-09-05,Brentford,Sunderland,corners_total_10_5,over,BetRivers,100
2026-09-02T19:22:14+00:00,29f81160baf6a97d6391d7172fad2425,2026-09-05,Brentford,Sunderland,corners_total_10_5,over,Bovada,120
2026-09-02T19:22:14+00:00,29f81160baf6a97d6391d7172fad2425,2026-09-05,Brentford,Sunderland,corners_total_10_5,over,DraftKings,120
2026-09-02T19:22:14+00:00,29f81160baf6a97d6391d7172fad2425,2026-09-05,Brentford,Sunderland,corners_total_10_5,under,BetMGM,-175
2026-09-02T19:22:14+00:00,29f81160baf6a97d6391d7172fad2425,2026-09-05,Brentford,Sunderland,corners_total_10_5,under,BetRivers,-143
2026-09-02T19:22:14+00:00,29f81160baf6a97d6391d7172fad2425,2026-09-05,Brentford,Sunderland,corners_total_10_5,under,Bovada,-160
2026-09-02T19:22:14+00:00,29f81160baf6a97d6391d7172fad2425,2026-09-05,Brentford,Sunderland,corners_total_10_5,under,DraftKings,-165
2026-09-02T19:22:14+00:00,29f81160baf6a97d6391d7172fad2425,2026-09-05,Brentford,Sunderland,corners_total_9_5,over,BetMGM,-135
2026-09-02T19:22:14+00:00,29f81160baf6a97d6391d7172fad2425,2026-09-05,Brentford,Sunderland,corners_total_9_5,over,BetRivers,-162
2026-09-02T19:22:14+00:00,29f81160baf6a97d6391d7172fad2425,2026-09-05,Brentford,Sunderland,corners_total_9_5,over,Bovada,-132
2026-09-02T19:22:14+00:00,29f81160baf6a97d6391d7172fad2425,2026-09-05,Brentford,Sunderland,corners_total_9_5,over,Caesars,-134
2026-09-02T19:22:14+00:00,29f81160baf6a97d6391d7172fad2425,2026-09-05,Brentford,Sunderland,corners_total_9_5,over,DraftKings,-135
2026-09-02T19:22:14+00:00,29f81160baf6a97d6391d7172fad2425,2026-09-05,Brentford,Sunderland,corners_total_9_5,over,MyBookie.ag,-138
2026-09-02T19:22:14+00:00,29f81160baf6a97d6391d7172fad2425,2026-09-05,Brentford,Sunderland,corners_total_9_5,under,BetMGM,-105
2026-09-02T19:22:14+00:00,29f81160baf6a97d6391d7172fad2425,2026-09-05,Brentford,Sunderland,corners_total_9_5,under,BetRivers,110
2026-09-02T19:22:14+00:00,29f81160baf6a97d6391d7172fad2425,2026-09-05,Brentford,Sunderland,corners_total_9_5,under,Bovada,102
2026-09-02T19:22:14+00:00,29f81160baf6a97d6391d7172fad2425,2026-09-05,Brentford,Sunderland,corners_total_9_5,under,Caesars,105
2026-09-02T19:22:14+00:00,29f81160baf6a97d6391d7172fad2425,2026-09-05,Brentford,Sunderland,corners_total_9_5,under,DraftKings,100
2026-09-02T19:22:14+00:00,29f81160baf6a97d6391d7172fad2425,2026-09-05,Brentford,Sunderland,corners_total_9_5,under,MyBookie.ag,100
2026-09-02T19:22:14+00:00,29f81160baf6a97d6391d7172fad2425,2026-09-05,Brentford,Sunderland,double_chance,draw_or_away,BetOnline.ag,128
2026-09-02T19:22:14+00:00,29f81160baf6a97d6391d7172fad2425,2026-09-05,Brentford,Sunderland,double_chance,draw_or_away,BetRivers,140
2026-09-02T19:22:14+00:00,29f81160baf6a97d6391d7172fad2425,2026-09-05,Brentford,Sunderland,double_chance,draw_or_away,Bovada,130
2026-09-02T19:22:14+00:00,29f81160baf6a97d6391d7172fad2425,2026-09-05,Brentford,Sunderland,double_chance,draw_or_away,DraftKings,130
2026-09-02T19:22:14+00:00,29f81160baf6a97d6391d7172fad2425,2026-09-05,Brentford,Sunderland,double_chance,draw_or_away,FanDuel,130
2026-09-02T19:22:14+00:00,29f81160baf6a97d6391d7172fad2425,2026-09-05,Brentford,Sunderland,double_chance,draw_or_away,Fanatics,135
2026-09-02T19:22:14+00:00,29f81160baf6a97d6391d7172fad2425,2026-09-05,Brentford,Sunderland,double_chance,draw_or_away,MyBookie.ag,-107
2026-09-02T19:22:14+00:00,29f81160baf6a97d6391d7172fad2425,2026-09-05,Brentford,Sunderland,double_chance,home_or_away,BetOnline.ag,-417
2026-09-02T19:22:14+00:00,29f81160baf6a97d6391d7172fad2425,2026-09-05,Brentford,Sunderland,double_chance,home_or_away,BetRivers,-435
2026-09-02T19:22:14+00:00,29f81160baf6a97d6391d7172fad2425,2026-09-05,Brentford,Sunderland,double_chance,home_or_away,Bovada,-420
2026-09-02T19:22:14+00:00,29f81160baf6a97d6391d7172fad2425,2026-09-05,Brentford,Sunderland,double_chance,home_or_away,DraftKings,-425
2026-09-02T19:22:14+00:00,29f81160baf6a97d6391d7172fad2425,2026-09-05,Brentford,Sunderland,double_chance,home_or_away,FanDuel,-390
2026-09-02T19:22:14+00:00,29f81160baf6a97d6391d7172fad2425,2026-09-05,Brentford,Sunderland,double_chance,home_or_away,Fanatics,-400
2026-09-02T19:22:14+00:00,29f81160baf6a97d6391d7172fad2425,2026-09-05,Brentford,Sunderland,double_chance,home_or_away,MyBookie.ag,-549
2026-09-02T19:22:14+00:00,29f81160baf6a97d6391d7172fad2425,2026-09-05,Brentford,Sunderland,double_chance,home_or_draw,BetOnline.ag,-714
2026-09-02T19:22:14+00:00,29f81160baf6a97d6391d7172fad2425,2026-09-05,Brentford,Sunderland,double_chance,home_or_draw,BetRivers,-835
2026-09-02T19:22:14+00:00,29f81160baf6a97d6391d7172fad2425,2026-09-05,Brentford,Sunderland,double_chance,home_or_draw,Bovada,-725
2026-09-02T19:22:14+00:00,29f81160baf6a97d6391d7172fad2425,2026-09-05,Brentford,Sunderland,double_chance,home_or_draw,DraftKings,-650
2026-09-02T19:22:14+00:00,29f81160baf6a97d6391d7172fad2425,2026-09-05,Brentford,Sunderland,double_chance,home_or_draw,FanDuel,-700
2026-09-02T19:22:14+00:00,29f81160baf6a97d6391d7172fad2425,2026-09-05,Brentford,Sunderland,double_chance,home_or_draw,Fanatics,-630
2026-09-02T19:22:14+00:00,29f81160baf6a97d6391d7172fad2425,2026-09-05,Brentford,Sunderland,double_chance,home_or_draw,MyBookie.ag,-800
2026-09-02T19:22:14+00:00,29f81160baf6a97d6391d7172fad2425,2026-09-05,Brentford,Sunderland,draw_no_bet,away,BetMGM,290
2026-09-02T19:22:14+00:00,29f81160baf6a97d6391d7172fad2425,2026-09-05,Brentford,Sunderland,draw_no_bet,away,BetOnline.ag,300
2026-09-02T19:22:14+00:00,29f81160baf6a97d6391d7172fad2425,2026-09-05,Brentford,Sunderland,draw_no_bet,away,BetRivers,310
2026-09-02T19:22:14+00:00,29f81160baf6a97d6391d7172fad2425,2026-09-05,Brentford,Sunderland,draw_no_bet,away,Bovada,325
2026-09-02T19:22:14+00:00,29f81160baf6a97d6391d7172fad2425,2026-09-05,Brentford,Sunderland,draw_no_bet,away,Caesars,275
2026-09-02T19:22:14+00:00,29f81160baf6a97d6391d7172fad2425,2026-09-05,Brentford,Sunderland,draw_no_bet,away,DraftKings,320
2026-09-02T19:22:14+00:00,29f81160baf6a97d6391d7172fad2425,2026-09-05,Brentford,Sunderland,draw_no_bet,away,FanDuel,360
2026-09-02T19:22:14+00:00,29f81160baf6a97d6391d7172fad2425,2026-09-05,Brentford,Sunderland,draw_no_bet,away,Fanatics,310
2026-09-02T19:22:14+00:00,29f81160baf6a97d6391d7172fad2425,2026-09-05,Brentford,Sunderland,draw_no_bet,away,MyBookie.ag,300
2026-09-02T19:22:14+00:00,29f81160baf6a97d6391d7172fad2425,2026-09-05,Brentford,Sunderland,draw_no_bet,home,BetMGM,-450
2026-09-02T19:22:14+00:00,29f81160baf6a97d6391d7172fad2425,2026-09-05,Brentford,Sunderland,draw_no_bet,home,BetOnline.ag,-435
2026-09-02T19:22:14+00:00,29f81160baf6a97d6391d7172fad2425,2026-09-05,Brentford,Sunderland,draw_no_bet,home,BetRivers,-560
2026-09-02T19:22:14+00:00,29f81160baf6a97d6391d7172fad2425,2026-09-05,Brentford,Sunderland,draw_no_bet,home,Bovada,-435
2026-09-02T19:22:14+00:00,29f81160baf6a97d6391d7172fad2425,2026-09-05,Brentford,Sunderland,draw_no_bet,home,Caesars,-380
2026-09-02T19:22:14+00:00,29f81160baf6a97d6391d7172fad2425,2026-09-05,Brentford,Sunderland,draw_no_bet,home,DraftKings,-450
2026-09-02T19:22:14+00:00,29f81160baf6a97d6391d7172fad2425,2026-09-05,Brentford,Sunderland,draw_no_bet,home,FanDuel,-460
2026-09-02T19:22:14+00:00,29f81160baf6a97d6391d7172fad2425,2026-09-05,Brentford,Sunderland,draw_no_bet,home,Fanatics,-450
2026-09-02T19:22:14+00:00,29f81160baf6a97d6391d7172fad2425,2026-09-05,Brentford,Sunderland,draw_no_bet,home,MyBookie.ag,-429
2026-09-02T19:22:14+00:00,29f81160baf6a97d6391d7172fad2425,2026-09-05,Brentford,Sunderland,total_2_5,over,BetMGM,-130
2026-09-02T19:22:14+00:00,29f81160baf6a97d6391d7172fad2425,2026-09-05,Brentford,Sunderland,total_2_5,over,BetOnline.ag,-119
2026-09-02T19:22:14+00:00,29f81160baf6a97d6391d7172fad2425,2026-09-05,Brentford,Sunderland,total_2_5,over,BetRivers,-129
2026-09-02T19:22:14+00:00,29f81160baf6a97d6391d7172fad2425,2026-09-05,Brentford,Sunderland,total_2_5,over,BetUS,-125
2026-09-02T19:22:14+00:00,29f81160baf6a97d6391d7172fad2425,2026-09-05,Brentford,Sunderland,total_2_5,over,Bovada,-122
2026-09-02T19:22:14+00:00,29f81160baf6a97d6391d7172fad2425,2026-09-05,Brentford,Sunderland,total_2_5,over,Caesars,-125
2026-09-02T19:22:14+00:00,29f81160baf6a97d6391d7172fad2425,2026-09-05,Brentford,Sunderland,total_2_5,over,DraftKings,-125
2026-09-02T19:22:14+00:00,29f81160baf6a97d6391d7172fad2425,2026-09-05,Brentford,Sunderland,total_2_5,over,FanDuel,-120
2026-09-02T19:22:14+00:00,29f81160baf6a97d6391d7172fad2425,2026-09-05,Brentford,Sunderland,total_2_5,over,Fanatics,-120
2026-09-02T19:22:14+00:00,29f81160baf6a97d6391d7172fad2425,2026-09-05,Brentford,Sunderland,total_2_5,over,LowVig.ag,-119
2026-09-02T19:22:14+00:00,29f81160baf6a97d6391d7172fad2425,2026-09-05,Brentford,Sunderland,total_2_5,over,MyBookie.ag,-130
2026-09-02T19:22:14+00:00,29f81160baf6a97d6391d7172fad2425,2026-09-05,Brentford,Sunderland,total_2_5,under,BetMGM,-108
2026-09-02T19:22:14+00:00,29f81160baf6a97d6391d7172fad2425,2026-09-05,Brentford,Sunderland,total_2_5,under,BetOnline.ag,-102
2026-09-02T19:22:14+00:00,29f81160baf6a97d6391d7172fad2425,2026-09-05,Brentford,Sunderland,total_2_5,under,BetRivers,102
2026-09-02T19:22:14+00:00,29f81160baf6a97d6391d7172fad2425,2026-09-05,Brentford,Sunderland,total_2_5,under,BetUS,105
2026-09-02T19:22:14+00:00,29f81160baf6a97d6391d7172fad2425,2026-09-05,Brentford,Sunderland,total_2_5,under,Bovada,102
2026-09-02T19:22:14+00:00,29f81160baf6a97d6391d7172fad2425,2026-09-05,Brentford,Sunderland,total_2_5,under,Caesars,-102
2026-09-02T19:22:14+00:00,29f81160baf6a97d6391d7172fad2425,2026-09-05,Brentford,Sunderland,total_2_5,under,DraftKings,100
2026-09-02T19:22:14+00:00,29f81160baf6a97d6391d7172fad2425,2026-09-05,Brentford,Sunderland,total_2_5,under,FanDuel,-102
2026-09-02T19:22:14+00:00,29f81160baf6a97d6391d7172fad2425,2026-09-05,Brentford,Sunderland,total_2_5,under,Fanatics,-110
2026-09-02T19:22:14+00:00,29f81160baf6a97d6391d7172fad2425,2026-09-05,Brentford,Sunderland,total_2_5,under,LowVig.ag,-102
2026-09-02T19:22:14+00:00,29f81160baf6a97d6391d7172fad2425,2026-09-05,Brentford,Sunderland,total_2_5,under,MyBookie.ag,-106
2026-09-02T19:22:14+00:00,3b81531990da7ea3e461c43e8827672b,2026-09-05,Brighton,Leeds,1x2,away,BetMGM,270
2026-09-02T19:22:14+00:00,3b81531990da7ea3e461c43e8827672b,2026-09-05,Brighton,Leeds,1x2,away,BetOnline.ag,302
2026-09-02T19:22:14+00:00,3b81531990da7ea3e461c43e8827672b,2026-09-05,Brighton,Leeds,1x2,away,BetRivers,310
2026-09-02T19:22:14+00:00,3b81531990da7ea3e461c43e8827672b,2026-09-05,Brighton,Leeds,1x2,away,BetUS,302
2026-09-02T19:22:14+00:00,3b81531990da7ea3e461c43e8827672b,2026-09-05,Brighton,Leeds,1x2,away,Bovada,300
2026-09-02T19:22:14+00:00,3b81531990da7ea3e461c43e8827672b,2026-09-05,Brighton,Leeds,1x2,away,Caesars,290
2026-09-02T19:22:14+00:00,3b81531990da7ea3e461c43e8827672b,2026-09-05,Brighton,Leeds,1x2,away,DraftKings,295
2026-09-02T19:22:14+00:00,3b81531990da7ea3e461c43e8827672b,2026-09-05,Brighton,Leeds,1x2,away,FanDuel,300
2026-09-02T19:22:14+00:00,3b81531990da7ea3e461c43e8827672b,2026-09-05,Brighton,Leeds,1x2,away,Fanatics,300
2026-09-02T19:22:14+00:00,3b81531990da7ea3e461c43e8827672b,2026-09-05,Brighton,Leeds,1x2,away,LowVig.ag,302
2026-09-02T19:22:14+00:00,3b81531990da7ea3e461c43e8827672b,2026-09-05,Brighton,Leeds,1x2,away,MyBookie.ag,280
2026-09-02T19:22:14+00:00,3b81531990da7ea3e461c43e8827672b,2026-09-05,Brighton,Leeds,1x2,draw,BetMGM,230
2026-09-02T19:22:14+00:00,3b81531990da7ea3e461c43e8827672b,2026-09-05,Brighton,Leeds,1x2,draw,BetOnline.ag,275
2026-09-02T19:22:14+00:00,3b81531990da7ea3e461c43e8827672b,2026-09-05,Brighton,Leeds,1x2,draw,BetRivers,250
2026-09-02T19:22:14+00:00,3b81531990da7ea3e461c43e8827672b,2026-09-05,Brighton,Leeds,1x2,draw,BetUS,275
2026-09-02T19:22:14+00:00,3b81531990da7ea3e461c43e8827672b,2026-09-05,Brighton,Leeds,1x2,draw,Bovada,265
2026-09-02T19:22:14+00:00,3b81531990da7ea3e461c43e8827672b,2026-09-05,Brighton,Leeds,1x2,draw,Caesars,255
2026-09-02T19:22:14+00:00,3b81531990da7ea3e461c43e8827672b,2026-09-05,Brighton,Leeds,1x2,draw,DraftKings,270
2026-09-02T19:22:14+00:00,3b81531990da7ea3e461c43e8827672b,2026-09-05,Brighton,Leeds,1x2,draw,FanDuel,260
2026-09-02T19:22:14+00:00,3b81531990da7ea3e461c43e8827672b,2026-09-05,Brighton,Leeds,1x2,draw,Fanatics,250
2026-09-02T19:22:14+00:00,3b81531990da7ea3e461c43e8827672b,2026-09-05,Brighton,Leeds,1x2,draw,LowVig.ag,275
2026-09-02T19:22:14+00:00,3b81531990da7ea3e461c43e8827672b,2026-09-05,Brighton,Leeds,1x2,draw,MyBookie.ag,248
2026-09-02T19:22:14+00:00,3b81531990da7ea3e461c43e8827672b,2026-09-05,Brighton,Leeds,1x2,home,BetMGM,-120
2026-09-02T19:22:14+00:00,3b81531990da7ea3e461c43e8827672b,2026-09-05,Brighton,Leeds,1x2,home,BetOnline.ag,-108
2026-09-02T19:22:14+00:00,3b81531990da7ea3e461c43e8827672b,2026-09-05,Brighton,Leeds,1x2,home,BetRivers,-109
2026-09-02T19:22:14+00:00,3b81531990da7ea3e461c43e8827672b,2026-09-05,Brighton,Leeds,1x2,home,BetUS,-108
2026-09-02T19:22:14+00:00,3b81531990da7ea3e461c43e8827672b,2026-09-05,Brighton,Leeds,1x2,home,Bovada,-110
2026-09-02T19:22:14+00:00,3b81531990da7ea3e461c43e8827672b,2026-09-05,Brighton,Leeds,1x2,home,Caesars,-110
2026-09-02T19:22:14+00:00,3b81531990da7ea3e461c43e8827672b,2026-09-05,Brighton,Leeds,1x2,home,DraftKings,-110
2026-09-02T19:22:14+00:00,3b81531990da7ea3e461c43e8827672b,2026-09-05,Brighton,Leeds,1x2,home,FanDuel,-120
2026-09-02T19:22:14+00:00,3b81531990da7ea3e461c43e8827672b,2026-09-05,Brighton,Leeds,1x2,home,Fanatics,-110
2026-09-02T19:22:14+00:00,3b81531990da7ea3e461c43e8827672b,2026-09-05,Brighton,Leeds,1x2,home,LowVig.ag,-108
2026-09-02T19:22:14+00:00,3b81531990da7ea3e461c43e8827672b,2026-09-05,Brighton,Leeds,1x2,home,MyBookie.ag,-112
2026-09-02T19:22:14+00:00,3b81531990da7ea3e461c43e8827672b,2026-09-05,Brighton,Leeds,btts,no,BetMGM,105
2026-09-02T19:22:14+00:00,3b81531990da7ea3e461c43e8827672b,2026-09-05,Brighton,Leeds,btts,no,BetOnline.ag,104
2026-09-02T19:22:14+00:00,3b81531990da7ea3e461c43e8827672b,2026-09-05,Brighton,Leeds,btts,no,BetRivers,100
2026-09-02T19:22:14+00:00,3b81531990da7ea3e461c43e8827672b,2026-09-05,Brighton,Leeds,btts,no,Bovada,110
2026-09-02T19:22:14+00:00,3b81531990da7ea3e461c43e8827672b,2026-09-05,Brighton,Leeds,btts,no,Caesars,103
2026-09-02T19:22:14+00:00,3b81531990da7ea3e461c43e8827672b,2026-09-05,Brighton,Leeds,btts,no,DraftKings,110
2026-09-02T19:22:14+00:00,3b81531990da7ea3e461c43e8827672b,2026-09-05,Brighton,Leeds,btts,no,FanDuel,116
2026-09-02T19:22:14+00:00,3b81531990da7ea3e461c43e8827672b,2026-09-05,Brighton,Leeds,btts,no,Fanatics,105
2026-09-02T19:22:14+00:00,3b81531990da7ea3e461c43e8827672b,2026-09-05,Brighton,Leeds,btts,no,MyBookie.ag,100
2026-09-02T19:22:14+00:00,3b81531990da7ea3e461c43e8827672b,2026-09-05,Brighton,Leeds,btts,yes,BetMGM,-145
2026-09-02T19:22:14+00:00,3b81531990da7ea3e461c43e8827672b,2026-09-05,Brighton,Leeds,btts,yes,BetOnline.ag,-135
2026-09-02T19:22:14+00:00,3b81531990da7ea3e461c43e8827672b,2026-09-05,Brighton,Leeds,btts,yes,BetRivers,-136
2026-09-02T19:22:14+00:00,3b81531990da7ea3e461c43e8827672b,2026-09-05,Brighton,Leeds,btts,yes,Bovada,-145
2026-09-02T19:22:14+00:00,3b81531990da7ea3e461c43e8827672b,2026-09-05,Brighton,Leeds,btts,yes,Caesars,-130
2026-09-02T19:22:14+00:00,3b81531990da7ea3e461c43e8827672b,2026-09-05,Brighton,Leeds,btts,yes,DraftKings,-140
2026-09-02T19:22:14+00:00,3b81531990da7ea3e461c43e8827672b,2026-09-05,Brighton,Leeds,btts,yes,FanDuel,-148
2026-09-02T19:22:14+00:00,3b81531990da7ea3e461c43e8827672b,2026-09-05,Brighton,Leeds,btts,yes,Fanatics,-140
2026-09-02T19:22:14+00:00,3b81531990da7ea3e461c43e8827672b,2026-09-05,Brighton,Leeds,btts,yes,MyBookie.ag,-138
2026-09-02T19:22:14+00:00,3b81531990da7ea3e461c43e8827672b,2026-09-05,Brighton,Leeds,corners_1x2,away,BetMGM,300
2026-09-02T19:22:14+00:00,3b81531990da7ea3e461c43e8827672b,2026-09-05,Brighton,Leeds,corners_1x2,away,BetRivers,245
2026-09-02T19:22:14+00:00,3b81531990da7ea3e461c43e8827672b,2026-09-05,Brighton,Leeds,corners_1x2,away,Bovada,300
2026-09-02T19:22:14+00:00,3b81531990da7ea3e461c43e8827672b,2026-09-05,Brighton,Leeds,corners_1x2,away,DraftKings,425
2026-09-02T19:22:14+00:00,3b81531990da7ea3e461c43e8827672b,2026-09-05,Brighton,Leeds,corners_1x2,away,FanDuel,350
2026-09-02T19:22:14+00:00,3b81531990da7ea3e461c43e8827672b,2026-09-05,Brighton,Leeds,corners_1x2,draw,BetMGM,775
2026-09-02T19:22:14+00:00,3b81531990da7ea3e461c43e8827672b,2026-09-05,Brighton,Leeds,corners_1x2,draw,BetRivers,700
2026-09-02T19:22:14+00:00,3b81531990da7ea3e461c43e8827672b,2026-09-05,Brighton,Leeds,corners_1x2,draw,Bovada,775
2026-09-02T19:22:14+00:00,3b81531990da7ea3e461c43e8827672b,2026-09-05,Brighton,Leeds,corners_1x2,draw,DraftKings,850
2026-09-02T19:22:14+00:00,3b81531990da7ea3e461c43e8827672b,2026-09-05,Brighton,Leeds,corners_1x2,draw,FanDuel,800
2026-09-02T19:22:14+00:00,3b81531990da7ea3e461c43e8827672b,2026-09-05,Brighton,Leeds,corners_1x2,home,BetMGM,-295
2026-09-02T19:22:14+00:00,3b81531990da7ea3e461c43e8827672b,2026-09-05,Brighton,Leeds,corners_1x2,home,BetRivers,-265
2026-09-02T19:22:14+00:00,3b81531990da7ea3e461c43e8827672b,2026-09-05,Brighton,Leeds,corners_1x2,home,Bovada,-290
2026-09-02T19:22:14+00:00,3b81531990da7ea3e461c43e8827672b,2026-09-05,Brighton,Leeds,corners_1x2,home,DraftKings,-360
2026-09-02T19:22:14+00:00,3b81531990da7ea3e461c43e8827672b,2026-09-05,Brighton,Leeds,corners_1x2,home,FanDuel,-320
2026-09-02T19:22:14+00:00,3b81531990da7ea3e461c43e8827672b,2026-09-05,Brighton,Leeds,corners_total_10_5,over,BetMGM,110
2026-09-02T19:22:14+00:00,3b81531990da7ea3e461c43e8827672b,2026-09-05,Brighton,Leeds,corners_total_10_5,over,BetRivers,123
2026-09-02T19:22:14+00:00,3b81531990da7ea3e461c43e8827672b,2026-09-05,Brighton,Leeds,corners_total_10_5,over,Bovada,113
2026-09-02T19:22:14+00:00,3b81531990da7ea3e461c43e8827672b,2026-09-05,Brighton,Leeds,corners_total_10_5,over,DraftKings,115
2026-09-02T19:22:14+00:00,3b81531990da7ea3e461c43e8827672b,2026-09-05,Brighton,Leeds,corners_total_10_5,over,FanDuel,102
2026-09-02T19:22:14+00:00,3b81531990da7ea3e461c43e8827672b,2026-09-05,Brighton,Leeds,corners_total_10_5,under,BetMGM,-155
2026-09-02T19:22:14+00:00,3b81531990da7ea3e461c43e8827672b,2026-09-05,Brighton,Leeds,corners_total_10_5,under,BetRivers,-180
2026-09-02T19:22:14+00:00,3b81531990da7ea3e461c43e8827672b,2026-09-05,Brighton,Leeds,corners_total_10_5,under,Bovada,-148
2026-09-02T19:22:14+00:00,3b81531990da7ea3e461c43e8827672b,2026-09-05,Brighton,Leeds,corners_total_10_5,under,DraftKings,-155
2026-09-02T19:22:14+00:00,3b81531990da7ea3e461c43e8827672b,2026-09-05,Brighton,Leeds,corners_total_10_5,under,FanDuel,-136
2026-09-02T19:22:14+00:00,3b81531990da7ea3e461c43e8827672b,2026-09-05,Brighton,Leeds,corners_total_9_5,over,BetMGM,-150
2026-09-02T19:22:14+00:00,3b81531990da7ea3e461c43e8827672b,2026-09-05,Brighton,Leeds,corners_total_9_5,over,BetRivers,-132
2026-09-02T19:22:14+00:00,3b81531990da7ea3e461c43e8827672b,2026-09-05,Brighton,Leeds,corners_total_9_5,over,Bovada,-140
2026-09-02T19:22:14+00:00,3b81531990da7ea3e461c43e8827672b,2026-09-05,Brighton,Leeds,corners_total_9_5,over,Caesars,-137
2026-09-02T19:22:14+00:00,3b81531990da7ea3e461c43e8827672b,2026-09-05,Brighton,Leeds,corners_total_9_5,over,DraftKings,-145
2026-09-02T19:22:14+00:00,3b81531990da7ea3e461c43e8827672b,2026-09-05,Brighton,Leeds,corners_total_9_5,over,FanDuel,-168
2026-09-02T19:22:14+00:00,3b81531990da7ea3e461c43e8827672b,2026-09-05,Brighton,Leeds,corners_total_9_5,over,MyBookie.ag,-138
2026-09-02T19:22:14+00:00,3b81531990da7ea3e461c43e8827672b,2026-09-05,Brighton,Leeds,corners_total_9_5,under,BetMGM,105
2026-09-02T19:22:14+00:00,3b81531990da7ea3e461c43e8827672b,2026-09-05,Brighton,Leeds,corners_total_9_5,under,BetRivers,-112
2026-09-02T19:22:14+00:00,3b81531990da7ea3e461c43e8827672b,2026-09-05,Brighton,Leeds,corners_total_9_5,under,Bovada,108
2026-09-02T19:22:14+00:00,3b81531990da7ea3e461c43e8827672b,2026-09-05,Brighton,Leeds,corners_total_9_5,under,Caesars,108
2026-09-02T19:22:14+00:00,3b81531990da7ea3e461c43e8827672b,2026-09-05,Brighton,Leeds,corners_total_9_5,under,DraftKings,105
2026-09-02T19:22:14+00:00,3b81531990da7ea3e461c43e8827672b,2026-09-05,Brighton,Leeds,corners_total_9_5,under,FanDuel,126
2026-09-02T19:22:14+00:00,3b81531990da7ea3e461c43e8827672b,2026-09-05,Brighton,Leeds,corners_total_9_5,under,MyBookie.ag,100
2026-09-02T19:22:14+00:00,3b81531990da7ea3e461c43e8827672b,2026-09-05,Brighton,Leeds,double_chance,draw_or_away,BetOnline.ag,-108
2026-09-02T19:22:14+00:00,3b81531990da7ea3e461c43e8827672b,2026-09-05,Brighton,Leeds,double_chance,draw_or_away,BetRivers,-115
2026-09-02T19:22:14+00:00,3b81531990da7ea3e461c43e8827672b,2026-09-05,Brighton,Leeds,double_chance,draw_or_away,Bovada,-117
2026-09-02T19:22:14+00:00,3b81531990da7ea3e461c43e8827672b,2026-09-05,Brighton,Leeds,double_chance,draw_or_away,DraftKings,-115
2026-09-02T19:22:14+00:00,3b81531990da7ea3e461c43e8827672b,2026-09-05,Brighton,Leeds,double_chance,draw_or_away,FanDuel,-120
2026-09-02T19:22:14+00:00,3b81531990da7ea3e461c43e8827672b,2026-09-05,Brighton,Leeds,double_chance,draw_or_away,Fanatics,-115
2026-09-02T19:22:14+00:00,3b81531990da7ea3e461c43e8827672b,2026-09-05,Brighton,Leeds,double_chance,draw_or_away,MyBookie.ag,-157
2026-09-02T19:22:14+00:00,3b81531990da7ea3e461c43e8827672b,2026-09-05,Brighton,Leeds,double_chance,home_or_away,BetOnline.ag,-345
2026-09-02T19:22:14+00:00,3b81531990da7ea3e461c43e8827672b,2026-09-05,Brighton,Leeds,double_chance,home_or_away,BetRivers,-335
2026-09-02T19:22:14+00:00,3b81531990da7ea3e461c43e8827672b,2026-09-05,Brighton,Leeds,double_chance,home_or_away,Bovada,-360
2026-09-02T19:22:14+00:00,3b81531990da7ea3e461c43e8827672b,2026-09-05,Brighton,Leeds,double_chance,home_or_away,DraftKings,-350
2026-09-02T19:22:14+00:00,3b81531990da7ea3e461c43e8827672b,2026-09-05,Brighton,Leeds,double_chance,home_or_away,FanDuel,-350
2026-09-02T19:22:14+00:00,3b81531990da7ea3e461c43e8827672b,2026-09-05,Brighton,Leeds,double_chance,home_or_away,Fanatics,-350
2026-09-02T19:22:14+00:00,3b81531990da7ea3e461c43e8827672b,2026-09-05,Brighton,Leeds,double_chance,home_or_away,MyBookie.ag,-429
2026-09-02T19:22:14+00:00,3b81531990da7ea3e461c43e8827672b,2026-09-05,Brighton,Leeds,double_chance,home_or_draw,BetOnline.ag,-435
2026-09-02T19:22:14+00:00,3b81531990da7ea3e461c43e8827672b,2026-09-05,Brighton,Leeds,double_chance,home_or_draw,BetRivers,-435
2026-09-02T19:22:14+00:00,3b81531990da7ea3e461c43e8827672b,2026-09-05,Brighton,Leeds,double_chance,home_or_draw,Bovada,-420
2026-09-02T19:22:14+00:00,3b81531990da7ea3e461c43e8827672b,2026-09-05,Brighton,Leeds,double_chance,home_or_draw,DraftKings,-390
2026-09-02T19:22:14+00:00,3b81531990da7ea3e461c43e8827672b,2026-09-05,Brighton,Leeds,double_chance,home_or_draw,FanDuel,-425
2026-09-02T19:22:14+00:00,3b81531990da7ea3e461c43e8827672b,2026-09-05,Brighton,Leeds,double_chance,home_or_draw,Fanatics,-400
2026-09-02T19:22:14+00:00,3b81531990da7ea3e461c43e8827672b,2026-09-05,Brighton,Leeds,double_chance,home_or_draw,MyBookie.ag,-490
2026-09-02T19:22:14+00:00,3b81531990da7ea3e461c43e8827672b,2026-09-05,Brighton,Leeds,draw_no_bet,away,BetMGM,180
2026-09-02T19:22:14+00:00,3b81531990da7ea3e461c43e8827672b,2026-09-05,Brighton,Leeds,draw_no_bet,away,BetOnline.ag,195
2026-09-02T19:22:14+00:00,3b81531990da7ea3e461c43e8827672b,2026-09-05,Brighton,Leeds,draw_no_bet,away,BetRivers,180
2026-09-02T19:22:14+00:00,3b81531990da7ea3e461c43e8827672b,2026-09-05,Brighton,Leeds,draw_no_bet,away,Bovada,193
2026-09-02T19:22:14+00:00,3b81531990da7ea3e461c43e8827672b,2026-09-05,Brighton,Leeds,draw_no_bet,away,Caesars,170
2026-09-02T19:22:14+00:00,3b81531990da7ea3e461c43e8827672b,2026-09-05,Brighton,Leeds,draw_no_bet,away,DraftKings,185
2026-09-02T19:22:14+00:00,3b81531990da7ea3e461c43e8827672b,2026-09-05,Brighton,Leeds,draw_no_bet,away,FanDuel,200
2026-09-02T19:22:14+00:00,3b81531990da7ea3e461c43e8827672b,2026-09-05,Brighton,Leeds,draw_no_bet,away,Fanatics,190
2026-09-02T19:22:14+00:00,3b81531990da7ea3e461c43e8827672b,2026-09-05,Brighton,Leeds,draw_no_bet,away,MyBookie.ag,180
2026-09-02T19:22:14+00:00,3b81531990da7ea3e461c43e8827672b,2026-09-05,Brighton,Leeds,draw_no_bet,home,BetMGM,-275
2026-09-02T19:22:14+00:00,3b81531990da7ea3e461c43e8827672b,2026-09-05,Brighton,Leeds,draw_no_bet,home,BetOnline.ag,-256
2026-09-02T19:22:14+00:00,3b81531990da7ea3e461c43e8827672b,2026-09-05,Brighton,Leeds,draw_no_bet,home,BetRivers,-275
2026-09-02T19:22:14+00:00,3b81531990da7ea3e461c43e8827672b,2026-09-05,Brighton,Leeds,draw_no_bet,home,Bovada,-240
2026-09-02T19:22:14+00:00,3b81531990da7ea3e461c43e8827672b,2026-09-05,Brighton,Leeds,draw_no_bet,home,Caesars,-235
2026-09-02T19:22:14+00:00,3b81531990da7ea3e461c43e8827672b,2026-09-05,Brighton,Leeds,draw_no_bet,home,DraftKings,-240
2026-09-02T19:22:14+00:00,3b81531990da7ea3e461c43e8827672b,2026-09-05,Brighton,Leeds,draw_no_bet,home,FanDuel,-245
2026-09-02T19:22:14+00:00,3b81531990da7ea3e461c43e8827672b,2026-09-05,Brighton,Leeds,draw_no_bet,home,Fanatics,-260
2026-09-02T19:22:14+00:00,3b81531990da7ea3e461c43e8827672b,2026-09-05,Brighton,Leeds,draw_no_bet,home,MyBookie.ag,-236
2026-09-02T19:22:14+00:00,3b81531990da7ea3e461c43e8827672b,2026-09-05,Brighton,Leeds,total_2_5,over,BetMGM,-125
2026-09-02T19:22:14+00:00,3b81531990da7ea3e461c43e8827672b,2026-09-05,Brighton,Leeds,total_2_5,over,BetOnline.ag,-120
2026-09-02T19:22:14+00:00,3b81531990da7ea3e461c43e8827672b,2026-09-05,Brighton,Leeds,total_2_5,over,BetRivers,-112
2026-09-02T19:22:14+00:00,3b81531990da7ea3e461c43e8827672b,2026-09-05,Brighton,Leeds,total_2_5,over,BetUS,-125
2026-09-02T19:22:14+00:00,3b81531990da7ea3e461c43e8827672b,2026-09-05,Brighton,Leeds,total_2_5,over,Bovada,-118
2026-09-02T19:22:14+00:00,3b81531990da7ea3e461c43e8827672b,2026-09-05,Brighton,Leeds,total_2_5,over,Caesars,-122
2026-09-02T19:22:14+00:00,3b81531990da7ea3e461c43e8827672b,2026-09-05,Brighton,Leeds,total_2_5,over,DraftKings,-115
2026-09-02T19:22:14+00:00,3b81531990da7ea3e461c43e8827672b,2026-09-05,Brighton,Leeds,total_2_5,over,FanDuel,-122
2026-09-02T19:22:14+00:00,3b81531990da7ea3e461c43e8827672b,2026-09-05,Brighton,Leeds,total_2_5,over,Fanatics,-115
2026-09-02T19:22:14+00:00,3b81531990da7ea3e461c43e8827672b,2026-09-05,Brighton,Leeds,total_2_5,over,LowVig.ag,-120
2026-09-02T19:22:14+00:00,3b81531990da7ea3e461c43e8827672b,2026-09-05,Brighton,Leeds,total_2_5,over,MyBookie.ag,-122
2026-09-02T19:22:14+00:00,3b81531990da7ea3e461c43e8827672b,2026-09-05,Brighton,Leeds,total_2_5,under,BetMGM,-110
2026-09-02T19:22:14+00:00,3b81531990da7ea3e461c43e8827672b,2026-09-05,Brighton,Leeds,total_2_5,under,BetOnline.ag,-102
2026-09-02T19:22:14+00:00,3b81531990da7ea3e461c43e8827672b,2026-09-05,Brighton,Leeds,total_2_5,under,BetRivers,-114
2026-09-02T19:22:14+00:00,3b81531990da7ea3e461c43e8827672b,2026-09-05,Brighton,Leeds,total_2_5,under,BetUS,105
2026-09-02T19:22:14+00:00,3b81531990da7ea3e461c43e8827672b,2026-09-05,Brighton,Leeds,total_2_5,under,Bovada,-102
2026-09-02T19:22:14+00:00,3b81531990da7ea3e461c43e8827672b,2026-09-05,Brighton,Leeds,total_2_5,under,Caesars,-106
2026-09-02T19:22:14+00:00,3b81531990da7ea3e461c43e8827672b,2026-09-05,Brighton,Leeds,total_2_5,under,DraftKings,-105
2026-09-02T19:22:14+00:00,3b81531990da7ea3e461c43e8827672b,2026-09-05,Brighton,Leeds,total_2_5,under,FanDuel,100
2026-09-02T19:22:14+00:00,3b81531990da7ea3e461c43e8827672b,2026-09-05,Brighton,Leeds,total_2_5,under,Fanatics,-115
2026-09-02T19:22:14+00:00,3b81531990da7ea3e461c43e8827672b,2026-09-05,Brighton,Leeds,total_2_5,under,LowVig.ag,-102
2026-09-02T19:22:14+00:00,3b81531990da7ea3e461c43e8827672b,2026-09-05,Brighton,Leeds,total_2_5,under,MyBookie.ag,-113
2026-09-02T19:22:14+00:00,3db5f919507eb8ab0c8c72bddaca8f08,2026-09-05,Man City,Coventry,1x2,away,BetMGM,950
2026-09-02T19:22:14+00:00,3db5f919507eb8ab0c8c72bddaca8f08,2026-09-05,Man City,Coventry,1x2,away,BetOnline.ag,1500
2026-09-02T19:22:14+00:00,3db5f919507eb8ab0c8c72bddaca8f08,2026-09-05,Man City,Coventry,1x2,away,BetRivers,1400
2026-09-02T19:22:14+00:00,3db5f919507eb8ab0c8c72bddaca8f08,2026-09-05,Man City,Coventry,1x2,away,BetUS,1500
2026-09-02T19:22:14+00:00,3db5f919507eb8ab0c8c72bddaca8f08,2026-09-05,Man City,Coventry,1x2,away,Bovada,1200
2026-09-02T19:22:14+00:00,3db5f919507eb8ab0c8c72bddaca8f08,2026-09-05,Man City,Coventry,1x2,away,Caesars,1200
2026-09-02T19:22:14+00:00,3db5f919507eb8ab0c8c72bddaca8f08,2026-09-05,Man City,Coventry,1x2,away,DraftKings,1300
2026-09-02T19:22:14+00:00,3db5f919507eb8ab0c8c72bddaca8f08,2026-09-05,Man City,Coventry,1x2,away,FanDuel,1200
2026-09-02T19:22:14+00:00,3db5f919507eb8ab0c8c72bddaca8f08,2026-09-05,Man City,Coventry,1x2,away,Fanatics,1400
2026-09-02T19:22:14+00:00,3db5f919507eb8ab0c8c72bddaca8f08,2026-09-05,Man City,Coventry,1x2,away,LowVig.ag,1500
2026-09-02T19:22:14+00:00,3db5f919507eb8ab0c8c72bddaca8f08,2026-09-05,Man City,Coventry,1x2,away,MyBookie.ag,1025
2026-09-02T19:22:14+00:00,3db5f919507eb8ab0c8c72bddaca8f08,2026-09-05,Man City,Coventry,1x2,draw,BetMGM,550
2026-09-02T19:22:14+00:00,3db5f919507eb8ab0c8c72bddaca8f08,2026-09-05,Man City,Coventry,1x2,draw,BetOnline.ag,700
2026-09-02T19:22:14+00:00,3db5f919507eb8ab0c8c72bddaca8f08,2026-09-05,Man City,Coventry,1x2,draw,BetRivers,650
2026-09-02T19:22:14+00:00,3db5f919507eb8ab0c8c72bddaca8f08,2026-09-05,Man City,Coventry,1x2,draw,BetUS,700
2026-09-02T19:22:14+00:00,3db5f919507eb8ab0c8c72bddaca8f08,2026-09-05,Man City,Coventry,1x2,draw,Bovada,700
2026-09-02T19:22:14+00:00,3db5f919507eb8ab0c8c72bddaca8f08,2026-09-05,Man City,Coventry,1x2,draw,Caesars,650
2026-09-02T19:22:14+00:00,3db5f919507eb8ab0c8c72bddaca8f08,2026-09-05,Man City,Coventry,1x2,draw,DraftKings,700
2026-09-02T19:22:14+00:00,3db5f919507eb8ab0c8c72bddaca8f08,2026-09-05,Man City,Coventry,1x2,draw,FanDuel,700
2026-09-02T19:22:14+00:00,3db5f919507eb8ab0c8c72bddaca8f08,2026-09-05,Man City,Coventry,1x2,draw,Fanatics,700
2026-09-02T19:22:14+00:00,3db5f919507eb8ab0c8c72bddaca8f08,2026-09-05,Man City,Coventry,1x2,draw,LowVig.ag,700
2026-09-02T19:22:14+00:00,3db5f919507eb8ab0c8c72bddaca8f08,2026-09-05,Man City,Coventry,1x2,draw,MyBookie.ag,620
2026-09-02T19:22:14+00:00,3db5f919507eb8ab0c8c72bddaca8f08,2026-09-05,Man City,Coventry,1x2,home,BetMGM,-600
2026-09-02T19:22:14+00:00,3db5f919507eb8ab0c8c72bddaca8f08,2026-09-05,Man City,Coventry,1x2,home,BetOnline.ag,-550
2026-09-02T19:22:14+00:00,3db5f919507eb8ab0c8c72bddaca8f08,2026-09-05,Man City,Coventry,1x2,home,BetRivers,-560
2026-09-02T19:22:14+00:00,3db5f919507eb8ab0c8c72bddaca8f08,2026-09-05,Man City,Coventry,1x2,home,BetUS,-550
2026-09-02T19:22:14+00:00,3db5f919507eb8ab0c8c72bddaca8f08,2026-09-05,Man City,Coventry,1x2,home,Bovada,-575
2026-09-02T19:22:14+00:00,3db5f919507eb8ab0c8c72bddaca8f08,2026-09-05,Man City,Coventry,1x2,home,Caesars,-590
2026-09-02T19:22:14+00:00,3db5f919507eb8ab0c8c72bddaca8f08,2026-09-05,Man City,Coventry,1x2,home,DraftKings,-575
2026-09-02T19:22:14+00:00,3db5f919507eb8ab0c8c72bddaca8f08,2026-09-05,Man City,Coventry,1x2,home,FanDuel,-750
2026-09-02T19:22:14+00:00,3db5f919507eb8ab0c8c72bddaca8f08,2026-09-05,Man City,Coventry,1x2,home,Fanatics,-630
2026-09-02T19:22:14+00:00,3db5f919507eb8ab0c8c72bddaca8f08,2026-09-05,Man City,Coventry,1x2,home,LowVig.ag,-550
2026-09-02T19:22:14+00:00,3db5f919507eb8ab0c8c72bddaca8f08,2026-09-05,Man City,Coventry,1x2,home,MyBookie.ag,-575
2026-09-02T19:22:14+00:00,3db5f919507eb8ab0c8c72bddaca8f08,2026-09-05,Man City,Coventry,btts,no,BetMGM,-125
2026-09-02T19:22:14+00:00,3db5f919507eb8ab0c8c72bddaca8f08,2026-09-05,Man City,Coventry,btts,no,BetOnline.ag,-120
2026-09-02T19:22:14+00:00,3db5f919507eb8ab0c8c72bddaca8f08,2026-09-05,Man City,Coventry,btts,no,BetRivers,-124
2026-09-02T19:22:14+00:00,3db5f919507eb8ab0c8c72bddaca8f08,2026-09-05,Man City,Coventry,btts,no,Bovada,-120
2026-09-02T19:22:14+00:00,3db5f919507eb8ab0c8c72bddaca8f08,2026-09-05,Man City,Coventry,btts,no,Caesars,-115
2026-09-02T19:22:14+00:00,3db5f919507eb8ab0c8c72bddaca8f08,2026-09-05,Man City,Coventry,btts,no,DraftKings,-115
2026-09-02T19:22:14+00:00,3db5f919507eb8ab0c8c72bddaca8f08,2026-09-05,Man City,Coventry,btts,no,FanDuel,-130
2026-09-02T19:22:14+00:00,3db5f919507eb8ab0c8c72bddaca8f08,2026-09-05,Man City,Coventry,btts,no,Fanatics,-120
2026-09-02T19:22:14+00:00,3db5f919507eb8ab0c8c72bddaca8f08,2026-09-05,Man City,Coventry,btts,no,MyBookie.ag,-118
2026-09-02T19:22:14+00:00,3db5f919507eb8ab0c8c72bddaca8f08,2026-09-05,Man City,Coventry,btts,yes,BetMGM,-112
2026-09-02T19:22:14+00:00,3db5f919507eb8ab0c8c72bddaca8f08,2026-09-05,Man City,Coventry,btts,yes,BetOnline.ag,-106
2026-09-02T19:22:14+00:00,3db5f919507eb8ab0c8c72bddaca8f08,2026-09-05,Man City,Coventry,btts,yes,BetRivers,-110
2026-09-02T19:22:14+00:00,3db5f919507eb8ab0c8c72bddaca8f08,2026-09-05,Man City,Coventry,btts,yes,Bovada,-110
2026-09-02T19:22:14+00:00,3db5f919507eb8ab0c8c72bddaca8f08,2026-09-05,Man City,Coventry,btts,yes,Caesars,-112
2026-09-02T19:22:14+00:00,3db5f919507eb8ab0c8c72bddaca8f08,2026-09-05,Man City,Coventry,btts,yes,DraftKings,-110
2026-09-02T19:22:14+00:00,3db5f919507eb8ab0c8c72bddaca8f08,2026-09-05,Man City,Coventry,btts,yes,FanDuel,104
2026-09-02T19:22:14+00:00,3db5f919507eb8ab0c8c72bddaca8f08,2026-09-05,Man City,Coventry,btts,yes,Fanatics,-110
2026-09-02T19:22:14+00:00,3db5f919507eb8ab0c8c72bddaca8f08,2026-09-05,Man City,Coventry,btts,yes,MyBookie.ag,-117
2026-09-02T19:22:14+00:00,3db5f919507eb8ab0c8c72bddaca8f08,2026-09-05,Man City,Coventry,corners_1x2,away,BetMGM,750
2026-09-02T19:22:14+00:00,3db5f919507eb8ab0c8c72bddaca8f08,2026-09-05,Man City,Coventry,corners_1x2,away,BetRivers,700
2026-09-02T19:22:14+00:00,3db5f919507eb8ab0c8c72bddaca8f08,2026-09-05,Man City,Coventry,corners_1x2,away,Bovada,750
2026-09-02T19:22:14+00:00,3db5f919507eb8ab0c8c72bddaca8f08,2026-09-05,Man City,Coventry,corners_1x2,away,DraftKings,1500
2026-09-02T19:22:14+00:00,3db5f919507eb8ab0c8c72bddaca8f08,2026-09-05,Man City,Coventry,corners_1x2,draw,BetMGM,1150
2026-09-02T19:22:14+00:00,3db5f919507eb8ab0c8c72bddaca8f08,2026-09-05,Man City,Coventry,corners_1x2,draw,BetRivers,1050
2026-09-02T19:22:14+00:00,3db5f919507eb8ab0c8c72bddaca8f08,2026-09-05,Man City,Coventry,corners_1x2,draw,Bovada,1200
2026-09-02T19:22:14+00:00,3db5f919507eb8ab0c8c72bddaca8f08,2026-09-05,Man City,Coventry,corners_1x2,draw,DraftKings,1800
2026-09-02T19:22:14+00:00,3db5f919507eb8ab0c8c72bddaca8f08,2026-09-05,Man City,Coventry,corners_1x2,home,BetMGM,-800
2026-09-02T19:22:14+00:00,3db5f919507eb8ab0c8c72bddaca8f08,2026-09-05,Man City,Coventry,corners_1x2,home,BetRivers,-1000
2026-09-02T19:22:14+00:00,3db5f919507eb8ab0c8c72bddaca8f08,2026-09-05,Man City,Coventry,corners_1x2,home,Bovada,-800
2026-09-02T19:22:14+00:00,3db5f919507eb8ab0c8c72bddaca8f08,2026-09-05,Man City,Coventry,corners_1x2,home,DraftKings,-2000
2026-09-02T19:22:14+00:00,3db5f919507eb8ab0c8c72bddaca8f08,2026-09-05,Man City,Coventry,corners_total_10_5,over,BetMGM,-102
2026-09-02T19:22:14+00:00,3db5f919507eb8ab0c8c72bddaca8f08,2026-09-05,Man City,Coventry,corners_total_10_5,over,BetRivers,-108
2026-09-02T19:22:14+00:00,3db5f919507eb8ab0c8c72bddaca8f08,2026-09-05,Man City,Coventry,corners_total_10_5,over,Bovada,-105
2026-09-02T19:22:14+00:00,3db5f919507eb8ab0c8c72bddaca8f08,2026-09-05,Man City,Coventry,corners_total_10_5,over,Caesars,-102
2026-09-02T19:22:14+00:00,3db5f919507eb8ab0c8c72bddaca8f08,2026-09-05,Man City,Coventry,corners_total_10_5,over,DraftKings,-105
2026-09-02T19:22:14+00:00,3db5f919507eb8ab0c8c72bddaca8f08,2026-09-05,Man City,Coventry,corners_total_10_5,over,MyBookie.ag,-110
2026-09-02T19:22:14+00:00,3db5f919507eb8ab0c8c72bddaca8f08,2026-09-05,Man City,Coventry,corners_total_10_5,under,BetMGM,-140
2026-09-02T19:22:14+00:00,3db5f919507eb8ab0c8c72bddaca8f08,2026-09-05,Man City,Coventry,corners_total_10_5,under,BetRivers,-136
2026-09-02T19:22:14+00:00,3db5f919507eb8ab0c8c72bddaca8f08,2026-09-05,Man City,Coventry,corners_total_10_5,under,Bovada,-125
2026-09-02T19:22:14+00:00,3db5f919507eb8ab0c8c72bddaca8f08,2026-09-05,Man City,Coventry,corners_total_10_5,under,Caesars,-125
2026-09-02T19:22:14+00:00,3db5f919507eb8ab0c8c72bddaca8f08,2026-09-05,Man City,Coventry,corners_total_10_5,under,DraftKings,-130
2026-09-02T19:22:14+00:00,3db5f919507eb8ab0c8c72bddaca8f08,2026-09-05,Man City,Coventry,corners_total_10_5,under,MyBookie.ag,-125
2026-09-02T19:22:14+00:00,3db5f919507eb8ab0c8c72bddaca8f08,2026-09-05,Man City,Coventry,corners_total_9_5,over,BetMGM,-165
2026-09-02T19:22:14+00:00,3db5f919507eb8ab0c8c72bddaca8f08,2026-09-05,Man City,Coventry,corners_total_9_5,over,BetRivers,-175
2026-09-02T19:22:14+00:00,3db5f919507eb8ab0c8c72bddaca8f08,2026-09-05,Man City,Coventry,corners_total_9_5,over,Bovada,-172
2026-09-02T19:22:14+00:00,3db5f919507eb8ab0c8c72bddaca8f08,2026-09-05,Man City,Coventry,corners_total_9_5,over,DraftKings,-175
2026-09-02T19:22:14+00:00,3db5f919507eb8ab0c8c72bddaca8f08,2026-09-05,Man City,Coventry,corners_total_9_5,under,BetMGM,115
2026-09-02T19:22:14+00:00,3db5f919507eb8ab0c8c72bddaca8f08,2026-09-05,Man City,Coventry,corners_total_9_5,under,BetRivers,117
2026-09-02T19:22:14+00:00,3db5f919507eb8ab0c8c72bddaca8f08,2026-09-05,Man City,Coventry,corners_total_9_5,under,Bovada,130
2026-09-02T19:22:14+00:00,3db5f919507eb8ab0c8c72bddaca8f08,2026-09-05,Man City,Coventry,corners_total_9_5,under,DraftKings,125
2026-09-02T19:22:14+00:00,3db5f919507eb8ab0c8c72bddaca8f08,2026-09-05,Man City,Coventry,double_chance,draw_or_away,BetOnline.ag,370
2026-09-02T19:22:14+00:00,3db5f919507eb8ab0c8c72bddaca8f08,2026-09-05,Man City,Coventry,double_chance,draw_or_away,BetRivers,380
2026-09-02T19:22:14+00:00,3db5f919507eb8ab0c8c72bddaca8f08,2026-09-05,Man City,Coventry,double_chance,draw_or_away,DraftKings,360
2026-09-02T19:22:14+00:00,3db5f919507eb8ab0c8c72bddaca8f08,2026-09-05,Man City,Coventry,double_chance,draw_or_away,FanDuel,460
2026-09-02T19:22:14+00:00,3db5f919507eb8ab0c8c72bddaca8f08,2026-09-05,Man City,Coventry,double_chance,draw_or_away,Fanatics,400
2026-09-02T19:22:14+00:00,3db5f919507eb8ab0c8c72bddaca8f08,2026-09-05,Man City,Coventry,double_chance,draw_or_away,MyBookie.ag,198
2026-09-02T19:22:14+00:00,3db5f919507eb8ab0c8c72bddaca8f08,2026-09-05,Man City,Coventry,double_chance,home_or_away,BetOnline.ag,-1429
2026-09-02T19:22:14+00:00,3db5f919507eb8ab0c8c72bddaca8f08,2026-09-05,Man City,Coventry,double_chance,home_or_away,BetRivers,-1250
2026-09-02T19:22:14+00:00,3db5f919507eb8ab0c8c72bddaca8f08,2026-09-05,Man City,Coventry,double_chance,home_or_away,DraftKings,-1400
2026-09-02T19:22:14+00:00,3db5f919507eb8ab0c8c72bddaca8f08,2026-09-05,Man City,Coventry,double_chance,home_or_away,FanDuel,-1250
2026-09-02T19:22:14+00:00,3db5f919507eb8ab0c8c72bddaca8f08,2026-09-05,Man City,Coventry,double_chance,home_or_away,Fanatics,-1100
2026-09-02T19:22:14+00:00,3db5f919507eb8ab0c8c72bddaca8f08,2026-09-05,Man City,Coventry,double_chance,home_or_away,MyBookie.ag,-1786
2026-09-02T19:22:14+00:00,3db5f919507eb8ab0c8c72bddaca8f08,2026-09-05,Man City,Coventry,double_chance,home_or_draw,BetOnline.ag,-5000
2026-09-02T19:22:14+00:00,3db5f919507eb8ab0c8c72bddaca8f08,2026-09-05,Man City,Coventry,double_chance,home_or_draw,BetRivers,-5000
2026-09-02T19:22:14+00:00,3db5f919507eb8ab0c8c72bddaca8f08,2026-09-05,Man City,Coventry,double_chance,home_or_draw,DraftKings,-3000
2026-09-02T19:22:14+00:00,3db5f919507eb8ab0c8c72bddaca8f08,2026-09-05,Man City,Coventry,double_chance,home_or_draw,FanDuel,-3000
2026-09-02T19:22:14+00:00,3db5f919507eb8ab0c8c72bddaca8f08,2026-09-05,Man City,Coventry,double_chance,home_or_draw,Fanatics,-2500
2026-09-02T19:22:14+00:00,3db5f919507eb8ab0c8c72bddaca8f08,2026-09-05,Man City,Coventry,double_chance,home_or_draw,MyBookie.ag,-3030
2026-09-02T19:22:14+00:00,3db5f919507eb8ab0c8c72bddaca8f08,2026-09-05,Man City,Coventry,draw_no_bet,away,BetMGM,875
2026-09-02T19:22:14+00:00,3db5f919507eb8ab0c8c72bddaca8f08,2026-09-05,Man City,Coventry,draw_no_bet,away,BetOnline.ag,900
2026-09-02T19:22:14+00:00,3db5f919507eb8ab0c8c72bddaca8f08,2026-09-05,Man City,Coventry,draw_no_bet,away,BetRivers,850
2026-09-02T19:22:14+00:00,3db5f919507eb8ab0c8c72bddaca8f08,2026-09-05,Man City,Coventry,draw_no_bet,away,Bovada,1000
2026-09-02T19:22:14+00:00,3db5f919507eb8ab0c8c72bddaca8f08,2026-09-05,Man City,Coventry,draw_no_bet,away,Caesars,700
2026-09-02T19:22:14+00:00,3db5f919507eb8ab0c8c72bddaca8f08,2026-09-05,Man City,Coventry,draw_no_bet,away,DraftKings,1000
2026-09-02T19:22:14+00:00,3db5f919507eb8ab0c8c72bddaca8f08,2026-09-05,Man City,Coventry,draw_no_bet,away,FanDuel,1340
2026-09-02T19:22:14+00:00,3db5f919507eb8ab0c8c72bddaca8f08,2026-09-05,Man City,Coventry,draw_no_bet,away,Fanatics,1050
2026-09-02T19:22:14+00:00,3db5f919507eb8ab0c8c72bddaca8f08,2026-09-05,Man City,Coventry,draw_no_bet,away,MyBookie.ag,780
2026-09-02T19:22:14+00:00,3db5f919507eb8ab0c8c72bddaca8f08,2026-09-05,Man City,Coventry,draw_no_bet,home,BetMGM,-2500
2026-09-02T19:22:14+00:00,3db5f919507eb8ab0c8c72bddaca8f08,2026-09-05,Man City,Coventry,draw_no_bet,home,BetOnline.ag,-3333
2026-09-02T19:22:14+00:00,3db5f919507eb8ab0c8c72bddaca8f08,2026-09-05,Man City,Coventry,draw_no_bet,home,BetRivers,-2500
2026-09-02T19:22:14+00:00,3db5f919507eb8ab0c8c72bddaca8f08,2026-09-05,Man City,Coventry,draw_no_bet,home,Bovada,-2500
2026-09-02T19:22:14+00:00,3db5f919507eb8ab0c8c72bddaca8f08,2026-09-05,Man City,Coventry,draw_no_bet,home,Caesars,-1600
2026-09-02T19:22:14+00:00,3db5f919507eb8ab0c8c72bddaca8f08,2026-09-05,Man City,Coventry,draw_no_bet,home,DraftKings,-2500
2026-09-02T19:22:14+00:00,3db5f919507eb8ab0c8c72bddaca8f08,2026-09-05,Man City,Coventry,draw_no_bet,home,FanDuel,-2300
2026-09-02T19:22:14+00:00,3db5f919507eb8ab0c8c72bddaca8f08,2026-09-05,Man City,Coventry,draw_no_bet,home,Fanatics,-2200
2026-09-02T19:22:14+00:00,3db5f919507eb8ab0c8c72bddaca8f08,2026-09-05,Man City,Coventry,draw_no_bet,home,MyBookie.ag,-1786
2026-09-02T19:22:14+00:00,3db5f919507eb8ab0c8c72bddaca8f08,2026-09-05,Man City,Coventry,total_2_5,over,BetMGM,-295
2026-09-02T19:22:14+00:00,3db5f919507eb8ab0c8c72bddaca8f08,2026-09-05,Man City,Coventry,total_2_5,over,BetRivers,-286
2026-09-02T19:22:14+00:00,3db5f919507eb8ab0c8c72bddaca8f08,2026-09-05,Man City,Coventry,total_2_5,over,Bovada,-275
2026-09-02T19:22:14+00:00,3db5f919507eb8ab0c8c72bddaca8f08,2026-09-05,Man City,Coventry,total_2_5,over,Caesars,-312
2026-09-02T19:22:14+00:00,3db5f919507eb8ab0c8c72bddaca8f08,2026-09-05,Man City,Coventry,total_2_5,over,DraftKings,-285
2026-09-02T19:22:14+00:00,3db5f919507eb8ab0c8c72bddaca8f08,2026-09-05,Man City,Coventry,total_2_5,over,FanDuel,-290
2026-09-02T19:22:14+00:00,3db5f919507eb8ab0c8c72bddaca8f08,2026-09-05,Man City,Coventry,total_2_5,over,Fanatics,-285
2026-09-02T19:22:14+00:00,3db5f919507eb8ab0c8c72bddaca8f08,2026-09-05,Man City,Coventry,total_2_5,under,BetMGM,200
2026-09-02T19:22:14+00:00,3db5f919507eb8ab0c8c72bddaca8f08,2026-09-05,Man City,Coventry,total_2_5,under,BetRivers,215
2026-09-02T19:22:14+00:00,3db5f919507eb8ab0c8c72bddaca8f08,2026-09-05,Man City,Coventry,total_2_5,under,Bovada,220
2026-09-02T19:22:14+00:00,3db5f919507eb8ab0c8c72bddaca8f08,2026-09-05,Man City,Coventry,total_2_5,under,Caesars,204
2026-09-02T19:22:14+00:00,3db5f919507eb8ab0c8c72bddaca8f08,2026-09-05,Man City,Coventry,total_2_5,under,DraftKings,225
2026-09-02T19:22:14+00:00,3db5f919507eb8ab0c8c72bddaca8f08,2026-09-05,Man City,Coventry,total_2_5,under,FanDuel,225
2026-09-02T19:22:14+00:00,3db5f919507eb8ab0c8c72bddaca8f08,2026-09-05,Man City,Coventry,total_2_5,under,Fanatics,210
2026-09-02T19:22:14+00:00,5163190733dcaaea80474e43cbe20a51,2026-09-12,Chelsea,Hull,1x2,away,BetRivers,950
2026-09-02T19:22:14+00:00,5163190733dcaaea80474e43cbe20a51,2026-09-12,Chelsea,Hull,1x2,away,Bovada,1100
2026-09-02T19:22:14+00:00,5163190733dcaaea80474e43cbe20a51,2026-09-12,Chelsea,Hull,1x2,away,DraftKings,1100
2026-09-02T19:22:14+00:00,5163190733dcaaea80474e43cbe20a51,2026-09-12,Chelsea,Hull,1x2,away,FanDuel,950
2026-09-02T19:22:14+00:00,5163190733dcaaea80474e43cbe20a51,2026-09-12,Chelsea,Hull,1x2,away,Fanatics,1200
2026-09-02T19:22:14+00:00,5163190733dcaaea80474e43cbe20a51,2026-09-12,Chelsea,Hull,1x2,away,MyBookie.ag,900
2026-09-02T19:22:14+00:00,5163190733dcaaea80474e43cbe20a51,2026-09-12,Chelsea,Hull,1x2,draw,BetRivers,525
2026-09-02T19:22:14+00:00,5163190733dcaaea80474e43cbe20a51,2026-09-12,Chelsea,Hull,1x2,draw,Bovada,500
2026-09-02T19:22:14+00:00,5163190733dcaaea80474e43cbe20a51,2026-09-12,Chelsea,Hull,1x2,draw,DraftKings,475
2026-09-02T19:22:14+00:00,5163190733dcaaea80474e43cbe20a51,2026-09-12,Chelsea,Hull,1x2,draw,FanDuel,500
2026-09-02T19:22:14+00:00,5163190733dcaaea80474e43cbe20a51,2026-09-12,Chelsea,Hull,1x2,draw,Fanatics,475
2026-09-02T19:22:14+00:00,5163190733dcaaea80474e43cbe20a51,2026-09-12,Chelsea,Hull,1x2,draw,MyBookie.ag,520
2026-09-02T19:22:14+00:00,5163190733dcaaea80474e43cbe20a51,2026-09-12,Chelsea,Hull,1x2,home,BetRivers,-420
2026-09-02T19:22:14+00:00,5163190733dcaaea80474e43cbe20a51,2026-09-12,Chelsea,Hull,1x2,home,Bovada,-400
2026-09-02T19:22:14+00:00,5163190733dcaaea80474e43cbe20a51,2026-09-12,Chelsea,Hull,1x2,home,DraftKings,-425
2026-09-02T19:22:14+00:00,5163190733dcaaea80474e43cbe20a51,2026-09-12,Chelsea,Hull,1x2,home,FanDuel,-475
2026-09-02T19:22:14+00:00,5163190733dcaaea80474e43cbe20a51,2026-09-12,Chelsea,Hull,1x2,home,Fanatics,-400
2026-09-02T19:22:14+00:00,5163190733dcaaea80474e43cbe20a51,2026-09-12,Chelsea,Hull,1x2,home,MyBookie.ag,-450
2026-09-02T19:22:14+00:00,5163190733dcaaea80474e43cbe20a51,2026-09-12,Chelsea,Hull,btts,no,BetRivers,-118
2026-09-02T19:22:14+00:00,5163190733dcaaea80474e43cbe20a51,2026-09-12,Chelsea,Hull,btts,no,Bovada,-118
2026-09-02T19:22:14+00:00,5163190733dcaaea80474e43cbe20a51,2026-09-12,Chelsea,Hull,btts,no,DraftKings,-115
2026-09-02T19:22:14+00:00,5163190733dcaaea80474e43cbe20a51,2026-09-12,Chelsea,Hull,btts,no,FanDuel,-108
2026-09-02T19:22:14+00:00,5163190733dcaaea80474e43cbe20a51,2026-09-12,Chelsea,Hull,btts,no,Fanatics,-105
2026-09-02T19:22:14+00:00,5163190733dcaaea80474e43cbe20a51,2026-09-12,Chelsea,Hull,btts,yes,BetRivers,-122
2026-09-02T19:22:14+00:00,5163190733dcaaea80474e43cbe20a51,2026-09-12,Chelsea,Hull,btts,yes,Bovada,-112
2026-09-02T19:22:14+00:00,5163190733dcaaea80474e43cbe20a51,2026-09-12,Chelsea,Hull,btts,yes,DraftKings,-120
2026-09-02T19:22:14+00:00,5163190733dcaaea80474e43cbe20a51,2026-09-12,Chelsea,Hull,btts,yes,FanDuel,-118
2026-09-02T19:22:14+00:00,5163190733dcaaea80474e43cbe20a51,2026-09-12,Chelsea,Hull,btts,yes,Fanatics,-125
2026-09-02T19:22:14+00:00,5163190733dcaaea80474e43cbe20a51,2026-09-12,Chelsea,Hull,corners_1x2,away,BetRivers,575
2026-09-02T19:22:14+00:00,5163190733dcaaea80474e43cbe20a51,2026-09-12,Chelsea,Hull,corners_1x2,draw,BetRivers,900
2026-09-02T19:22:14+00:00,5163190733dcaaea80474e43cbe20a51,2026-09-12,Chelsea,Hull,corners_1x2,home,BetRivers,-770
2026-09-02T19:22:14+00:00,5163190733dcaaea80474e43cbe20a51,2026-09-12,Chelsea,Hull,corners_total_10_5,over,BetRivers,128
2026-09-02T19:22:14+00:00,5163190733dcaaea80474e43cbe20a51,2026-09-12,Chelsea,Hull,corners_total_10_5,under,BetRivers,-190
2026-09-02T19:22:14+00:00,5163190733dcaaea80474e43cbe20a51,2026-09-12,Chelsea,Hull,corners_total_9_5,over,BetRivers,-121
2026-09-02T19:22:14+00:00,5163190733dcaaea80474e43cbe20a51,2026-09-12,Chelsea,Hull,corners_total_9_5,under,BetRivers,-121
2026-09-02T19:22:14+00:00,5163190733dcaaea80474e43cbe20a51,2026-09-12,Chelsea,Hull,double_chance,draw_or_away,BetRivers,260
2026-09-02T19:22:14+00:00,5163190733dcaaea80474e43cbe20a51,2026-09-12,Chelsea,Hull,double_chance,draw_or_away,Bovada,305
2026-09-02T19:22:14+00:00,5163190733dcaaea80474e43cbe20a51,2026-09-12,Chelsea,Hull,double_chance,draw_or_away,DraftKings,255
2026-09-02T19:22:14+00:00,5163190733dcaaea80474e43cbe20a51,2026-09-12,Chelsea,Hull,double_chance,draw_or_away,FanDuel,310
2026-09-02T19:22:14+00:00,5163190733dcaaea80474e43cbe20a51,2026-09-12,Chelsea,Hull,double_chance,draw_or_away,Fanatics,300
2026-09-02T19:22:14+00:00,5163190733dcaaea80474e43cbe20a51,2026-09-12,Chelsea,Hull,double_chance,home_or_away,BetRivers,-1115
2026-09-02T19:22:14+00:00,5163190733dcaaea80474e43cbe20a51,2026-09-12,Chelsea,Hull,double_chance,home_or_away,Bovada,-950
2026-09-02T19:22:14+00:00,5163190733dcaaea80474e43cbe20a51,2026-09-12,Chelsea,Hull,double_chance,home_or_away,DraftKings,-1000
2026-09-02T19:22:14+00:00,5163190733dcaaea80474e43cbe20a51,2026-09-12,Chelsea,Hull,double_chance,home_or_away,FanDuel,-800
2026-09-02T19:22:14+00:00,5163190733dcaaea80474e43cbe20a51,2026-09-12,Chelsea,Hull,double_chance,home_or_away,Fanatics,-700
2026-09-02T19:22:14+00:00,5163190733dcaaea80474e43cbe20a51,2026-09-12,Chelsea,Hull,double_chance,home_or_draw,BetRivers,-2500
2026-09-02T19:22:14+00:00,5163190733dcaaea80474e43cbe20a51,2026-09-12,Chelsea,Hull,double_chance,home_or_draw,Bovada,-3500
2026-09-02T19:22:14+00:00,5163190733dcaaea80474e43cbe20a51,2026-09-12,Chelsea,Hull,double_chance,home_or_draw,DraftKings,-3000
2026-09-02T19:22:14+00:00,5163190733dcaaea80474e43cbe20a51,2026-09-12,Chelsea,Hull,double_chance,home_or_draw,FanDuel,-2000
2026-09-02T19:22:14+00:00,5163190733dcaaea80474e43cbe20a51,2026-09-12,Chelsea,Hull,double_chance,home_or_draw,Fanatics,-2000
2026-09-02T19:22:14+00:00,5163190733dcaaea80474e43cbe20a51,2026-09-12,Chelsea,Hull,draw_no_bet,away,BetRivers,600
2026-09-02T19:22:14+00:00,5163190733dcaaea80474e43cbe20a51,2026-09-12,Chelsea,Hull,draw_no_bet,away,Bovada,875
2026-09-02T19:22:14+00:00,5163190733dcaaea80474e43cbe20a51,2026-09-12,Chelsea,Hull,draw_no_bet,away,DraftKings,750
2026-09-02T19:22:14+00:00,5163190733dcaaea80474e43cbe20a51,2026-09-12,Chelsea,Hull,draw_no_bet,away,FanDuel,960
2026-09-02T19:22:14+00:00,5163190733dcaaea80474e43cbe20a51,2026-09-12,Chelsea,Hull,draw_no_bet,away,Fanatics,850
2026-09-02T19:22:14+00:00,5163190733dcaaea80474e43cbe20a51,2026-09-12,Chelsea,Hull,draw_no_bet,home,BetRivers,-1667
2026-09-02T19:22:14+00:00,5163190733dcaaea80474e43cbe20a51,2026-09-12,Chelsea,Hull,draw_no_bet,home,Bovada,-1800
2026-09-02T19:22:14+00:00,5163190733dcaaea80474e43cbe20a51,2026-09-12,Chelsea,Hull,draw_no_bet,home,DraftKings,-2500
2026-09-02T19:22:14+00:00,5163190733dcaaea80474e43cbe20a51,2026-09-12,Chelsea,Hull,draw_no_bet,home,FanDuel,-1500
2026-09-02T19:22:14+00:00,5163190733dcaaea80474e43cbe20a51,2026-09-12,Chelsea,Hull,draw_no_bet,home,Fanatics,-1700
2026-09-02T19:22:14+00:00,5163190733dcaaea80474e43cbe20a51,2026-09-12,Chelsea,Hull,total_2_5,over,BetRivers,-235
2026-09-02T19:22:14+00:00,5163190733dcaaea80474e43cbe20a51,2026-09-12,Chelsea,Hull,total_2_5,over,Bovada,-220
2026-09-02T19:22:14+00:00,5163190733dcaaea80474e43cbe20a51,2026-09-12,Chelsea,Hull,total_2_5,over,DraftKings,-255
2026-09-02T19:22:14+00:00,5163190733dcaaea80474e43cbe20a51,2026-09-12,Chelsea,Hull,total_2_5,over,FanDuel,-240
2026-09-02T19:22:14+00:00,5163190733dcaaea80474e43cbe20a51,2026-09-12,Chelsea,Hull,total_2_5,over,Fanatics,-240
2026-09-02T19:22:14+00:00,5163190733dcaaea80474e43cbe20a51,2026-09-12,Chelsea,Hull,total_2_5,under,BetRivers,180
2026-09-02T19:22:14+00:00,5163190733dcaaea80474e43cbe20a51,2026-09-12,Chelsea,Hull,total_2_5,under,Bovada,178
2026-09-02T19:22:14+00:00,5163190733dcaaea80474e43cbe20a51,2026-09-12,Chelsea,Hull,total_2_5,under,DraftKings,180
2026-09-02T19:22:14+00:00,5163190733dcaaea80474e43cbe20a51,2026-09-12,Chelsea,Hull,total_2_5,under,FanDuel,190
2026-09-02T19:22:14+00:00,5163190733dcaaea80474e43cbe20a51,2026-09-12,Chelsea,Hull,total_2_5,under,Fanatics,175
2026-09-02T19:22:14+00:00,625c096fabb6047cbeb082dab9affce4,2026-09-04,Ipswich,Liverpool,1x2,away,BetMGM,-210
2026-09-02T19:22:14+00:00,625c096fabb6047cbeb082dab9affce4,2026-09-04,Ipswich,Liverpool,1x2,away,BetOnline.ag,-182
2026-09-02T19:22:14+00:00,625c096fabb6047cbeb082dab9affce4,2026-09-04,Ipswich,Liverpool,1x2,away,BetRivers,-195
2026-09-02T19:22:14+00:00,625c096fabb6047cbeb082dab9affce4,2026-09-04,Ipswich,Liverpool,1x2,away,BetUS,-180
2026-09-02T19:22:14+00:00,625c096fabb6047cbeb082dab9affce4,2026-09-04,Ipswich,Liverpool,1x2,away,Bovada,-182
2026-09-02T19:22:14+00:00,625c096fabb6047cbeb082dab9affce4,2026-09-04,Ipswich,Liverpool,1x2,away,Caesars,-190
2026-09-02T19:22:14+00:00,625c096fabb6047cbeb082dab9affce4,2026-09-04,Ipswich,Liverpool,1x2,away,DraftKings,-185
2026-09-02T19:22:14+00:00,625c096fabb6047cbeb082dab9affce4,2026-09-04,Ipswich,Liverpool,1x2,away,FanDuel,-190
2026-09-02T19:22:14+00:00,625c096fabb6047cbeb082dab9affce4,2026-09-04,Ipswich,Liverpool,1x2,away,Fanatics,-180
2026-09-02T19:22:14+00:00,625c096fabb6047cbeb082dab9affce4,2026-09-04,Ipswich,Liverpool,1x2,away,LowVig.ag,-182
2026-09-02T19:22:14+00:00,625c096fabb6047cbeb082dab9affce4,2026-09-04,Ipswich,Liverpool,1x2,away,MyBookie.ag,-192
2026-09-02T19:22:14+00:00,625c096fabb6047cbeb082dab9affce4,2026-09-04,Ipswich,Liverpool,1x2,draw,BetMGM,320
2026-09-02T19:22:14+00:00,625c096fabb6047cbeb082dab9affce4,2026-09-04,Ipswich,Liverpool,1x2,draw,BetOnline.ag,388
2026-09-02T19:22:14+00:00,625c096fabb6047cbeb082dab9affce4,2026-09-04,Ipswich,Liverpool,1x2,draw,BetRivers,370
2026-09-02T19:22:14+00:00,625c096fabb6047cbeb082dab9affce4,2026-09-04,Ipswich,Liverpool,1x2,draw,BetUS,390
2026-09-02T19:22:14+00:00,625c096fabb6047cbeb082dab9affce4,2026-09-04,Ipswich,Liverpool,1x2,draw,Bovada,370
2026-09-02T19:22:14+00:00,625c096fabb6047cbeb082dab9affce4,2026-09-04,Ipswich,Liverpool,1x2,draw,Caesars,360
2026-09-02T19:22:14+00:00,625c096fabb6047cbeb082dab9affce4,2026-09-04,Ipswich,Liverpool,1x2,draw,DraftKings,370
2026-09-02T19:22:14+00:00,625c096fabb6047cbeb082dab9affce4,2026-09-04,Ipswich,Liverpool,1x2,draw,FanDuel,370
2026-09-02T19:22:14+00:00,625c096fabb6047cbeb082dab9affce4,2026-09-04,Ipswich,Liverpool,1x2,draw,Fanatics,350
2026-09-02T19:22:14+00:00,625c096fabb6047cbeb082dab9affce4,2026-09-04,Ipswich,Liverpool,1x2,draw,LowVig.ag,388
2026-09-02T19:22:14+00:00,625c096fabb6047cbeb082dab9affce4,2026-09-04,Ipswich,Liverpool,1x2,draw,MyBookie.ag,350
2026-09-02T19:22:14+00:00,625c096fabb6047cbeb082dab9affce4,2026-09-04,Ipswich,Liverpool,1x2,home,BetMGM,375
2026-09-02T19:22:14+00:00,625c096fabb6047cbeb082dab9affce4,2026-09-04,Ipswich,Liverpool,1x2,home,BetOnline.ag,440
2026-09-02T19:22:14+00:00,625c096fabb6047cbeb082dab9affce4,2026-09-04,Ipswich,Liverpool,1x2,home,BetRivers,460
2026-09-02T19:22:14+00:00,625c096fabb6047cbeb082dab9affce4,2026-09-04,Ipswich,Liverpool,1x2,home,BetUS,440
2026-09-02T19:22:14+00:00,625c096fabb6047cbeb082dab9affce4,2026-09-04,Ipswich,Liverpool,1x2,home,Bovada,440
2026-09-02T19:22:14+00:00,625c096fabb6047cbeb082dab9affce4,2026-09-04,Ipswich,Liverpool,1x2,home,Caesars,425
2026-09-02T19:22:14+00:00,625c096fabb6047cbeb082dab9affce4,2026-09-04,Ipswich,Liverpool,1x2,home,DraftKings,425
2026-09-02T19:22:14+00:00,625c096fabb6047cbeb082dab9affce4,2026-09-04,Ipswich,Liverpool,1x2,home,FanDuel,460
2026-09-02T19:22:14+00:00,625c096fabb6047cbeb082dab9affce4,2026-09-04,Ipswich,Liverpool,1x2,home,Fanatics,425
2026-09-02T19:22:14+00:00,625c096fabb6047cbeb082dab9affce4,2026-09-04,Ipswich,Liverpool,1x2,home,LowVig.ag,440
2026-09-02T19:22:14+00:00,625c096fabb6047cbeb082dab9affce4,2026-09-04,Ipswich,Liverpool,1x2,home,MyBookie.ag,400
2026-09-02T19:22:14+00:00,625c096fabb6047cbeb082dab9affce4,2026-09-04,Ipswich,Liverpool,btts,no,BetMGM,125
2026-09-02T19:22:14+00:00,625c096fabb6047cbeb082dab9affce4,2026-09-04,Ipswich,Liverpool,btts,no,BetRivers,130
2026-09-02T19:22:14+00:00,625c096fabb6047cbeb082dab9affce4,2026-09-04,Ipswich,Liverpool,btts,no,Bovada,132
2026-09-02T19:22:14+00:00,625c096fabb6047cbeb082dab9affce4,2026-09-04,Ipswich,Liverpool,btts,no,Caesars,130
2026-09-02T19:22:14+00:00,625c096fabb6047cbeb082dab9affce4,2026-09-04,Ipswich,Liverpool,btts,no,DraftKings,145
2026-09-02T19:22:14+00:00,625c096fabb6047cbeb082dab9affce4,2026-09-04,Ipswich,Liverpool,btts,no,FanDuel,134
2026-09-02T19:22:14+00:00,625c096fabb6047cbeb082dab9affce4,2026-09-04,Ipswich,Liverpool,btts,no,Fanatics,135
2026-09-02T19:22:14+00:00,625c096fabb6047cbeb082dab9affce4,2026-09-04,Ipswich,Liverpool,btts,no,MyBookie.ag,128
2026-09-02T19:22:14+00:00,625c096fabb6047cbeb082dab9affce4,2026-09-04,Ipswich,Liverpool,btts,yes,BetMGM,-175
2026-09-02T19:22:14+00:00,625c096fabb6047cbeb082dab9affce4,2026-09-04,Ipswich,Liverpool,btts,yes,BetRivers,-177
2026-09-02T19:22:14+00:00,625c096fabb6047cbeb082dab9affce4,2026-09-04,Ipswich,Liverpool,btts,yes,Bovada,-175
2026-09-02T19:22:14+00:00,625c096fabb6047cbeb082dab9affce4,2026-09-04,Ipswich,Liverpool,btts,yes,Caesars,-170
2026-09-02T19:22:14+00:00,625c096fabb6047cbeb082dab9affce4,2026-09-04,Ipswich,Liverpool,btts,yes,DraftKings,-180
2026-09-02T19:22:14+00:00,625c096fabb6047cbeb082dab9affce4,2026-09-04,Ipswich,Liverpool,btts,yes,FanDuel,-174
2026-09-02T19:22:14+00:00,625c096fabb6047cbeb082dab9affce4,2026-09-04,Ipswich,Liverpool,btts,yes,Fanatics,-175
2026-09-02T19:22:14+00:00,625c096fabb6047cbeb082dab9affce4,2026-09-04,Ipswich,Liverpool,btts,yes,MyBookie.ag,-178
2026-09-02T19:22:14+00:00,625c096fabb6047cbeb082dab9affce4,2026-09-04,Ipswich,Liverpool,corners_1x2,away,BetMGM,-250
2026-09-02T19:22:14+00:00,625c096fabb6047cbeb082dab9affce4,2026-09-04,Ipswich,Liverpool,corners_1x2,away,BetRivers,-215
2026-09-02T19:22:14+00:00,625c096fabb6047cbeb082dab9affce4,2026-09-04,Ipswich,Liverpool,corners_1x2,away,Bovada,-260
2026-09-02T19:22:14+00:00,625c096fabb6047cbeb082dab9affce4,2026-09-04,Ipswich,Liverpool,corners_1x2,away,DraftKings,-280
2026-09-02T19:22:14+00:00,625c096fabb6047cbeb082dab9affce4,2026-09-04,Ipswich,Liverpool,corners_1x2,away,FanDuel,-240
2026-09-02T19:22:14+00:00,625c096fabb6047cbeb082dab9affce4,2026-09-04,Ipswich,Liverpool,corners_1x2,draw,BetMGM,725
2026-09-02T19:22:14+00:00,625c096fabb6047cbeb082dab9affce4,2026-09-04,Ipswich,Liverpool,corners_1x2,draw,BetRivers,700
2026-09-02T19:22:14+00:00,625c096fabb6047cbeb082dab9affce4,2026-09-04,Ipswich,Liverpool,corners_1x2,draw,Bovada,725
2026-09-02T19:22:14+00:00,625c096fabb6047cbeb082dab9affce4,2026-09-04,Ipswich,Liverpool,corners_1x2,draw,DraftKings,750
2026-09-02T19:22:14+00:00,625c096fabb6047cbeb082dab9affce4,2026-09-04,Ipswich,Liverpool,corners_1x2,draw,FanDuel,750
2026-09-02T19:22:14+00:00,625c096fabb6047cbeb082dab9affce4,2026-09-04,Ipswich,Liverpool,corners_1x2,home,BetMGM,260
2026-09-02T19:22:14+00:00,625c096fabb6047cbeb082dab9affce4,2026-09-04,Ipswich,Liverpool,corners_1x2,home,BetRivers,205
2026-09-02T19:22:14+00:00,625c096fabb6047cbeb082dab9affce4,2026-09-04,Ipswich,Liverpool,corners_1x2,home,Bovada,260
2026-09-02T19:22:14+00:00,625c096fabb6047cbeb082dab9affce4,2026-09-04,Ipswich,Liverpool,corners_1x2,home,DraftKings,340
2026-09-02T19:22:14+00:00,625c096fabb6047cbeb082dab9affce4,2026-09-04,Ipswich,Liverpool,corners_1x2,home,FanDuel,280
2026-09-02T19:22:14+00:00,625c096fabb6047cbeb082dab9affce4,2026-09-04,Ipswich,Liverpool,corners_total_10_5,over,BetMGM,130
2026-09-02T19:22:14+00:00,625c096fabb6047cbeb082dab9affce4,2026-09-04,Ipswich,Liverpool,corners_total_10_5,over,BetRivers,118
2026-09-02T19:22:14+00:00,625c096fabb6047cbeb082dab9affce4,2026-09-04,Ipswich,Liverpool,corners_total_10_5,over,Bovada,130
2026-09-02T19:22:14+00:00,625c096fabb6047cbeb082dab9affce4,2026-09-04,Ipswich,Liverpool,corners_total_10_5,over,DraftKings,125
2026-09-02T19:22:14+00:00,625c096fabb6047cbeb082dab9affce4,2026-09-04,Ipswich,Liverpool,corners_total_10_5,over,FanDuel,130
2026-09-02T19:22:14+00:00,625c096fabb6047cbeb082dab9affce4,2026-09-04,Ipswich,Liverpool,corners_total_10_5,under,BetMGM,-190
2026-09-02T19:22:14+00:00,625c096fabb6047cbeb082dab9affce4,2026-09-04,Ipswich,Liverpool,corners_total_10_5,under,BetRivers,-175
2026-09-02T19:22:14+00:00,625c096fabb6047cbeb082dab9affce4,2026-09-04,Ipswich,Liverpool,corners_total_10_5,under,Bovada,-172
2026-09-02T19:22:14+00:00,625c096fabb6047cbeb082dab9affce4,2026-09-04,Ipswich,Liverpool,corners_total_10_5,under,DraftKings,-180
2026-09-02T19:22:14+00:00,625c096fabb6047cbeb082dab9affce4,2026-09-04,Ipswich,Liverpool,corners_total_10_5,under,FanDuel,-200
2026-09-02T19:22:14+00:00,625c096fabb6047cbeb082dab9affce4,2026-09-04,Ipswich,Liverpool,corners_total_9_5,over,BetMGM,-120
2026-09-02T19:22:14+00:00,625c096fabb6047cbeb082dab9affce4,2026-09-04,Ipswich,Liverpool,corners_total_9_5,over,BetRivers,-136
2026-09-02T19:22:14+00:00,625c096fabb6047cbeb082dab9affce4,2026-09-04,Ipswich,Liverpool,corners_total_9_5,over,Bovada,-122
2026-09-02T19:22:14+00:00,625c096fabb6047cbeb082dab9affce4,2026-09-04,Ipswich,Liverpool,corners_total_9_5,over,Caesars,-120
2026-09-02T19:22:14+00:00,625c096fabb6047cbeb082dab9affce4,2026-09-04,Ipswich,Liverpool,corners_total_9_5,over,DraftKings,-125
2026-09-02T19:22:14+00:00,625c096fabb6047cbeb082dab9affce4,2026-09-04,Ipswich,Liverpool,corners_total_9_5,over,FanDuel,-114
2026-09-02T19:22:14+00:00,625c096fabb6047cbeb082dab9affce4,2026-09-04,Ipswich,Liverpool,corners_total_9_5,over,MyBookie.ag,-138
2026-09-02T19:22:14+00:00,625c096fabb6047cbeb082dab9affce4,2026-09-04,Ipswich,Liverpool,corners_total_9_5,under,BetMGM,-115
2026-09-02T19:22:14+00:00,625c096fabb6047cbeb082dab9affce4,2026-09-04,Ipswich,Liverpool,corners_total_9_5,under,BetRivers,-108
2026-09-02T19:22:14+00:00,625c096fabb6047cbeb082dab9affce4,2026-09-04,Ipswich,Liverpool,corners_total_9_5,under,Bovada,-108
2026-09-02T19:22:14+00:00,625c096fabb6047cbeb082dab9affce4,2026-09-04,Ipswich,Liverpool,corners_total_9_5,under,Caesars,-107
2026-09-02T19:22:14+00:00,625c096fabb6047cbeb082dab9affce4,2026-09-04,Ipswich,Liverpool,corners_total_9_5,under,DraftKings,-110
2026-09-02T19:22:14+00:00,625c096fabb6047cbeb082dab9affce4,2026-09-04,Ipswich,Liverpool,corners_total_9_5,under,FanDuel,-114
2026-09-02T19:22:14+00:00,625c096fabb6047cbeb082dab9affce4,2026-09-04,Ipswich,Liverpool,corners_total_9_5,under,MyBookie.ag,100
2026-09-02T19:22:14+00:00,625c096fabb6047cbeb082dab9affce4,2026-09-04,Ipswich,Liverpool,double_chance,draw_or_away,BetRivers,-715
2026-09-02T19:22:14+00:00,625c096fabb6047cbeb082dab9affce4,2026-09-04,Ipswich,Liverpool,double_chance,draw_or_away,Bovada,-725
2026-09-02T19:22:14+00:00,625c096fabb6047cbeb082dab9affce4,2026-09-04,Ipswich,Liverpool,double_chance,draw_or_away,DraftKings,-600
2026-09-02T19:22:14+00:00,625c096fabb6047cbeb082dab9affce4,2026-09-04,Ipswich,Liverpool,double_chance,draw_or_away,FanDuel,-650
2026-09-02T19:22:14+00:00,625c096fabb6047cbeb082dab9affce4,2026-09-04,Ipswich,Liverpool,double_chance,draw_or_away,Fanatics,-575
2026-09-02T19:22:14+00:00,625c096fabb6047cbeb082dab9affce4,2026-09-04,Ipswich,Liverpool,double_chance,draw_or_away,MyBookie.ag,-752
2026-09-02T19:22:14+00:00,625c096fabb6047cbeb082dab9affce4,2026-09-04,Ipswich,Liverpool,double_chance,home_or_away,BetRivers,-530
2026-09-02T19:22:14+00:00,625c096fabb6047cbeb082dab9affce4,2026-09-04,Ipswich,Liverpool,double_chance,home_or_away,Bovada,-480
2026-09-02T19:22:14+00:00,625c096fabb6047cbeb082dab9affce4,2026-09-04,Ipswich,Liverpool,double_chance,home_or_away,DraftKings,-525
2026-09-02T19:22:14+00:00,625c096fabb6047cbeb082dab9affce4,2026-09-04,Ipswich,Liverpool,double_chance,home_or_away,FanDuel,-550
2026-09-02T19:22:14+00:00,625c096fabb6047cbeb082dab9affce4,2026-09-04,Ipswich,Liverpool,double_chance,home_or_away,Fanatics,-500
2026-09-02T19:22:14+00:00,625c096fabb6047cbeb082dab9affce4,2026-09-04,Ipswich,Liverpool,double_chance,home_or_away,MyBookie.ag,-649
2026-09-02T19:22:14+00:00,625c096fabb6047cbeb082dab9affce4,2026-09-04,Ipswich,Liverpool,double_chance,home_or_draw,BetRivers,150
2026-09-02T19:22:14+00:00,625c096fabb6047cbeb082dab9affce4,2026-09-04,Ipswich,Liverpool,double_chance,home_or_draw,Bovada,143
2026-09-02T19:22:14+00:00,625c096fabb6047cbeb082dab9affce4,2026-09-04,Ipswich,Liverpool,double_chance,home_or_draw,DraftKings,140
2026-09-02T19:22:14+00:00,625c096fabb6047cbeb082dab9affce4,2026-09-04,Ipswich,Liverpool,double_chance,home_or_draw,FanDuel,145
2026-09-02T19:22:14+00:00,625c096fabb6047cbeb082dab9affce4,2026-09-04,Ipswich,Liverpool,double_chance,home_or_draw,Fanatics,145
2026-09-02T19:22:14+00:00,625c096fabb6047cbeb082dab9affce4,2026-09-04,Ipswich,Liverpool,double_chance,home_or_draw,MyBookie.ag,100
2026-09-02T19:22:14+00:00,625c096fabb6047cbeb082dab9affce4,2026-09-04,Ipswich,Liverpool,draw_no_bet,away,BetMGM,-450
2026-09-02T19:22:14+00:00,625c096fabb6047cbeb082dab9affce4,2026-09-04,Ipswich,Liverpool,draw_no_bet,away,BetRivers,-530
2026-09-02T19:22:14+00:00,625c096fabb6047cbeb082dab9affce4,2026-09-04,Ipswich,Liverpool,draw_no_bet,away,Bovada,-450
2026-09-02T19:22:14+00:00,625c096fabb6047cbeb082dab9affce4,2026-09-04,Ipswich,Liverpool,draw_no_bet,away,Caesars,-380
2026-09-02T19:22:14+00:00,625c096fabb6047cbeb082dab9affce4,2026-09-04,Ipswich,Liverpool,draw_no_bet,away,DraftKings,-450
2026-09-02T19:22:14+00:00,625c096fabb6047cbeb082dab9affce4,2026-09-04,Ipswich,Liverpool,draw_no_bet,away,FanDuel,-460
2026-09-02T19:22:14+00:00,625c096fabb6047cbeb082dab9affce4,2026-09-04,Ipswich,Liverpool,draw_no_bet,away,Fanatics,-425
2026-09-02T19:22:14+00:00,625c096fabb6047cbeb082dab9affce4,2026-09-04,Ipswich,Liverpool,draw_no_bet,away,MyBookie.ag,-420
2026-09-02T19:22:14+00:00,625c096fabb6047cbeb082dab9affce4,2026-09-04,Ipswich,Liverpool,draw_no_bet,home,BetMGM,290
2026-09-02T19:22:14+00:00,625c096fabb6047cbeb082dab9affce4,2026-09-04,Ipswich,Liverpool,draw_no_bet,home,BetRivers,295
2026-09-02T19:22:14+00:00,625c096fabb6047cbeb082dab9affce4,2026-09-04,Ipswich,Liverpool,draw_no_bet,home,Bovada,335
2026-09-02T19:22:14+00:00,625c096fabb6047cbeb082dab9affce4,2026-09-04,Ipswich,Liverpool,draw_no_bet,home,Caesars,270
2026-09-02T19:22:14+00:00,625c096fabb6047cbeb082dab9affce4,2026-09-04,Ipswich,Liverpool,draw_no_bet,home,DraftKings,320
2026-09-02T19:22:14+00:00,625c096fabb6047cbeb082dab9affce4,2026-09-04,Ipswich,Liverpool,draw_no_bet,home,FanDuel,350
2026-09-02T19:22:14+00:00,625c096fabb6047cbeb082dab9affce4,2026-09-04,Ipswich,Liverpool,draw_no_bet,home,Fanatics,300
2026-09-02T19:22:14+00:00,625c096fabb6047cbeb082dab9affce4,2026-09-04,Ipswich,Liverpool,draw_no_bet,home,MyBookie.ag,295
2026-09-02T19:22:14+00:00,625c096fabb6047cbeb082dab9affce4,2026-09-04,Ipswich,Liverpool,total_2_5,over,BetMGM,-210
2026-09-02T19:22:14+00:00,625c096fabb6047cbeb082dab9affce4,2026-09-04,Ipswich,Liverpool,total_2_5,over,BetRivers,-205
2026-09-02T19:22:14+00:00,625c096fabb6047cbeb082dab9affce4,2026-09-04,Ipswich,Liverpool,total_2_5,over,Bovada,-212
2026-09-02T19:22:14+00:00,625c096fabb6047cbeb082dab9affce4,2026-09-04,Ipswich,Liverpool,total_2_5,over,Caesars,-227
2026-09-02T19:22:14+00:00,625c096fabb6047cbeb082dab9affce4,2026-09-04,Ipswich,Liverpool,total_2_5,over,DraftKings,-215
2026-09-02T19:22:14+00:00,625c096fabb6047cbeb082dab9affce4,2026-09-04,Ipswich,Liverpool,total_2_5,over,FanDuel,-210
2026-09-02T19:22:14+00:00,625c096fabb6047cbeb082dab9affce4,2026-09-04,Ipswich,Liverpool,total_2_5,over,Fanatics,-210
2026-09-02T19:22:14+00:00,625c096fabb6047cbeb082dab9affce4,2026-09-04,Ipswich,Liverpool,total_2_5,under,BetMGM,150
2026-09-02T19:22:14+00:00,625c096fabb6047cbeb082dab9affce4,2026-09-04,Ipswich,Liverpool,total_2_5,under,BetRivers,160
2026-09-02T19:22:14+00:00,625c096fabb6047cbeb082dab9affce4,2026-09-04,Ipswich,Liverpool,total_2_5,under,Bovada,170
2026-09-02T19:22:14+00:00,625c096fabb6047cbeb082dab9affce4,2026-09-04,Ipswich,Liverpool,total_2_5,under,Caesars,154
2026-09-02T19:22:14+00:00,625c096fabb6047cbeb082dab9affce4,2026-09-04,Ipswich,Liverpool,total_2_5,under,DraftKings,170
2026-09-02T19:22:14+00:00,625c096fabb6047cbeb082dab9affce4,2026-09-04,Ipswich,Liverpool,total_2_5,under,FanDuel,168
2026-09-02T19:22:14+00:00,625c096fabb6047cbeb082dab9affce4,2026-09-04,Ipswich,Liverpool,total_2_5,under,Fanatics,160
2026-09-02T19:22:14+00:00,63da4075a4ae406575fd3086b839fe49,2026-09-12,Liverpool,Fulham,1x2,away,BetRivers,500
2026-09-02T19:22:14+00:00,63da4075a4ae406575fd3086b839fe49,2026-09-12,Liverpool,Fulham,1x2,away,Bovada,500
2026-09-02T19:22:14+00:00,63da4075a4ae406575fd3086b839fe49,2026-09-12,Liverpool,Fulham,1x2,away,DraftKings,500
2026-09-02T19:22:14+00:00,63da4075a4ae406575fd3086b839fe49,2026-09-12,Liverpool,Fulham,1x2,away,FanDuel,550
2026-09-02T19:22:14+00:00,63da4075a4ae406575fd3086b839fe49,2026-09-12,Liverpool,Fulham,1x2,away,Fanatics,500
2026-09-02T19:22:14+00:00,63da4075a4ae406575fd3086b839fe49,2026-09-12,Liverpool,Fulham,1x2,away,MyBookie.ag,460
2026-09-02T19:22:14+00:00,63da4075a4ae406575fd3086b839fe49,2026-09-12,Liverpool,Fulham,1x2,draw,BetRivers,375
2026-09-02T19:22:14+00:00,63da4075a4ae406575fd3086b839fe49,2026-09-12,Liverpool,Fulham,1x2,draw,Bovada,390
2026-09-02T19:22:14+00:00,63da4075a4ae406575fd3086b839fe49,2026-09-12,Liverpool,Fulham,1x2,draw,DraftKings,380
2026-09-02T19:22:14+00:00,63da4075a4ae406575fd3086b839fe49,2026-09-12,Liverpool,Fulham,1x2,draw,FanDuel,380
2026-09-02T19:22:14+00:00,63da4075a4ae406575fd3086b839fe49,2026-09-12,Liverpool,Fulham,1x2,draw,Fanatics,400
2026-09-02T19:22:14+00:00,63da4075a4ae406575fd3086b839fe49,2026-09-12,Liverpool,Fulham,1x2,draw,MyBookie.ag,370
2026-09-02T19:22:14+00:00,63da4075a4ae406575fd3086b839fe49,2026-09-12,Liverpool,Fulham,1x2,home,BetRivers,-220
2026-09-02T19:22:14+00:00,63da4075a4ae406575fd3086b839fe49,2026-09-12,Liverpool,Fulham,1x2,home,Bovada,-213
2026-09-02T19:22:14+00:00,63da4075a4ae406575fd3086b839fe49,2026-09-12,Liverpool,Fulham,1x2,home,DraftKings,-225
2026-09-02T19:22:14+00:00,63da4075a4ae406575fd3086b839fe49,2026-09-12,Liverpool,Fulham,1x2,home,FanDuel,-260
2026-09-02T19:22:14+00:00,63da4075a4ae406575fd3086b839fe49,2026-09-12,Liverpool,Fulham,1x2,home,Fanatics,-240
2026-09-02T19:22:14+00:00,63da4075a4ae406575fd3086b839fe49,2026-09-12,Liverpool,Fulham,1x2,home,MyBookie.ag,-222
2026-09-02T19:22:14+00:00,63da4075a4ae406575fd3086b839fe49,2026-09-12,Liverpool,Fulham,btts,no,BetRivers,123
2026-09-02T19:22:14+00:00,63da4075a4ae406575fd3086b839fe49,2026-09-12,Liverpool,Fulham,btts,no,Bovada,128
2026-09-02T19:22:14+00:00,63da4075a4ae406575fd3086b839fe49,2026-09-12,Liverpool,Fulham,btts,no,DraftKings,125
2026-09-02T19:22:14+00:00,63da4075a4ae406575fd3086b839fe49,2026-09-12,Liverpool,Fulham,btts,no,FanDuel,122
2026-09-02T19:22:14+00:00,63da4075a4ae406575fd3086b839fe49,2026-09-12,Liverpool,Fulham,btts,no,Fanatics,130
2026-09-02T19:22:14+00:00,63da4075a4ae406575fd3086b839fe49,2026-09-12,Liverpool,Fulham,btts,yes,BetRivers,-180
2026-09-02T19:22:14+00:00,63da4075a4ae406575fd3086b839fe49,2026-09-12,Liverpool,Fulham,btts,yes,Bovada,-170
2026-09-02T19:22:14+00:00,63da4075a4ae406575fd3086b839fe49,2026-09-12,Liverpool,Fulham,btts,yes,DraftKings,-175
2026-09-02T19:22:14+00:00,63da4075a4ae406575fd3086b839fe49,2026-09-12,Liverpool,Fulham,btts,yes,FanDuel,-156
2026-09-02T19:22:14+00:00,63da4075a4ae406575fd3086b839fe49,2026-09-12,Liverpool,Fulham,btts,yes,Fanatics,-170
2026-09-02T19:22:14+00:00,63da4075a4ae406575fd3086b839fe49,2026-09-12,Liverpool,Fulham,corners_1x2,away,BetRivers,235
2026-09-02T19:22:14+00:00,63da4075a4ae406575fd3086b839fe49,2026-09-12,Liverpool,Fulham,corners_1x2,draw,BetRivers,750
2026-09-02T19:22:14+00:00,63da4075a4ae406575fd3086b839fe49,2026-09-12,Liverpool,Fulham,corners_1x2,home,BetRivers,-265
2026-09-02T19:22:14+00:00,63da4075a4ae406575fd3086b839fe49,2026-09-12,Liverpool,Fulham,corners_total_10_5,over,BetRivers,-141
2026-09-02T19:22:14+00:00,63da4075a4ae406575fd3086b839fe49,2026-09-12,Liverpool,Fulham,corners_total_10_5,under,BetRivers,-104
2026-09-02T19:22:14+00:00,63da4075a4ae406575fd3086b839fe49,2026-09-12,Liverpool,Fulham,corners_total_9_5,over,BetRivers,-225
2026-09-02T19:22:14+00:00,63da4075a4ae406575fd3086b839fe49,2026-09-12,Liverpool,Fulham,corners_total_9_5,under,BetRivers,148
2026-09-02T19:22:14+00:00,63da4075a4ae406575fd3086b839fe49,2026-09-12,Liverpool,Fulham,double_chance,draw_or_away,BetRivers,150
2026-09-02T19:22:14+00:00,63da4075a4ae406575fd3086b839fe49,2026-09-12,Liverpool,Fulham,double_chance,draw_or_away,Bovada,165
2026-09-02T19:22:14+00:00,63da4075a4ae406575fd3086b839fe49,2026-09-12,Liverpool,Fulham,double_chance,draw_or_away,DraftKings,155
2026-09-02T19:22:14+00:00,63da4075a4ae406575fd3086b839fe49,2026-09-12,Liverpool,Fulham,double_chance,draw_or_away,FanDuel,180
2026-09-02T19:22:14+00:00,63da4075a4ae406575fd3086b839fe49,2026-09-12,Liverpool,Fulham,double_chance,draw_or_away,Fanatics,175
2026-09-02T19:22:14+00:00,63da4075a4ae406575fd3086b839fe49,2026-09-12,Liverpool,Fulham,double_chance,home_or_away,BetRivers,-670
2026-09-02T19:22:14+00:00,63da4075a4ae406575fd3086b839fe49,2026-09-12,Liverpool,Fulham,double_chance,home_or_away,Bovada,-550
2026-09-02T19:22:14+00:00,63da4075a4ae406575fd3086b839fe49,2026-09-12,Liverpool,Fulham,double_chance,home_or_away,DraftKings,-650
2026-09-02T19:22:14+00:00,63da4075a4ae406575fd3086b839fe49,2026-09-12,Liverpool,Fulham,double_chance,home_or_away,FanDuel,-550
2026-09-02T19:22:14+00:00,63da4075a4ae406575fd3086b839fe49,2026-09-12,Liverpool,Fulham,double_chance,home_or_away,Fanatics,-550
2026-09-02T19:22:14+00:00,63da4075a4ae406575fd3086b839fe49,2026-09-12,Liverpool,Fulham,double_chance,home_or_draw,BetRivers,-1000
2026-09-02T19:22:14+00:00,63da4075a4ae406575fd3086b839fe49,2026-09-12,Liverpool,Fulham,double_chance,home_or_draw,Bovada,-950
2026-09-02T19:22:14+00:00,63da4075a4ae406575fd3086b839fe49,2026-09-12,Liverpool,Fulham,double_chance,home_or_draw,DraftKings,-900
2026-09-02T19:22:14+00:00,63da4075a4ae406575fd3086b839fe49,2026-09-12,Liverpool,Fulham,double_chance,home_or_draw,FanDuel,-900
2026-09-02T19:22:14+00:00,63da4075a4ae406575fd3086b839fe49,2026-09-12,Liverpool,Fulham,double_chance,home_or_draw,Fanatics,-800
2026-09-02T19:22:14+00:00,63da4075a4ae406575fd3086b839fe49,2026-09-12,Liverpool,Fulham,draw_no_bet,away,BetRivers,330
2026-09-02T19:22:14+00:00,63da4075a4ae406575fd3086b839fe49,2026-09-12,Liverpool,Fulham,draw_no_bet,away,Bovada,395
2026-09-02T19:22:14+00:00,63da4075a4ae406575fd3086b839fe49,2026-09-12,Liverpool,Fulham,draw_no_bet,away,DraftKings,360
2026-09-02T19:22:14+00:00,63da4075a4ae406575fd3086b839fe49,2026-09-12,Liverpool,Fulham,draw_no_bet,away,FanDuel,460
2026-09-02T19:22:14+00:00,63da4075a4ae406575fd3086b839fe49,2026-09-12,Liverpool,Fulham,draw_no_bet,away,Fanatics,375
2026-09-02T19:22:14+00:00,63da4075a4ae406575fd3086b839fe49,2026-09-12,Liverpool,Fulham,draw_no_bet,home,BetRivers,-590
2026-09-02T19:22:14+00:00,63da4075a4ae406575fd3086b839fe49,2026-09-12,Liverpool,Fulham,draw_no_bet,home,Bovada,-550
2026-09-02T19:22:14+00:00,63da4075a4ae406575fd3086b839fe49,2026-09-12,Liverpool,Fulham,draw_no_bet,home,DraftKings,-650
2026-09-02T19:22:14+00:00,63da4075a4ae406575fd3086b839fe49,2026-09-12,Liverpool,Fulham,draw_no_bet,home,FanDuel,-650
2026-09-02T19:22:14+00:00,63da4075a4ae406575fd3086b839fe49,2026-09-12,Liverpool,Fulham,draw_no_bet,home,Fanatics,-575
2026-09-02T19:22:14+00:00,63da4075a4ae406575fd3086b839fe49,2026-09-12,Liverpool,Fulham,total_2_5,over,BetRivers,-220
2026-09-02T19:22:14+00:00,63da4075a4ae406575fd3086b839fe49,2026-09-12,Liverpool,Fulham,total_2_5,over,Bovada,-217
2026-09-02T19:22:14+00:00,63da4075a4ae406575fd3086b839fe49,2026-09-12,Liverpool,Fulham,total_2_5,over,DraftKings,-230
2026-09-02T19:22:14+00:00,63da4075a4ae406575fd3086b839fe49,2026-09-12,Liverpool,Fulham,total_2_5,over,FanDuel,-210
2026-09-02T19:22:14+00:00,63da4075a4ae406575fd3086b839fe49,2026-09-12,Liverpool,Fulham,total_2_5,over,Fanatics,-225
2026-09-02T19:22:14+00:00,63da4075a4ae406575fd3086b839fe49,2026-09-12,Liverpool,Fulham,total_2_5,under,BetRivers,170
2026-09-02T19:22:14+00:00,63da4075a4ae406575fd3086b839fe49,2026-09-12,Liverpool,Fulham,total_2_5,under,Bovada,175
2026-09-02T19:22:14+00:00,63da4075a4ae406575fd3086b839fe49,2026-09-12,Liverpool,Fulham,total_2_5,under,DraftKings,165
2026-09-02T19:22:14+00:00,63da4075a4ae406575fd3086b839fe49,2026-09-12,Liverpool,Fulham,total_2_5,under,FanDuel,168
2026-09-02T19:22:14+00:00,63da4075a4ae406575fd3086b839fe49,2026-09-12,Liverpool,Fulham,total_2_5,under,Fanatics,165
2026-09-02T19:22:14+00:00,686358c484cc44fe8e617674c335d531,2026-09-05,Newcastle,Bournemouth,1x2,away,BetMGM,180
2026-09-02T19:22:14+00:00,686358c484cc44fe8e617674c335d531,2026-09-05,Newcastle,Bournemouth,1x2,away,BetOnline.ag,205
2026-09-02T19:22:14+00:00,686358c484cc44fe8e617674c335d531,2026-09-05,Newcastle,Bournemouth,1x2,away,BetRivers,215
2026-09-02T19:22:14+00:00,686358c484cc44fe8e617674c335d531,2026-09-05,Newcastle,Bournemouth,1x2,away,BetUS,210
2026-09-02T19:22:14+00:00,686358c484cc44fe8e617674c335d531,2026-09-05,Newcastle,Bournemouth,1x2,away,Bovada,210
2026-09-02T19:22:14+00:00,686358c484cc44fe8e617674c335d531,2026-09-05,Newcastle,Bournemouth,1x2,away,Caesars,205
2026-09-02T19:22:14+00:00,686358c484cc44fe8e617674c335d531,2026-09-05,Newcastle,Bournemouth,1x2,away,DraftKings,210
2026-09-02T19:22:14+00:00,686358c484cc44fe8e617674c335d531,2026-09-05,Newcastle,Bournemouth,1x2,away,FanDuel,210
2026-09-02T19:22:14+00:00,686358c484cc44fe8e617674c335d531,2026-09-05,Newcastle,Bournemouth,1x2,away,Fanatics,220
2026-09-02T19:22:14+00:00,686358c484cc44fe8e617674c335d531,2026-09-05,Newcastle,Bournemouth,1x2,away,LowVig.ag,205
2026-09-02T19:22:14+00:00,686358c484cc44fe8e617674c335d531,2026-09-05,Newcastle,Bournemouth,1x2,away,MyBookie.ag,200
2026-09-02T19:22:14+00:00,686358c484cc44fe8e617674c335d531,2026-09-05,Newcastle,Bournemouth,1x2,draw,BetMGM,240
2026-09-02T19:22:14+00:00,686358c484cc44fe8e617674c335d531,2026-09-05,Newcastle,Bournemouth,1x2,draw,BetOnline.ag,260
2026-09-02T19:22:14+00:00,686358c484cc44fe8e617674c335d531,2026-09-05,Newcastle,Bournemouth,1x2,draw,BetRivers,270
2026-09-02T19:22:14+00:00,686358c484cc44fe8e617674c335d531,2026-09-05,Newcastle,Bournemouth,1x2,draw,BetUS,270
2026-09-02T19:22:14+00:00,686358c484cc44fe8e617674c335d531,2026-09-05,Newcastle,Bournemouth,1x2,draw,Bovada,270
2026-09-02T19:22:14+00:00,686358c484cc44fe8e617674c335d531,2026-09-05,Newcastle,Bournemouth,1x2,draw,Caesars,260
2026-09-02T19:22:14+00:00,686358c484cc44fe8e617674c335d531,2026-09-05,Newcastle,Bournemouth,1x2,draw,DraftKings,270
2026-09-02T19:22:14+00:00,686358c484cc44fe8e617674c335d531,2026-09-05,Newcastle,Bournemouth,1x2,draw,FanDuel,260
2026-09-02T19:22:14+00:00,686358c484cc44fe8e617674c335d531,2026-09-05,Newcastle,Bournemouth,1x2,draw,Fanatics,260
2026-09-02T19:22:14+00:00,686358c484cc44fe8e617674c335d531,2026-09-05,Newcastle,Bournemouth,1x2,draw,LowVig.ag,260
2026-09-02T19:22:14+00:00,686358c484cc44fe8e617674c335d531,2026-09-05,Newcastle,Bournemouth,1x2,draw,MyBookie.ag,255
2026-09-02T19:22:14+00:00,686358c484cc44fe8e617674c335d531,2026-09-05,Newcastle,Bournemouth,1x2,home,BetMGM,110
2026-09-02T19:22:14+00:00,686358c484cc44fe8e617674c335d531,2026-09-05,Newcastle,Bournemouth,1x2,home,BetOnline.ag,118
2026-09-02T19:22:14+00:00,686358c484cc44fe8e617674c335d531,2026-09-05,Newcastle,Bournemouth,1x2,home,BetRivers,116
2026-09-02T19:22:14+00:00,686358c484cc44fe8e617674c335d531,2026-09-05,Newcastle,Bournemouth,1x2,home,BetUS,120
2026-09-02T19:22:14+00:00,686358c484cc44fe8e617674c335d531,2026-09-05,Newcastle,Bournemouth,1x2,home,Bovada,120
2026-09-02T19:22:14+00:00,686358c484cc44fe8e617674c335d531,2026-09-05,Newcastle,Bournemouth,1x2,home,Caesars,120
2026-09-02T19:22:14+00:00,686358c484cc44fe8e617674c335d531,2026-09-05,Newcastle,Bournemouth,1x2,home,DraftKings,120
2026-09-02T19:22:14+00:00,686358c484cc44fe8e617674c335d531,2026-09-05,Newcastle,Bournemouth,1x2,home,FanDuel,110
2026-09-02T19:22:14+00:00,686358c484cc44fe8e617674c335d531,2026-09-05,Newcastle,Bournemouth,1x2,home,Fanatics,115
2026-09-02T19:22:14+00:00,686358c484cc44fe8e617674c335d531,2026-09-05,Newcastle,Bournemouth,1x2,home,LowVig.ag,118
2026-09-02T19:22:14+00:00,686358c484cc44fe8e617674c335d531,2026-09-05,Newcastle,Bournemouth,1x2,home,MyBookie.ag,115
2026-09-02T19:22:14+00:00,686358c484cc44fe8e617674c335d531,2026-09-05,Newcastle,Bournemouth,btts,no,BetMGM,145
2026-09-02T19:22:14+00:00,686358c484cc44fe8e617674c335d531,2026-09-05,Newcastle,Bournemouth,btts,no,BetOnline.ag,156
2026-09-02T19:22:14+00:00,686358c484cc44fe8e617674c335d531,2026-09-05,Newcastle,Bournemouth,btts,no,BetRivers,150
2026-09-02T19:22:14+00:00,686358c484cc44fe8e617674c335d531,2026-09-05,Newcastle,Bournemouth,btts,no,Bovada,150
2026-09-02T19:22:14+00:00,686358c484cc44fe8e617674c335d531,2026-09-05,Newcastle,Bournemouth,btts,no,Caesars,142
2026-09-02T19:22:14+00:00,686358c484cc44fe8e617674c335d531,2026-09-05,Newcastle,Bournemouth,btts,no,DraftKings,160
2026-09-02T19:22:14+00:00,686358c484cc44fe8e617674c335d531,2026-09-05,Newcastle,Bournemouth,btts,no,FanDuel,164
2026-09-02T19:22:14+00:00,686358c484cc44fe8e617674c335d531,2026-09-05,Newcastle,Bournemouth,btts,no,Fanatics,150
2026-09-02T19:22:14+00:00,686358c484cc44fe8e617674c335d531,2026-09-05,Newcastle,Bournemouth,btts,no,MyBookie.ag,146
2026-09-02T19:22:14+00:00,686358c484cc44fe8e617674c335d531,2026-09-05,Newcastle,Bournemouth,btts,yes,BetMGM,-210
2026-09-02T19:22:14+00:00,686358c484cc44fe8e617674c335d531,2026-09-05,Newcastle,Bournemouth,btts,yes,BetOnline.ag,-217
2026-09-02T19:22:14+00:00,686358c484cc44fe8e617674c335d531,2026-09-05,Newcastle,Bournemouth,btts,yes,BetRivers,-210
2026-09-02T19:22:14+00:00,686358c484cc44fe8e617674c335d531,2026-09-05,Newcastle,Bournemouth,btts,yes,Bovada,-200
2026-09-02T19:22:14+00:00,686358c484cc44fe8e617674c335d531,2026-09-05,Newcastle,Bournemouth,btts,yes,Caesars,-182
2026-09-02T19:22:14+00:00,686358c484cc44fe8e617674c335d531,2026-09-05,Newcastle,Bournemouth,btts,yes,DraftKings,-205
2026-09-02T19:22:14+00:00,686358c484cc44fe8e617674c335d531,2026-09-05,Newcastle,Bournemouth,btts,yes,FanDuel,-215
2026-09-02T19:22:14+00:00,686358c484cc44fe8e617674c335d531,2026-09-05,Newcastle,Bournemouth,btts,yes,Fanatics,-200
2026-09-02T19:22:14+00:00,686358c484cc44fe8e617674c335d531,2026-09-05,Newcastle,Bournemouth,btts,yes,MyBookie.ag,-206
2026-09-02T19:22:14+00:00,686358c484cc44fe8e617674c335d531,2026-09-05,Newcastle,Bournemouth,corners_1x2,away,BetMGM,160
2026-09-02T19:22:14+00:00,686358c484cc44fe8e617674c335d531,2026-09-05,Newcastle,Bournemouth,corners_1x2,away,BetRivers,135
2026-09-02T19:22:14+00:00,686358c484cc44fe8e617674c335d531,2026-09-05,Newcastle,Bournemouth,corners_1x2,away,Bovada,160
2026-09-02T19:22:14+00:00,686358c484cc44fe8e617674c335d531,2026-09-05,Newcastle,Bournemouth,corners_1x2,away,DraftKings,180
2026-09-02T19:22:14+00:00,686358c484cc44fe8e617674c335d531,2026-09-05,Newcastle,Bournemouth,corners_1x2,draw,BetMGM,725
2026-09-02T19:22:14+00:00,686358c484cc44fe8e617674c335d531,2026-09-05,Newcastle,Bournemouth,corners_1x2,draw,BetRivers,650
2026-09-02T19:22:14+00:00,686358c484cc44fe8e617674c335d531,2026-09-05,Newcastle,Bournemouth,corners_1x2,draw,Bovada,725
2026-09-02T19:22:14+00:00,686358c484cc44fe8e617674c335d531,2026-09-05,Newcastle,Bournemouth,corners_1x2,draw,DraftKings,650
2026-09-02T19:22:14+00:00,686358c484cc44fe8e617674c335d531,2026-09-05,Newcastle,Bournemouth,corners_1x2,home,BetMGM,-155
2026-09-02T19:22:14+00:00,686358c484cc44fe8e617674c335d531,2026-09-05,Newcastle,Bournemouth,corners_1x2,home,BetRivers,-139
2026-09-02T19:22:14+00:00,686358c484cc44fe8e617674c335d531,2026-09-05,Newcastle,Bournemouth,corners_1x2,home,Bovada,-154
2026-09-02T19:22:14+00:00,686358c484cc44fe8e617674c335d531,2026-09-05,Newcastle,Bournemouth,corners_1x2,home,DraftKings,-160
2026-09-02T19:22:14+00:00,686358c484cc44fe8e617674c335d531,2026-09-05,Newcastle,Bournemouth,corners_total_10_5,over,BetMGM,-145
2026-09-02T19:22:14+00:00,686358c484cc44fe8e617674c335d531,2026-09-05,Newcastle,Bournemouth,corners_total_10_5,over,BetRivers,-143
2026-09-02T19:22:14+00:00,686358c484cc44fe8e617674c335d531,2026-09-05,Newcastle,Bournemouth,corners_total_10_5,over,Bovada,-135
2026-09-02T19:22:14+00:00,686358c484cc44fe8e617674c335d531,2026-09-05,Newcastle,Bournemouth,corners_total_10_5,over,Caesars,-130
2026-09-02T19:22:14+00:00,686358c484cc44fe8e617674c335d531,2026-09-05,Newcastle,Bournemouth,corners_total_10_5,over,DraftKings,-140
2026-09-02T19:22:14+00:00,686358c484cc44fe8e617674c335d531,2026-09-05,Newcastle,Bournemouth,corners_total_10_5,over,MyBookie.ag,-125
2026-09-02T19:22:14+00:00,686358c484cc44fe8e617674c335d531,2026-09-05,Newcastle,Bournemouth,corners_total_10_5,under,BetMGM,105
2026-09-02T19:22:14+00:00,686358c484cc44fe8e617674c335d531,2026-09-05,Newcastle,Bournemouth,corners_total_10_5,under,BetRivers,-103
2026-09-02T19:22:14+00:00,686358c484cc44fe8e617674c335d531,2026-09-05,Newcastle,Bournemouth,corners_total_10_5,under,Bovada,105
2026-09-02T19:22:14+00:00,686358c484cc44fe8e617674c335d531,2026-09-05,Newcastle,Bournemouth,corners_total_10_5,under,Caesars,103
2026-09-02T19:22:14+00:00,686358c484cc44fe8e617674c335d531,2026-09-05,Newcastle,Bournemouth,corners_total_10_5,under,DraftKings,100
2026-09-02T19:22:14+00:00,686358c484cc44fe8e617674c335d531,2026-09-05,Newcastle,Bournemouth,corners_total_10_5,under,MyBookie.ag,-110
2026-09-02T19:22:14+00:00,686358c484cc44fe8e617674c335d531,2026-09-05,Newcastle,Bournemouth,corners_total_9_5,over,BetMGM,-250
2026-09-02T19:22:14+00:00,686358c484cc44fe8e617674c335d531,2026-09-05,Newcastle,Bournemouth,corners_total_9_5,over,BetRivers,-240
2026-09-02T19:22:14+00:00,686358c484cc44fe8e617674c335d531,2026-09-05,Newcastle,Bournemouth,corners_total_9_5,over,DraftKings,-225
2026-09-02T19:22:14+00:00,686358c484cc44fe8e617674c335d531,2026-09-05,Newcastle,Bournemouth,corners_total_9_5,under,BetMGM,170
2026-09-02T19:22:14+00:00,686358c484cc44fe8e617674c335d531,2026-09-05,Newcastle,Bournemouth,corners_total_9_5,under,BetRivers,155
2026-09-02T19:22:14+00:00,686358c484cc44fe8e617674c335d531,2026-09-05,Newcastle,Bournemouth,corners_total_9_5,under,DraftKings,160
2026-09-02T19:22:14+00:00,686358c484cc44fe8e617674c335d531,2026-09-05,Newcastle,Bournemouth,double_chance,draw_or_away,BetOnline.ag,-145
2026-09-02T19:22:14+00:00,686358c484cc44fe8e617674c335d531,2026-09-05,Newcastle,Bournemouth,double_chance,draw_or_away,BetRivers,-148
2026-09-02T19:22:14+00:00,686358c484cc44fe8e617674c335d531,2026-09-05,Newcastle,Bournemouth,double_chance,draw_or_away,Bovada,-148
2026-09-02T19:22:14+00:00,686358c484cc44fe8e617674c335d531,2026-09-05,Newcastle,Bournemouth,double_chance,draw_or_away,DraftKings,-150
2026-09-02T19:22:14+00:00,686358c484cc44fe8e617674c335d531,2026-09-05,Newcastle,Bournemouth,double_chance,draw_or_away,FanDuel,-155
2026-09-02T19:22:14+00:00,686358c484cc44fe8e617674c335d531,2026-09-05,Newcastle,Bournemouth,double_chance,draw_or_away,Fanatics,-145
2026-09-02T19:22:14+00:00,686358c484cc44fe8e617674c335d531,2026-09-05,Newcastle,Bournemouth,double_chance,draw_or_away,MyBookie.ag,-198
2026-09-02T19:22:14+00:00,686358c484cc44fe8e617674c335d531,2026-09-05,Newcastle,Bournemouth,double_chance,home_or_away,BetOnline.ag,-345
2026-09-02T19:22:14+00:00,686358c484cc44fe8e617674c335d531,2026-09-05,Newcastle,Bournemouth,double_chance,home_or_away,BetRivers,-375
2026-09-02T19:22:14+00:00,686358c484cc44fe8e617674c335d531,2026-09-05,Newcastle,Bournemouth,double_chance,home_or_away,Bovada,-375
2026-09-02T19:22:14+00:00,686358c484cc44fe8e617674c335d531,2026-09-05,Newcastle,Bournemouth,double_chance,home_or_away,DraftKings,-350
2026-09-02T19:22:14+00:00,686358c484cc44fe8e617674c335d531,2026-09-05,Newcastle,Bournemouth,double_chance,home_or_away,FanDuel,-360
2026-09-02T19:22:14+00:00,686358c484cc44fe8e617674c335d531,2026-09-05,Newcastle,Bournemouth,double_chance,home_or_away,Fanatics,-350
2026-09-02T19:22:14+00:00,686358c484cc44fe8e617674c335d531,2026-09-05,Newcastle,Bournemouth,double_chance,home_or_away,MyBookie.ag,-429
2026-09-02T19:22:14+00:00,686358c484cc44fe8e617674c335d531,2026-09-05,Newcastle,Bournemouth,double_chance,home_or_draw,BetOnline.ag,-286
2026-09-02T19:22:14+00:00,686358c484cc44fe8e617674c335d531,2026-09-05,Newcastle,Bournemouth,double_chance,home_or_draw,BetRivers,-286
2026-09-02T19:22:14+00:00,686358c484cc44fe8e617674c335d531,2026-09-05,Newcastle,Bournemouth,double_chance,home_or_draw,Bovada,-290
2026-09-02T19:22:14+00:00,686358c484cc44fe8e617674c335d531,2026-09-05,Newcastle,Bournemouth,double_chance,home_or_draw,DraftKings,-265
2026-09-02T19:22:14+00:00,686358c484cc44fe8e617674c335d531,2026-09-05,Newcastle,Bournemouth,double_chance,home_or_draw,FanDuel,-300
2026-09-02T19:22:14+00:00,686358c484cc44fe8e617674c335d531,2026-09-05,Newcastle,Bournemouth,double_chance,home_or_draw,Fanatics,-275
2026-09-02T19:22:14+00:00,686358c484cc44fe8e617674c335d531,2026-09-05,Newcastle,Bournemouth,double_chance,home_or_draw,MyBookie.ag,-340
2026-09-02T19:22:14+00:00,686358c484cc44fe8e617674c335d531,2026-09-05,Newcastle,Bournemouth,draw_no_bet,away,BetMGM,115
2026-09-02T19:22:14+00:00,686358c484cc44fe8e617674c335d531,2026-09-05,Newcastle,Bournemouth,draw_no_bet,away,BetOnline.ag,128
2026-09-02T19:22:14+00:00,686358c484cc44fe8e617674c335d531,2026-09-05,Newcastle,Bournemouth,draw_no_bet,away,BetRivers,123
2026-09-02T19:22:14+00:00,686358c484cc44fe8e617674c335d531,2026-09-05,Newcastle,Bournemouth,draw_no_bet,away,Bovada,136
2026-09-02T19:22:14+00:00,686358c484cc44fe8e617674c335d531,2026-09-05,Newcastle,Bournemouth,draw_no_bet,away,Caesars,120
2026-09-02T19:22:14+00:00,686358c484cc44fe8e617674c335d531,2026-09-05,Newcastle,Bournemouth,draw_no_bet,away,DraftKings,130
2026-09-02T19:22:14+00:00,686358c484cc44fe8e617674c335d531,2026-09-05,Newcastle,Bournemouth,draw_no_bet,away,FanDuel,140
2026-09-02T19:22:14+00:00,686358c484cc44fe8e617674c335d531,2026-09-05,Newcastle,Bournemouth,draw_no_bet,away,Fanatics,130
2026-09-02T19:22:14+00:00,686358c484cc44fe8e617674c335d531,2026-09-05,Newcastle,Bournemouth,draw_no_bet,away,MyBookie.ag,125
2026-09-02T19:22:14+00:00,686358c484cc44fe8e617674c335d531,2026-09-05,Newcastle,Bournemouth,draw_no_bet,home,BetMGM,-165
2026-09-02T19:22:14+00:00,686358c484cc44fe8e617674c335d531,2026-09-05,Newcastle,Bournemouth,draw_no_bet,home,BetOnline.ag,-161
2026-09-02T19:22:14+00:00,686358c484cc44fe8e617674c335d531,2026-09-05,Newcastle,Bournemouth,draw_no_bet,home,BetRivers,-180
2026-09-02T19:22:14+00:00,686358c484cc44fe8e617674c335d531,2026-09-05,Newcastle,Bournemouth,draw_no_bet,home,Bovada,-165
2026-09-02T19:22:14+00:00,686358c484cc44fe8e617674c335d531,2026-09-05,Newcastle,Bournemouth,draw_no_bet,home,Caesars,-150
2026-09-02T19:22:14+00:00,686358c484cc44fe8e617674c335d531,2026-09-05,Newcastle,Bournemouth,draw_no_bet,home,DraftKings,-165
2026-09-02T19:22:14+00:00,686358c484cc44fe8e617674c335d531,2026-09-05,Newcastle,Bournemouth,draw_no_bet,home,FanDuel,-166
2026-09-02T19:22:14+00:00,686358c484cc44fe8e617674c335d531,2026-09-05,Newcastle,Bournemouth,draw_no_bet,home,Fanatics,-170
2026-09-02T19:22:14+00:00,686358c484cc44fe8e617674c335d531,2026-09-05,Newcastle,Bournemouth,draw_no_bet,home,MyBookie.ag,-161
2026-09-02T19:22:14+00:00,686358c484cc44fe8e617674c335d531,2026-09-05,Newcastle,Bournemouth,total_2_5,over,BetMGM,-175
2026-09-02T19:22:14+00:00,686358c484cc44fe8e617674c335d531,2026-09-05,Newcastle,Bournemouth,total_2_5,over,BetRivers,-177
2026-09-02T19:22:14+00:00,686358c484cc44fe8e617674c335d531,2026-09-05,Newcastle,Bournemouth,total_2_5,over,Bovada,-168
2026-09-02T19:22:14+00:00,686358c484cc44fe8e617674c335d531,2026-09-05,Newcastle,Bournemouth,total_2_5,over,Caesars,-173
2026-09-02T19:22:14+00:00,686358c484cc44fe8e617674c335d531,2026-09-05,Newcastle,Bournemouth,total_2_5,over,DraftKings,-175
2026-09-02T19:22:14+00:00,686358c484cc44fe8e617674c335d531,2026-09-05,Newcastle,Bournemouth,total_2_5,over,FanDuel,-176
2026-09-02T19:22:14+00:00,686358c484cc44fe8e617674c335d531,2026-09-05,Newcastle,Bournemouth,total_2_5,over,Fanatics,-175
2026-09-02T19:22:14+00:00,686358c484cc44fe8e617674c335d531,2026-09-05,Newcastle,Bournemouth,total_2_5,over,MyBookie.ag,-182
2026-09-02T19:22:14+00:00,686358c484cc44fe8e617674c335d531,2026-09-05,Newcastle,Bournemouth,total_2_5,under,BetMGM,125
2026-09-02T19:22:14+00:00,686358c484cc44fe8e617674c335d531,2026-09-05,Newcastle,Bournemouth,total_2_5,under,BetRivers,135
2026-09-02T19:22:14+00:00,686358c484cc44fe8e617674c335d531,2026-09-05,Newcastle,Bournemouth,total_2_5,under,Bovada,138
2026-09-02T19:22:14+00:00,686358c484cc44fe8e617674c335d531,2026-09-05,Newcastle,Bournemouth,total_2_5,under,Caesars,134
2026-09-02T19:22:14+00:00,686358c484cc44fe8e617674c335d531,2026-09-05,Newcastle,Bournemouth,total_2_5,under,DraftKings,140
2026-09-02T19:22:14+00:00,686358c484cc44fe8e617674c335d531,2026-09-05,Newcastle,Bournemouth,total_2_5,under,FanDuel,142
2026-09-02T19:22:14+00:00,686358c484cc44fe8e617674c335d531,2026-09-05,Newcastle,Bournemouth,total_2_5,under,Fanatics,135
2026-09-02T19:22:14+00:00,686358c484cc44fe8e617674c335d531,2026-09-05,Newcastle,Bournemouth,total_2_5,under,MyBookie.ag,130
2026-09-02T19:22:14+00:00,78d4dfda8c2dc27bdc3ec26c2654f8fc,2026-09-06,Arsenal,Chelsea,1x2,away,BetMGM,350
2026-09-02T19:22:14+00:00,78d4dfda8c2dc27bdc3ec26c2654f8fc,2026-09-06,Arsenal,Chelsea,1x2,away,BetOnline.ag,400
2026-09-02T19:22:14+00:00,78d4dfda8c2dc27bdc3ec26c2654f8fc,2026-09-06,Arsenal,Chelsea,1x2,away,BetRivers,410
2026-09-02T19:22:14+00:00,78d4dfda8c2dc27bdc3ec26c2654f8fc,2026-09-06,Arsenal,Chelsea,1x2,away,BetUS,400
2026-09-02T19:22:14+00:00,78d4dfda8c2dc27bdc3ec26c2654f8fc,2026-09-06,Arsenal,Chelsea,1x2,away,Bovada,400
2026-09-02T19:22:14+00:00,78d4dfda8c2dc27bdc3ec26c2654f8fc,2026-09-06,Arsenal,Chelsea,1x2,away,Caesars,390
2026-09-02T19:22:14+00:00,78d4dfda8c2dc27bdc3ec26c2654f8fc,2026-09-06,Arsenal,Chelsea,1x2,away,DraftKings,400
2026-09-02T19:22:14+00:00,78d4dfda8c2dc27bdc3ec26c2654f8fc,2026-09-06,Arsenal,Chelsea,1x2,away,FanDuel,420
2026-09-02T19:22:14+00:00,78d4dfda8c2dc27bdc3ec26c2654f8fc,2026-09-06,Arsenal,Chelsea,1x2,away,Fanatics,425
2026-09-02T19:22:14+00:00,78d4dfda8c2dc27bdc3ec26c2654f8fc,2026-09-06,Arsenal,Chelsea,1x2,away,LowVig.ag,400
2026-09-02T19:22:14+00:00,78d4dfda8c2dc27bdc3ec26c2654f8fc,2026-09-06,Arsenal,Chelsea,1x2,away,MyBookie.ag,370
2026-09-02T19:22:14+00:00,78d4dfda8c2dc27bdc3ec26c2654f8fc,2026-09-06,Arsenal,Chelsea,1x2,draw,BetMGM,250
2026-09-02T19:22:14+00:00,78d4dfda8c2dc27bdc3ec26c2654f8fc,2026-09-06,Arsenal,Chelsea,1x2,draw,BetOnline.ag,295
2026-09-02T19:22:14+00:00,78d4dfda8c2dc27bdc3ec26c2654f8fc,2026-09-06,Arsenal,Chelsea,1x2,draw,BetRivers,275
2026-09-02T19:22:14+00:00,78d4dfda8c2dc27bdc3ec26c2654f8fc,2026-09-06,Arsenal,Chelsea,1x2,draw,BetUS,295
2026-09-02T19:22:14+00:00,78d4dfda8c2dc27bdc3ec26c2654f8fc,2026-09-06,Arsenal,Chelsea,1x2,draw,Bovada,280
2026-09-02T19:22:14+00:00,78d4dfda8c2dc27bdc3ec26c2654f8fc,2026-09-06,Arsenal,Chelsea,1x2,draw,Caesars,270
2026-09-02T19:22:14+00:00,78d4dfda8c2dc27bdc3ec26c2654f8fc,2026-09-06,Arsenal,Chelsea,1x2,draw,DraftKings,280
2026-09-02T19:22:14+00:00,78d4dfda8c2dc27bdc3ec26c2654f8fc,2026-09-06,Arsenal,Chelsea,1x2,draw,FanDuel,280
2026-09-02T19:22:14+00:00,78d4dfda8c2dc27bdc3ec26c2654f8fc,2026-09-06,Arsenal,Chelsea,1x2,draw,Fanatics,260
2026-09-02T19:22:14+00:00,78d4dfda8c2dc27bdc3ec26c2654f8fc,2026-09-06,Arsenal,Chelsea,1x2,draw,LowVig.ag,295
2026-09-02T19:22:14+00:00,78d4dfda8c2dc27bdc3ec26c2654f8fc,2026-09-06,Arsenal,Chelsea,1x2,draw,MyBookie.ag,275
2026-09-02T19:22:14+00:00,78d4dfda8c2dc27bdc3ec26c2654f8fc,2026-09-06,Arsenal,Chelsea,1x2,home,BetMGM,-160
2026-09-02T19:22:14+00:00,78d4dfda8c2dc27bdc3ec26c2654f8fc,2026-09-06,Arsenal,Chelsea,1x2,home,BetOnline.ag,-139
2026-09-02T19:22:14+00:00,78d4dfda8c2dc27bdc3ec26c2654f8fc,2026-09-06,Arsenal,Chelsea,1x2,home,BetRivers,-143
2026-09-02T19:22:14+00:00,78d4dfda8c2dc27bdc3ec26c2654f8fc,2026-09-06,Arsenal,Chelsea,1x2,home,BetUS,-140
2026-09-02T19:22:14+00:00,78d4dfda8c2dc27bdc3ec26c2654f8fc,2026-09-06,Arsenal,Chelsea,1x2,home,Bovada,-143
2026-09-02T19:22:14+00:00,78d4dfda8c2dc27bdc3ec26c2654f8fc,2026-09-06,Arsenal,Chelsea,1x2,home,Caesars,-143
2026-09-02T19:22:14+00:00,78d4dfda8c2dc27bdc3ec26c2654f8fc,2026-09-06,Arsenal,Chelsea,1x2,home,DraftKings,-145
2026-09-02T19:22:14+00:00,78d4dfda8c2dc27bdc3ec26c2654f8fc,2026-09-06,Arsenal,Chelsea,1x2,home,FanDuel,-165
2026-09-02T19:22:14+00:00,78d4dfda8c2dc27bdc3ec26c2654f8fc,2026-09-06,Arsenal,Chelsea,1x2,home,Fanatics,-140
2026-09-02T19:22:14+00:00,78d4dfda8c2dc27bdc3ec26c2654f8fc,2026-09-06,Arsenal,Chelsea,1x2,home,LowVig.ag,-139
2026-09-02T19:22:14+00:00,78d4dfda8c2dc27bdc3ec26c2654f8fc,2026-09-06,Arsenal,Chelsea,1x2,home,MyBookie.ag,-150
2026-09-02T19:22:14+00:00,78d4dfda8c2dc27bdc3ec26c2654f8fc,2026-09-06,Arsenal,Chelsea,btts,no,BetMGM,100
2026-09-02T19:22:14+00:00,78d4dfda8c2dc27bdc3ec26c2654f8fc,2026-09-06,Arsenal,Chelsea,btts,no,BetOnline.ag,107
2026-09-02T19:22:14+00:00,78d4dfda8c2dc27bdc3ec26c2654f8fc,2026-09-06,Arsenal,Chelsea,btts,no,BetRivers,100
2026-09-02T19:22:14+00:00,78d4dfda8c2dc27bdc3ec26c2654f8fc,2026-09-06,Arsenal,Chelsea,btts,no,Bovada,100
2026-09-02T19:22:14+00:00,78d4dfda8c2dc27bdc3ec26c2654f8fc,2026-09-06,Arsenal,Chelsea,btts,no,Caesars,100
2026-09-02T19:22:14+00:00,78d4dfda8c2dc27bdc3ec26c2654f8fc,2026-09-06,Arsenal,Chelsea,btts,no,DraftKings,110
2026-09-02T19:22:14+00:00,78d4dfda8c2dc27bdc3ec26c2654f8fc,2026-09-06,Arsenal,Chelsea,btts,no,FanDuel,104
2026-09-02T19:22:14+00:00,78d4dfda8c2dc27bdc3ec26c2654f8fc,2026-09-06,Arsenal,Chelsea,btts,no,Fanatics,115
2026-09-02T19:22:14+00:00,78d4dfda8c2dc27bdc3ec26c2654f8fc,2026-09-06,Arsenal,Chelsea,btts,no,MyBookie.ag,101
2026-09-02T19:22:14+00:00,78d4dfda8c2dc27bdc3ec26c2654f8fc,2026-09-06,Arsenal,Chelsea,btts,yes,BetMGM,-145
2026-09-02T19:22:14+00:00,78d4dfda8c2dc27bdc3ec26c2654f8fc,2026-09-06,Arsenal,Chelsea,btts,yes,BetOnline.ag,-139
2026-09-02T19:22:14+00:00,78d4dfda8c2dc27bdc3ec26c2654f8fc,2026-09-06,Arsenal,Chelsea,btts,yes,BetRivers,-137
2026-09-02T19:22:14+00:00,78d4dfda8c2dc27bdc3ec26c2654f8fc,2026-09-06,Arsenal,Chelsea,btts,yes,Bovada,-130
2026-09-02T19:22:14+00:00,78d4dfda8c2dc27bdc3ec26c2654f8fc,2026-09-06,Arsenal,Chelsea,btts,yes,Caesars,-127
2026-09-02T19:22:14+00:00,78d4dfda8c2dc27bdc3ec26c2654f8fc,2026-09-06,Arsenal,Chelsea,btts,yes,DraftKings,-145
2026-09-02T19:22:14+00:00,78d4dfda8c2dc27bdc3ec26c2654f8fc,2026-09-06,Arsenal,Chelsea,btts,yes,FanDuel,-134
2026-09-02T19:22:14+00:00,78d4dfda8c2dc27bdc3ec26c2654f8fc,2026-09-06,Arsenal,Chelsea,btts,yes,Fanatics,-150
2026-09-02T19:22:14+00:00,78d4dfda8c2dc27bdc3ec26c2654f8fc,2026-09-06,Arsenal,Chelsea,btts,yes,MyBookie.ag,-140
2026-09-02T19:22:14+00:00,78d4dfda8c2dc27bdc3ec26c2654f8fc,2026-09-06,Arsenal,Chelsea,corners_1x2,away,BetMGM,290
2026-09-02T19:22:14+00:00,78d4dfda8c2dc27bdc3ec26c2654f8fc,2026-09-06,Arsenal,Chelsea,corners_1x2,away,BetRivers,255
2026-09-02T19:22:14+00:00,78d4dfda8c2dc27bdc3ec26c2654f8fc,2026-09-06,Arsenal,Chelsea,corners_1x2,away,Bovada,290
2026-09-02T19:22:14+00:00,78d4dfda8c2dc27bdc3ec26c2654f8fc,2026-09-06,Arsenal,Chelsea,corners_1x2,away,DraftKings,380
2026-09-02T19:22:14+00:00,78d4dfda8c2dc27bdc3ec26c2654f8fc,2026-09-06,Arsenal,Chelsea,corners_1x2,draw,BetMGM,725
2026-09-02T19:22:14+00:00,78d4dfda8c2dc27bdc3ec26c2654f8fc,2026-09-06,Arsenal,Chelsea,corners_1x2,draw,BetRivers,700
2026-09-02T19:22:14+00:00,78d4dfda8c2dc27bdc3ec26c2654f8fc,2026-09-06,Arsenal,Chelsea,corners_1x2,draw,Bovada,725
2026-09-02T19:22:14+00:00,78d4dfda8c2dc27bdc3ec26c2654f8fc,2026-09-06,Arsenal,Chelsea,corners_1x2,draw,DraftKings,800
2026-09-02T19:22:14+00:00,78d4dfda8c2dc27bdc3ec26c2654f8fc,2026-09-06,Arsenal,Chelsea,corners_1x2,home,BetMGM,-275
2026-09-02T19:22:14+00:00,78d4dfda8c2dc27bdc3ec26c2654f8fc,2026-09-06,Arsenal,Chelsea,corners_1x2,home,BetRivers,-278
2026-09-02T19:22:14+00:00,78d4dfda8c2dc27bdc3ec26c2654f8fc,2026-09-06,Arsenal,Chelsea,corners_1x2,home,Bovada,-280
2026-09-02T19:22:14+00:00,78d4dfda8c2dc27bdc3ec26c2654f8fc,2026-09-06,Arsenal,Chelsea,corners_1x2,home,DraftKings,-330
2026-09-02T19:22:14+00:00,78d4dfda8c2dc27bdc3ec26c2654f8fc,2026-09-06,Arsenal,Chelsea,corners_total_10_5,over,BetMGM,120
2026-09-02T19:22:14+00:00,78d4dfda8c2dc27bdc3ec26c2654f8fc,2026-09-06,Arsenal,Chelsea,corners_total_10_5,over,BetRivers,-103
2026-09-02T19:22:14+00:00,78d4dfda8c2dc27bdc3ec26c2654f8fc,2026-09-06,Arsenal,Chelsea,corners_total_10_5,over,Bovada,125
2026-09-02T19:22:14+00:00,78d4dfda8c2dc27bdc3ec26c2654f8fc,2026-09-06,Arsenal,Chelsea,corners_total_10_5,over,DraftKings,120
2026-09-02T19:22:14+00:00,78d4dfda8c2dc27bdc3ec26c2654f8fc,2026-09-06,Arsenal,Chelsea,corners_total_10_5,under,BetMGM,-165
2026-09-02T19:22:14+00:00,78d4dfda8c2dc27bdc3ec26c2654f8fc,2026-09-06,Arsenal,Chelsea,corners_total_10_5,under,BetRivers,-143
2026-09-02T19:22:14+00:00,78d4dfda8c2dc27bdc3ec26c2654f8fc,2026-09-06,Arsenal,Chelsea,corners_total_10_5,under,Bovada,-165
2026-09-02T19:22:14+00:00,78d4dfda8c2dc27bdc3ec26c2654f8fc,2026-09-06,Arsenal,Chelsea,corners_total_10_5,under,DraftKings,-180
2026-09-02T19:22:14+00:00,78d4dfda8c2dc27bdc3ec26c2654f8fc,2026-09-06,Arsenal,Chelsea,corners_total_9_5,over,BetMGM,-135
2026-09-02T19:22:14+00:00,78d4dfda8c2dc27bdc3ec26c2654f8fc,2026-09-06,Arsenal,Chelsea,corners_total_9_5,over,BetRivers,-165
2026-09-02T19:22:14+00:00,78d4dfda8c2dc27bdc3ec26c2654f8fc,2026-09-06,Arsenal,Chelsea,corners_total_9_5,over,Bovada,-128
2026-09-02T19:22:14+00:00,78d4dfda8c2dc27bdc3ec26c2654f8fc,2026-09-06,Arsenal,Chelsea,corners_total_9_5,over,Caesars,-127
2026-09-02T19:22:14+00:00,78d4dfda8c2dc27bdc3ec26c2654f8fc,2026-09-06,Arsenal,Chelsea,corners_total_9_5,over,DraftKings,-135
2026-09-02T19:22:14+00:00,78d4dfda8c2dc27bdc3ec26c2654f8fc,2026-09-06,Arsenal,Chelsea,corners_total_9_5,over,MyBookie.ag,-118
2026-09-02T19:22:14+00:00,78d4dfda8c2dc27bdc3ec26c2654f8fc,2026-09-06,Arsenal,Chelsea,corners_total_9_5,under,BetMGM,-105
2026-09-02T19:22:14+00:00,78d4dfda8c2dc27bdc3ec26c2654f8fc,2026-09-06,Arsenal,Chelsea,corners_total_9_5,under,BetRivers,112
2026-09-02T19:22:14+00:00,78d4dfda8c2dc27bdc3ec26c2654f8fc,2026-09-06,Arsenal,Chelsea,corners_total_9_5,under,Bovada,-102
2026-09-02T19:22:14+00:00,78d4dfda8c2dc27bdc3ec26c2654f8fc,2026-09-06,Arsenal,Chelsea,corners_total_9_5,under,Caesars,-102
2026-09-02T19:22:14+00:00,78d4dfda8c2dc27bdc3ec26c2654f8fc,2026-09-06,Arsenal,Chelsea,corners_total_9_5,under,DraftKings,-110
2026-09-02T19:22:14+00:00,78d4dfda8c2dc27bdc3ec26c2654f8fc,2026-09-06,Arsenal,Chelsea,corners_total_9_5,under,MyBookie.ag,-117
2026-09-02T19:22:14+00:00,78d4dfda8c2dc27bdc3ec26c2654f8fc,2026-09-06,Arsenal,Chelsea,double_chance,draw_or_away,BetRivers,112
2026-09-02T19:22:14+00:00,78d4dfda8c2dc27bdc3ec26c2654f8fc,2026-09-06,Arsenal,Chelsea,double_chance,draw_or_away,Bovada,113
2026-09-02T19:22:14+00:00,78d4dfda8c2dc27bdc3ec26c2654f8fc,2026-09-06,Arsenal,Chelsea,double_chance,draw_or_away,DraftKings,105
2026-09-02T19:22:14+00:00,78d4dfda8c2dc27bdc3ec26c2654f8fc,2026-09-06,Arsenal,Chelsea,double_chance,draw_or_away,FanDuel,115
2026-09-02T19:22:14+00:00,78d4dfda8c2dc27bdc3ec26c2654f8fc,2026-09-06,Arsenal,Chelsea,double_chance,draw_or_away,Fanatics,115
2026-09-02T19:22:14+00:00,78d4dfda8c2dc27bdc3ec26c2654f8fc,2026-09-06,Arsenal,Chelsea,double_chance,draw_or_away,MyBookie.ag,-122
2026-09-02T19:22:14+00:00,78d4dfda8c2dc27bdc3ec26c2654f8fc,2026-09-06,Arsenal,Chelsea,double_chance,home_or_away,BetRivers,-385
2026-09-02T19:22:14+00:00,78d4dfda8c2dc27bdc3ec26c2654f8fc,2026-09-06,Arsenal,Chelsea,double_chance,home_or_away,Bovada,-385
2026-09-02T19:22:14+00:00,78d4dfda8c2dc27bdc3ec26c2654f8fc,2026-09-06,Arsenal,Chelsea,double_chance,home_or_away,DraftKings,-390
2026-09-02T19:22:14+00:00,78d4dfda8c2dc27bdc3ec26c2654f8fc,2026-09-06,Arsenal,Chelsea,double_chance,home_or_away,FanDuel,-380
2026-09-02T19:22:14+00:00,78d4dfda8c2dc27bdc3ec26c2654f8fc,2026-09-06,Arsenal,Chelsea,double_chance,home_or_away,Fanatics,-350
2026-09-02T19:22:14+00:00,78d4dfda8c2dc27bdc3ec26c2654f8fc,2026-09-06,Arsenal,Chelsea,double_chance,home_or_away,MyBookie.ag,-490
2026-09-02T19:22:14+00:00,78d4dfda8c2dc27bdc3ec26c2654f8fc,2026-09-06,Arsenal,Chelsea,double_chance,home_or_draw,BetRivers,-625
2026-09-02T19:22:14+00:00,78d4dfda8c2dc27bdc3ec26c2654f8fc,2026-09-06,Arsenal,Chelsea,double_chance,home_or_draw,Bovada,-600
2026-09-02T19:22:14+00:00,78d4dfda8c2dc27bdc3ec26c2654f8fc,2026-09-06,Arsenal,Chelsea,double_chance,home_or_draw,DraftKings,-600
2026-09-02T19:22:14+00:00,78d4dfda8c2dc27bdc3ec26c2654f8fc,2026-09-06,Arsenal,Chelsea,double_chance,home_or_draw,FanDuel,-600
2026-09-02T19:22:14+00:00,78d4dfda8c2dc27bdc3ec26c2654f8fc,2026-09-06,Arsenal,Chelsea,double_chance,home_or_draw,Fanatics,-575
2026-09-02T19:22:14+00:00,78d4dfda8c2dc27bdc3ec26c2654f8fc,2026-09-06,Arsenal,Chelsea,double_chance,home_or_draw,MyBookie.ag,-676
2026-09-02T19:22:14+00:00,78d4dfda8c2dc27bdc3ec26c2654f8fc,2026-09-06,Arsenal,Chelsea,draw_no_bet,away,BetMGM,250
2026-09-02T19:22:14+00:00,78d4dfda8c2dc27bdc3ec26c2654f8fc,2026-09-06,Arsenal,Chelsea,draw_no_bet,away,BetOnline.ag,260
2026-09-02T19:22:14+00:00,78d4dfda8c2dc27bdc3ec26c2654f8fc,2026-09-06,Arsenal,Chelsea,draw_no_bet,away,BetRivers,245
2026-09-02T19:22:14+00:00,78d4dfda8c2dc27bdc3ec26c2654f8fc,2026-09-06,Arsenal,Chelsea,draw_no_bet,away,Bovada,270
2026-09-02T19:22:14+00:00,78d4dfda8c2dc27bdc3ec26c2654f8fc,2026-09-06,Arsenal,Chelsea,draw_no_bet,away,Caesars,230
2026-09-02T19:22:14+00:00,78d4dfda8c2dc27bdc3ec26c2654f8fc,2026-09-06,Arsenal,Chelsea,draw_no_bet,away,DraftKings,265
2026-09-02T19:22:14+00:00,78d4dfda8c2dc27bdc3ec26c2654f8fc,2026-09-06,Arsenal,Chelsea,draw_no_bet,away,FanDuel,300
2026-09-02T19:22:14+00:00,78d4dfda8c2dc27bdc3ec26c2654f8fc,2026-09-06,Arsenal,Chelsea,draw_no_bet,away,Fanatics,280
2026-09-02T19:22:14+00:00,78d4dfda8c2dc27bdc3ec26c2654f8fc,2026-09-06,Arsenal,Chelsea,draw_no_bet,away,MyBookie.ag,255
2026-09-02T19:22:14+00:00,78d4dfda8c2dc27bdc3ec26c2654f8fc,2026-09-06,Arsenal,Chelsea,draw_no_bet,home,BetMGM,-375
2026-09-02T19:22:14+00:00,78d4dfda8c2dc27bdc3ec26c2654f8fc,2026-09-06,Arsenal,Chelsea,draw_no_bet,home,BetOnline.ag,-357
2026-09-02T19:22:14+00:00,78d4dfda8c2dc27bdc3ec26c2654f8fc,2026-09-06,Arsenal,Chelsea,draw_no_bet,home,BetRivers,-400
2026-09-02T19:22:14+00:00,78d4dfda8c2dc27bdc3ec26c2654f8fc,2026-09-06,Arsenal,Chelsea,draw_no_bet,home,Bovada,-350
2026-09-02T19:22:14+00:00,78d4dfda8c2dc27bdc3ec26c2654f8fc,2026-09-06,Arsenal,Chelsea,draw_no_bet,home,Caesars,-320
2026-09-02T19:22:14+00:00,78d4dfda8c2dc27bdc3ec26c2654f8fc,2026-09-06,Arsenal,Chelsea,draw_no_bet,home,DraftKings,-390
2026-09-02T19:22:14+00:00,78d4dfda8c2dc27bdc3ec26c2654f8fc,2026-09-06,Arsenal,Chelsea,draw_no_bet,home,FanDuel,-380
2026-09-02T19:22:14+00:00,78d4dfda8c2dc27bdc3ec26c2654f8fc,2026-09-06,Arsenal,Chelsea,draw_no_bet,home,Fanatics,-400
2026-09-02T19:22:14+00:00,78d4dfda8c2dc27bdc3ec26c2654f8fc,2026-09-06,Arsenal,Chelsea,draw_no_bet,home,MyBookie.ag,-350
2026-09-02T19:22:14+00:00,78d4dfda8c2dc27bdc3ec26c2654f8fc,2026-09-06,Arsenal,Chelsea,total_2_5,over,BetMGM,-135
2026-09-02T19:22:14+00:00,78d4dfda8c2dc27bdc3ec26c2654f8fc,2026-09-06,Arsenal,Chelsea,total_2_5,over,BetOnline.ag,-132
2026-09-02T19:22:14+00:00,78d4dfda8c2dc27bdc3ec26c2654f8fc,2026-09-06,Arsenal,Chelsea,total_2_5,over,BetRivers,-129
2026-09-02T19:22:14+00:00,78d4dfda8c2dc27bdc3ec26c2654f8fc,2026-09-06,Arsenal,Chelsea,total_2_5,over,BetUS,-130
2026-09-02T19:22:14+00:00,78d4dfda8c2dc27bdc3ec26c2654f8fc,2026-09-06,Arsenal,Chelsea,total_2_5,over,Bovada,-130
2026-09-02T19:22:14+00:00,78d4dfda8c2dc27bdc3ec26c2654f8fc,2026-09-06,Arsenal,Chelsea,total_2_5,over,Caesars,-132
2026-09-02T19:22:14+00:00,78d4dfda8c2dc27bdc3ec26c2654f8fc,2026-09-06,Arsenal,Chelsea,total_2_5,over,DraftKings,-135
2026-09-02T19:22:14+00:00,78d4dfda8c2dc27bdc3ec26c2654f8fc,2026-09-06,Arsenal,Chelsea,total_2_5,over,FanDuel,-122
2026-09-02T19:22:14+00:00,78d4dfda8c2dc27bdc3ec26c2654f8fc,2026-09-06,Arsenal,Chelsea,total_2_5,over,Fanatics,-140
2026-09-02T19:22:14+00:00,78d4dfda8c2dc27bdc3ec26c2654f8fc,2026-09-06,Arsenal,Chelsea,total_2_5,over,LowVig.ag,-132
2026-09-02T19:22:14+00:00,78d4dfda8c2dc27bdc3ec26c2654f8fc,2026-09-06,Arsenal,Chelsea,total_2_5,over,MyBookie.ag,-141
2026-09-02T19:22:14+00:00,78d4dfda8c2dc27bdc3ec26c2654f8fc,2026-09-06,Arsenal,Chelsea,total_2_5,under,BetMGM,-102
2026-09-02T19:22:14+00:00,78d4dfda8c2dc27bdc3ec26c2654f8fc,2026-09-06,Arsenal,Chelsea,total_2_5,under,BetOnline.ag,107
2026-09-02T19:22:14+00:00,78d4dfda8c2dc27bdc3ec26c2654f8fc,2026-09-06,Arsenal,Chelsea,total_2_5,under,BetRivers,100
2026-09-02T19:22:14+00:00,78d4dfda8c2dc27bdc3ec26c2654f8fc,2026-09-06,Arsenal,Chelsea,total_2_5,under,BetUS,110
2026-09-02T19:22:14+00:00,78d4dfda8c2dc27bdc3ec26c2654f8fc,2026-09-06,Arsenal,Chelsea,total_2_5,under,Bovada,110
2026-09-02T19:22:14+00:00,78d4dfda8c2dc27bdc3ec26c2654f8fc,2026-09-06,Arsenal,Chelsea,total_2_5,under,Caesars,104
2026-09-02T19:22:14+00:00,78d4dfda8c2dc27bdc3ec26c2654f8fc,2026-09-06,Arsenal,Chelsea,total_2_5,under,DraftKings,105
2026-09-02T19:22:14+00:00,78d4dfda8c2dc27bdc3ec26c2654f8fc,2026-09-06,Arsenal,Chelsea,total_2_5,under,FanDuel,100
2026-09-02T19:22:14+00:00,78d4dfda8c2dc27bdc3ec26c2654f8fc,2026-09-06,Arsenal,Chelsea,total_2_5,under,Fanatics,105
2026-09-02T19:22:14+00:00,78d4dfda8c2dc27bdc3ec26c2654f8fc,2026-09-06,Arsenal,Chelsea,total_2_5,under,LowVig.ag,107
2026-09-02T19:22:14+00:00,78d4dfda8c2dc27bdc3ec26c2654f8fc,2026-09-06,Arsenal,Chelsea,total_2_5,under,MyBookie.ag,102
2026-09-02T19:22:14+00:00,8ea6c863f1852654399073b518b0a1f8,2026-09-06,Everton,Man United,1x2,away,BetMGM,105
2026-09-02T19:22:14+00:00,8ea6c863f1852654399073b518b0a1f8,2026-09-06,Everton,Man United,1x2,away,BetOnline.ag,124
2026-09-02T19:22:14+00:00,8ea6c863f1852654399073b518b0a1f8,2026-09-06,Everton,Man United,1x2,away,BetRivers,110
2026-09-02T19:22:14+00:00,8ea6c863f1852654399073b518b0a1f8,2026-09-06,Everton,Man United,1x2,away,BetUS,125
2026-09-02T19:22:14+00:00,8ea6c863f1852654399073b518b0a1f8,2026-09-06,Everton,Man United,1x2,away,Bovada,120
2026-09-02T19:22:14+00:00,8ea6c863f1852654399073b518b0a1f8,2026-09-06,Everton,Man United,1x2,away,Caesars,121
2026-09-02T19:22:14+00:00,8ea6c863f1852654399073b518b0a1f8,2026-09-06,Everton,Man United,1x2,away,DraftKings,120
2026-09-02T19:22:14+00:00,8ea6c863f1852654399073b518b0a1f8,2026-09-06,Everton,Man United,1x2,away,FanDuel,110
2026-09-02T19:22:14+00:00,8ea6c863f1852654399073b518b0a1f8,2026-09-06,Everton,Man United,1x2,away,Fanatics,120
2026-09-02T19:22:14+00:00,8ea6c863f1852654399073b518b0a1f8,2026-09-06,Everton,Man United,1x2,away,LowVig.ag,124
2026-09-02T19:22:14+00:00,8ea6c863f1852654399073b518b0a1f8,2026-09-06,Everton,Man United,1x2,away,MyBookie.ag,119
2026-09-02T19:22:14+00:00,8ea6c863f1852654399073b518b0a1f8,2026-09-06,Everton,Man United,1x2,draw,BetMGM,240
2026-09-02T19:22:14+00:00,8ea6c863f1852654399073b518b0a1f8,2026-09-06,Everton,Man United,1x2,draw,BetOnline.ag,260
2026-09-02T19:22:14+00:00,8ea6c863f1852654399073b518b0a1f8,2026-09-06,Everton,Man United,1x2,draw,BetRivers,255
2026-09-02T19:22:14+00:00,8ea6c863f1852654399073b518b0a1f8,2026-09-06,Everton,Man United,1x2,draw,BetUS,260
2026-09-02T19:22:14+00:00,8ea6c863f1852654399073b518b0a1f8,2026-09-06,Everton,Man United,1x2,draw,Bovada,265
2026-09-02T19:22:14+00:00,8ea6c863f1852654399073b518b0a1f8,2026-09-06,Everton,Man United,1x2,draw,Caesars,250
2026-09-02T19:22:14+00:00,8ea6c863f1852654399073b518b0a1f8,2026-09-06,Everton,Man United,1x2,draw,DraftKings,255
2026-09-02T19:22:14+00:00,8ea6c863f1852654399073b518b0a1f8,2026-09-06,Everton,Man United,1x2,draw,FanDuel,250
2026-09-02T19:22:14+00:00,8ea6c863f1852654399073b518b0a1f8,2026-09-06,Everton,Man United,1x2,draw,Fanatics,250
2026-09-02T19:22:14+00:00,8ea6c863f1852654399073b518b0a1f8,2026-09-06,Everton,Man United,1x2,draw,LowVig.ag,260
2026-09-02T19:22:14+00:00,8ea6c863f1852654399073b518b0a1f8,2026-09-06,Everton,Man United,1x2,draw,MyBookie.ag,238
2026-09-02T19:22:14+00:00,8ea6c863f1852654399073b518b0a1f8,2026-09-06,Everton,Man United,1x2,home,BetMGM,195
2026-09-02T19:22:14+00:00,8ea6c863f1852654399073b518b0a1f8,2026-09-06,Everton,Man United,1x2,home,BetOnline.ag,222
2026-09-02T19:22:14+00:00,8ea6c863f1852654399073b518b0a1f8,2026-09-06,Everton,Man United,1x2,home,BetRivers,235
2026-09-02T19:22:14+00:00,8ea6c863f1852654399073b518b0a1f8,2026-09-06,Everton,Man United,1x2,home,BetUS,220
2026-09-02T19:22:14+00:00,8ea6c863f1852654399073b518b0a1f8,2026-09-06,Everton,Man United,1x2,home,Bovada,215
2026-09-02T19:22:14+00:00,8ea6c863f1852654399073b518b0a1f8,2026-09-06,Everton,Man United,1x2,home,Caesars,205
2026-09-02T19:22:14+00:00,8ea6c863f1852654399073b518b0a1f8,2026-09-06,Everton,Man United,1x2,home,DraftKings,210
2026-09-02T19:22:14+00:00,8ea6c863f1852654399073b518b0a1f8,2026-09-06,Everton,Man United,1x2,home,FanDuel,220
2026-09-02T19:22:14+00:00,8ea6c863f1852654399073b518b0a1f8,2026-09-06,Everton,Man United,1x2,home,Fanatics,220
2026-09-02T19:22:14+00:00,8ea6c863f1852654399073b518b0a1f8,2026-09-06,Everton,Man United,1x2,home,LowVig.ag,222
2026-09-02T19:22:14+00:00,8ea6c863f1852654399073b518b0a1f8,2026-09-06,Everton,Man United,1x2,home,MyBookie.ag,204
2026-09-02T19:22:14+00:00,8ea6c863f1852654399073b518b0a1f8,2026-09-06,Everton,Man United,btts,no,BetMGM,125
2026-09-02T19:22:14+00:00,8ea6c863f1852654399073b518b0a1f8,2026-09-06,Everton,Man United,btts,no,BetOnline.ag,134
2026-09-02T19:22:14+00:00,8ea6c863f1852654399073b518b0a1f8,2026-09-06,Everton,Man United,btts,no,BetRivers,135
2026-09-02T19:22:14+00:00,8ea6c863f1852654399073b518b0a1f8,2026-09-06,Everton,Man United,btts,no,Bovada,135
2026-09-02T19:22:14+00:00,8ea6c863f1852654399073b518b0a1f8,2026-09-06,Everton,Man United,btts,no,Caesars,125
2026-09-02T19:22:14+00:00,8ea6c863f1852654399073b518b0a1f8,2026-09-06,Everton,Man United,btts,no,DraftKings,140
2026-09-02T19:22:14+00:00,8ea6c863f1852654399073b518b0a1f8,2026-09-06,Everton,Man United,btts,no,FanDuel,138
2026-09-02T19:22:14+00:00,8ea6c863f1852654399073b518b0a1f8,2026-09-06,Everton,Man United,btts,no,Fanatics,140
2026-09-02T19:22:14+00:00,8ea6c863f1852654399073b518b0a1f8,2026-09-06,Everton,Man United,btts,no,MyBookie.ag,130
2026-09-02T19:22:14+00:00,8ea6c863f1852654399073b518b0a1f8,2026-09-06,Everton,Man United,btts,yes,BetMGM,-175
2026-09-02T19:22:14+00:00,8ea6c863f1852654399073b518b0a1f8,2026-09-06,Everton,Man United,btts,yes,BetOnline.ag,-179
2026-09-02T19:22:14+00:00,8ea6c863f1852654399073b518b0a1f8,2026-09-06,Everton,Man United,btts,yes,BetRivers,-186
2026-09-02T19:22:14+00:00,8ea6c863f1852654399073b518b0a1f8,2026-09-06,Everton,Man United,btts,yes,Bovada,-180
2026-09-02T19:22:14+00:00,8ea6c863f1852654399073b518b0a1f8,2026-09-06,Everton,Man United,btts,yes,Caesars,-162
2026-09-02T19:22:14+00:00,8ea6c863f1852654399073b518b0a1f8,2026-09-06,Everton,Man United,btts,yes,DraftKings,-185
2026-09-02T19:22:14+00:00,8ea6c863f1852654399073b518b0a1f8,2026-09-06,Everton,Man United,btts,yes,FanDuel,-176
2026-09-02T19:22:14+00:00,8ea6c863f1852654399073b518b0a1f8,2026-09-06,Everton,Man United,btts,yes,Fanatics,-180
2026-09-02T19:22:14+00:00,8ea6c863f1852654399073b518b0a1f8,2026-09-06,Everton,Man United,btts,yes,MyBookie.ag,-182
2026-09-02T19:22:14+00:00,8ea6c863f1852654399073b518b0a1f8,2026-09-06,Everton,Man United,corners_1x2,away,BetRivers,-139
2026-09-02T19:22:14+00:00,8ea6c863f1852654399073b518b0a1f8,2026-09-06,Everton,Man United,corners_1x2,away,Bovada,-122
2026-09-02T19:22:14+00:00,8ea6c863f1852654399073b518b0a1f8,2026-09-06,Everton,Man United,corners_1x2,away,DraftKings,-120
2026-09-02T19:22:14+00:00,8ea6c863f1852654399073b518b0a1f8,2026-09-06,Everton,Man United,corners_1x2,draw,BetRivers,650
2026-09-02T19:22:14+00:00,8ea6c863f1852654399073b518b0a1f8,2026-09-06,Everton,Man United,corners_1x2,draw,Bovada,700
2026-09-02T19:22:14+00:00,8ea6c863f1852654399073b518b0a1f8,2026-09-06,Everton,Man United,corners_1x2,draw,DraftKings,600
2026-09-02T19:22:14+00:00,8ea6c863f1852654399073b518b0a1f8,2026-09-06,Everton,Man United,corners_1x2,home,BetRivers,135
2026-09-02T19:22:14+00:00,8ea6c863f1852654399073b518b0a1f8,2026-09-06,Everton,Man United,corners_1x2,home,Bovada,125
2026-09-02T19:22:14+00:00,8ea6c863f1852654399073b518b0a1f8,2026-09-06,Everton,Man United,corners_1x2,home,DraftKings,135
2026-09-02T19:22:14+00:00,8ea6c863f1852654399073b518b0a1f8,2026-09-06,Everton,Man United,corners_total_10_5,over,BetRivers,-107
2026-09-02T19:22:14+00:00,8ea6c863f1852654399073b518b0a1f8,2026-09-06,Everton,Man United,corners_total_10_5,over,Bovada,118
2026-09-02T19:22:14+00:00,8ea6c863f1852654399073b518b0a1f8,2026-09-06,Everton,Man United,corners_total_10_5,over,DraftKings,120
2026-09-02T19:22:14+00:00,8ea6c863f1852654399073b518b0a1f8,2026-09-06,Everton,Man United,corners_total_10_5,under,BetRivers,-136
2026-09-02T19:22:14+00:00,8ea6c863f1852654399073b518b0a1f8,2026-09-06,Everton,Man United,corners_total_10_5,under,Bovada,-155
2026-09-02T19:22:14+00:00,8ea6c863f1852654399073b518b0a1f8,2026-09-06,Everton,Man United,corners_total_10_5,under,DraftKings,-175
2026-09-02T19:22:14+00:00,8ea6c863f1852654399073b518b0a1f8,2026-09-06,Everton,Man United,corners_total_9_5,over,BetRivers,-175
2026-09-02T19:22:14+00:00,8ea6c863f1852654399073b518b0a1f8,2026-09-06,Everton,Man United,corners_total_9_5,over,Bovada,-132
2026-09-02T19:22:14+00:00,8ea6c863f1852654399073b518b0a1f8,2026-09-06,Everton,Man United,corners_total_9_5,over,Caesars,-136
2026-09-02T19:22:14+00:00,8ea6c863f1852654399073b518b0a1f8,2026-09-06,Everton,Man United,corners_total_9_5,over,DraftKings,-140
2026-09-02T19:22:14+00:00,8ea6c863f1852654399073b518b0a1f8,2026-09-06,Everton,Man United,corners_total_9_5,over,MyBookie.ag,-126
2026-09-02T19:22:14+00:00,8ea6c863f1852654399073b518b0a1f8,2026-09-06,Everton,Man United,corners_total_9_5,under,BetRivers,117
2026-09-02T19:22:14+00:00,8ea6c863f1852654399073b518b0a1f8,2026-09-06,Everton,Man United,corners_total_9_5,under,Bovada,102
2026-09-02T19:22:14+00:00,8ea6c863f1852654399073b518b0a1f8,2026-09-06,Everton,Man United,corners_total_9_5,under,Caesars,106
2026-09-02T19:22:14+00:00,8ea6c863f1852654399073b518b0a1f8,2026-09-06,Everton,Man United,corners_total_9_5,under,DraftKings,-105
2026-09-02T19:22:14+00:00,8ea6c863f1852654399073b518b0a1f8,2026-09-06,Everton,Man United,corners_total_9_5,under,MyBookie.ag,-110
2026-09-02T19:22:14+00:00,8ea6c863f1852654399073b518b0a1f8,2026-09-06,Everton,Man United,double_chance,draw_or_away,BetRivers,-335
2026-09-02T19:22:14+00:00,8ea6c863f1852654399073b518b0a1f8,2026-09-06,Everton,Man United,double_chance,draw_or_away,Bovada,-300
2026-09-02T19:22:14+00:00,8ea6c863f1852654399073b518b0a1f8,2026-09-06,Everton,Man United,double_chance,draw_or_away,DraftKings,-280
2026-09-02T19:22:14+00:00,8ea6c863f1852654399073b518b0a1f8,2026-09-06,Everton,Man United,double_chance,draw_or_away,FanDuel,-300
2026-09-02T19:22:14+00:00,8ea6c863f1852654399073b518b0a1f8,2026-09-06,Everton,Man United,double_chance,draw_or_away,Fanatics,-275
2026-09-02T19:22:14+00:00,8ea6c863f1852654399073b518b0a1f8,2026-09-06,Everton,Man United,double_chance,draw_or_away,MyBookie.ag,-350
2026-09-02T19:22:14+00:00,8ea6c863f1852654399073b518b0a1f8,2026-09-06,Everton,Man United,double_chance,home_or_away,BetRivers,-345
2026-09-02T19:22:14+00:00,8ea6c863f1852654399073b518b0a1f8,2026-09-06,Everton,Man United,double_chance,home_or_away,Bovada,-345
2026-09-02T19:22:14+00:00,8ea6c863f1852654399073b518b0a1f8,2026-09-06,Everton,Man United,double_chance,home_or_away,DraftKings,-350
2026-09-02T19:22:14+00:00,8ea6c863f1852654399073b518b0a1f8,2026-09-06,Everton,Man United,double_chance,home_or_away,FanDuel,-350
2026-09-02T19:22:14+00:00,8ea6c863f1852654399073b518b0a1f8,2026-09-06,Everton,Man United,double_chance,home_or_away,Fanatics,-325
2026-09-02T19:22:14+00:00,8ea6c863f1852654399073b518b0a1f8,2026-09-06,Everton,Man United,double_chance,home_or_away,MyBookie.ag,-400
2026-09-02T19:22:14+00:00,8ea6c863f1852654399073b518b0a1f8,2026-09-06,Everton,Man United,double_chance,home_or_draw,BetRivers,-137
2026-09-02T19:22:14+00:00,8ea6c863f1852654399073b518b0a1f8,2026-09-06,Everton,Man United,double_chance,home_or_draw,Bovada,-148
2026-09-02T19:22:14+00:00,8ea6c863f1852654399073b518b0a1f8,2026-09-06,Everton,Man United,double_chance,home_or_draw,DraftKings,-160
2026-09-02T19:22:14+00:00,8ea6c863f1852654399073b518b0a1f8,2026-09-06,Everton,Man United,double_chance,home_or_draw,FanDuel,-155
2026-09-02T19:22:14+00:00,8ea6c863f1852654399073b518b0a1f8,2026-09-06,Everton,Man United,double_chance,home_or_draw,Fanatics,-150
2026-09-02T19:22:14+00:00,8ea6c863f1852654399073b518b0a1f8,2026-09-06,Everton,Man United,double_chance,home_or_draw,MyBookie.ag,-204
2026-09-02T19:22:14+00:00,8ea6c863f1852654399073b518b0a1f8,2026-09-06,Everton,Man United,draw_no_bet,away,BetOnline.ag,-167
2026-09-02T19:22:14+00:00,8ea6c863f1852654399073b518b0a1f8,2026-09-06,Everton,Man United,draw_no_bet,away,BetRivers,-200
2026-09-02T19:22:14+00:00,8ea6c863f1852654399073b518b0a1f8,2026-09-06,Everton,Man United,draw_no_bet,away,Bovada,-165
2026-09-02T19:22:14+00:00,8ea6c863f1852654399073b518b0a1f8,2026-09-06,Everton,Man United,draw_no_bet,away,Caesars,-156
2026-09-02T19:22:14+00:00,8ea6c863f1852654399073b518b0a1f8,2026-09-06,Everton,Man United,draw_no_bet,away,DraftKings,-165
2026-09-02T19:22:14+00:00,8ea6c863f1852654399073b518b0a1f8,2026-09-06,Everton,Man United,draw_no_bet,away,FanDuel,-166
2026-09-02T19:22:14+00:00,8ea6c863f1852654399073b518b0a1f8,2026-09-06,Everton,Man United,draw_no_bet,away,Fanatics,-165
2026-09-02T19:22:14+00:00,8ea6c863f1852654399073b518b0a1f8,2026-09-06,Everton,Man United,draw_no_bet,away,MyBookie.ag,-160
2026-09-02T19:22:14+00:00,8ea6c863f1852654399073b518b0a1f8,2026-09-06,Everton,Man United,draw_no_bet,home,BetOnline.ag,131
2026-09-02T19:22:14+00:00,8ea6c863f1852654399073b518b0a1f8,2026-09-06,Everton,Man United,draw_no_bet,home,BetRivers,133
2026-09-02T19:22:14+00:00,8ea6c863f1852654399073b518b0a1f8,2026-09-06,Everton,Man United,draw_no_bet,home,Bovada,136
2026-09-02T19:22:14+00:00,8ea6c863f1852654399073b518b0a1f8,2026-09-06,Everton,Man United,draw_no_bet,home,Caesars,120
2026-09-02T19:22:14+00:00,8ea6c863f1852654399073b518b0a1f8,2026-09-06,Everton,Man United,draw_no_bet,home,DraftKings,125
2026-09-02T19:22:14+00:00,8ea6c863f1852654399073b518b0a1f8,2026-09-06,Everton,Man United,draw_no_bet,home,FanDuel,140
2026-09-02T19:22:14+00:00,8ea6c863f1852654399073b518b0a1f8,2026-09-06,Everton,Man United,draw_no_bet,home,Fanatics,125
2026-09-02T19:22:14+00:00,8ea6c863f1852654399073b518b0a1f8,2026-09-06,Everton,Man United,draw_no_bet,home,MyBookie.ag,125
2026-09-02T19:22:14+00:00,8ea6c863f1852654399073b518b0a1f8,2026-09-06,Everton,Man United,total_2_5,over,BetMGM,-150
2026-09-02T19:22:14+00:00,8ea6c863f1852654399073b518b0a1f8,2026-09-06,Everton,Man United,total_2_5,over,BetOnline.ag,-145
2026-09-02T19:22:14+00:00,8ea6c863f1852654399073b518b0a1f8,2026-09-06,Everton,Man United,total_2_5,over,BetRivers,-148
2026-09-02T19:22:14+00:00,8ea6c863f1852654399073b518b0a1f8,2026-09-06,Everton,Man United,total_2_5,over,BetUS,-145
2026-09-02T19:22:14+00:00,8ea6c863f1852654399073b518b0a1f8,2026-09-06,Everton,Man United,total_2_5,over,Bovada,-145
2026-09-02T19:22:14+00:00,8ea6c863f1852654399073b518b0a1f8,2026-09-06,Everton,Man United,total_2_5,over,Caesars,-148
2026-09-02T19:22:14+00:00,8ea6c863f1852654399073b518b0a1f8,2026-09-06,Everton,Man United,total_2_5,over,DraftKings,-150
2026-09-02T19:22:14+00:00,8ea6c863f1852654399073b518b0a1f8,2026-09-06,Everton,Man United,total_2_5,over,FanDuel,-142
2026-09-02T19:22:14+00:00,8ea6c863f1852654399073b518b0a1f8,2026-09-06,Everton,Man United,total_2_5,over,Fanatics,-150
2026-09-02T19:22:14+00:00,8ea6c863f1852654399073b518b0a1f8,2026-09-06,Everton,Man United,total_2_5,over,LowVig.ag,-145
2026-09-02T19:22:14+00:00,8ea6c863f1852654399073b518b0a1f8,2026-09-06,Everton,Man United,total_2_5,over,MyBookie.ag,-154
2026-09-02T19:22:14+00:00,8ea6c863f1852654399073b518b0a1f8,2026-09-06,Everton,Man United,total_2_5,under,BetMGM,110
2026-09-02T19:22:14+00:00,8ea6c863f1852654399073b518b0a1f8,2026-09-06,Everton,Man United,total_2_5,under,BetOnline.ag,116
2026-09-02T19:22:14+00:00,8ea6c863f1852654399073b518b0a1f8,2026-09-06,Everton,Man United,total_2_5,under,BetRivers,115
2026-09-02T19:22:14+00:00,8ea6c863f1852654399073b518b0a1f8,2026-09-06,Everton,Man United,total_2_5,under,BetUS,125
2026-09-02T19:22:14+00:00,8ea6c863f1852654399073b518b0a1f8,2026-09-06,Everton,Man United,total_2_5,under,Bovada,120
2026-09-02T19:22:14+00:00,8ea6c863f1852654399073b518b0a1f8,2026-09-06,Everton,Man United,total_2_5,under,Caesars,114
2026-09-02T19:22:14+00:00,8ea6c863f1852654399073b518b0a1f8,2026-09-06,Everton,Man United,total_2_5,under,DraftKings,115
2026-09-02T19:22:14+00:00,8ea6c863f1852654399073b518b0a1f8,2026-09-06,Everton,Man United,total_2_5,under,FanDuel,116
2026-09-02T19:22:14+00:00,8ea6c863f1852654399073b518b0a1f8,2026-09-06,Everton,Man United,total_2_5,under,Fanatics,115
2026-09-02T19:22:14+00:00,8ea6c863f1852654399073b518b0a1f8,2026-09-06,Everton,Man United,total_2_5,under,LowVig.ag,116
2026-09-02T19:22:14+00:00,8ea6c863f1852654399073b518b0a1f8,2026-09-06,Everton,Man United,total_2_5,under,MyBookie.ag,111
2026-09-02T19:22:14+00:00,8f68612bf47c3193e7fa2d8783e79373,2026-09-05,Fulham,Crystal Palace,1x2,away,BetMGM,188
2026-09-02T19:22:14+00:00,8f68612bf47c3193e7fa2d8783e79373,2026-09-05,Fulham,Crystal Palace,1x2,away,BetOnline.ag,217
2026-09-02T19:22:14+00:00,8f68612bf47c3193e7fa2d8783e79373,2026-09-05,Fulham,Crystal Palace,1x2,away,BetRivers,210
2026-09-02T19:22:14+00:00,8f68612bf47c3193e7fa2d8783e79373,2026-09-05,Fulham,Crystal Palace,1x2,away,BetUS,217
2026-09-02T19:22:14+00:00,8f68612bf47c3193e7fa2d8783e79373,2026-09-05,Fulham,Crystal Palace,1x2,away,Bovada,210
2026-09-02T19:22:14+00:00,8f68612bf47c3193e7fa2d8783e79373,2026-09-05,Fulham,Crystal Palace,1x2,away,Caesars,205
2026-09-02T19:22:14+00:00,8f68612bf47c3193e7fa2d8783e79373,2026-09-05,Fulham,Crystal Palace,1x2,away,DraftKings,215
2026-09-02T19:22:14+00:00,8f68612bf47c3193e7fa2d8783e79373,2026-09-05,Fulham,Crystal Palace,1x2,away,FanDuel,200
2026-09-02T19:22:14+00:00,8f68612bf47c3193e7fa2d8783e79373,2026-09-05,Fulham,Crystal Palace,1x2,away,Fanatics,210
2026-09-02T19:22:14+00:00,8f68612bf47c3193e7fa2d8783e79373,2026-09-05,Fulham,Crystal Palace,1x2,away,LowVig.ag,217
2026-09-02T19:22:14+00:00,8f68612bf47c3193e7fa2d8783e79373,2026-09-05,Fulham,Crystal Palace,1x2,away,MyBookie.ag,198
2026-09-02T19:22:14+00:00,8f68612bf47c3193e7fa2d8783e79373,2026-09-05,Fulham,Crystal Palace,1x2,draw,BetMGM,210
2026-09-02T19:22:14+00:00,8f68612bf47c3193e7fa2d8783e79373,2026-09-05,Fulham,Crystal Palace,1x2,draw,BetOnline.ag,244
2026-09-02T19:22:14+00:00,8f68612bf47c3193e7fa2d8783e79373,2026-09-05,Fulham,Crystal Palace,1x2,draw,BetRivers,240
2026-09-02T19:22:14+00:00,8f68612bf47c3193e7fa2d8783e79373,2026-09-05,Fulham,Crystal Palace,1x2,draw,BetUS,244
2026-09-02T19:22:14+00:00,8f68612bf47c3193e7fa2d8783e79373,2026-09-05,Fulham,Crystal Palace,1x2,draw,Bovada,245
2026-09-02T19:22:14+00:00,8f68612bf47c3193e7fa2d8783e79373,2026-09-05,Fulham,Crystal Palace,1x2,draw,Caesars,235
2026-09-02T19:22:14+00:00,8f68612bf47c3193e7fa2d8783e79373,2026-09-05,Fulham,Crystal Palace,1x2,draw,DraftKings,245
2026-09-02T19:22:14+00:00,8f68612bf47c3193e7fa2d8783e79373,2026-09-05,Fulham,Crystal Palace,1x2,draw,FanDuel,250
2026-09-02T19:22:14+00:00,8f68612bf47c3193e7fa2d8783e79373,2026-09-05,Fulham,Crystal Palace,1x2,draw,Fanatics,240
2026-09-02T19:22:14+00:00,8f68612bf47c3193e7fa2d8783e79373,2026-09-05,Fulham,Crystal Palace,1x2,draw,LowVig.ag,244
2026-09-02T19:22:14+00:00,8f68612bf47c3193e7fa2d8783e79373,2026-09-05,Fulham,Crystal Palace,1x2,draw,MyBookie.ag,228
2026-09-02T19:22:14+00:00,8f68612bf47c3193e7fa2d8783e79373,2026-09-05,Fulham,Crystal Palace,1x2,home,BetMGM,120
2026-09-02T19:22:14+00:00,8f68612bf47c3193e7fa2d8783e79373,2026-09-05,Fulham,Crystal Palace,1x2,home,BetOnline.ag,133
2026-09-02T19:22:14+00:00,8f68612bf47c3193e7fa2d8783e79373,2026-09-05,Fulham,Crystal Palace,1x2,home,BetRivers,130
2026-09-02T19:22:14+00:00,8f68612bf47c3193e7fa2d8783e79373,2026-09-05,Fulham,Crystal Palace,1x2,home,BetUS,133
2026-09-02T19:22:14+00:00,8f68612bf47c3193e7fa2d8783e79373,2026-09-05,Fulham,Crystal Palace,1x2,home,Bovada,130
2026-09-02T19:22:14+00:00,8f68612bf47c3193e7fa2d8783e79373,2026-09-05,Fulham,Crystal Palace,1x2,home,Caesars,129
2026-09-02T19:22:14+00:00,8f68612bf47c3193e7fa2d8783e79373,2026-09-05,Fulham,Crystal Palace,1x2,home,DraftKings,125
2026-09-02T19:22:14+00:00,8f68612bf47c3193e7fa2d8783e79373,2026-09-05,Fulham,Crystal Palace,1x2,home,FanDuel,125
2026-09-02T19:22:14+00:00,8f68612bf47c3193e7fa2d8783e79373,2026-09-05,Fulham,Crystal Palace,1x2,home,Fanatics,125
2026-09-02T19:22:14+00:00,8f68612bf47c3193e7fa2d8783e79373,2026-09-05,Fulham,Crystal Palace,1x2,home,LowVig.ag,133
2026-09-02T19:22:14+00:00,8f68612bf47c3193e7fa2d8783e79373,2026-09-05,Fulham,Crystal Palace,1x2,home,MyBookie.ag,128
2026-09-02T19:22:14+00:00,8f68612bf47c3193e7fa2d8783e79373,2026-09-05,Fulham,Crystal Palace,btts,no,BetMGM,110
2026-09-02T19:22:14+00:00,8f68612bf47c3193e7fa2d8783e79373,2026-09-05,Fulham,Crystal Palace,btts,no,BetOnline.ag,113
2026-09-02T19:22:14+00:00,8f68612bf47c3193e7fa2d8783e79373,2026-09-05,Fulham,Crystal Palace,btts,no,BetRivers,110
2026-09-02T19:22:14+00:00,8f68612bf47c3193e7fa2d8783e79373,2026-09-05,Fulham,Crystal Palace,btts,no,Bovada,110
2026-09-02T19:22:14+00:00,8f68612bf47c3193e7fa2d8783e79373,2026-09-05,Fulham,Crystal Palace,btts,no,Caesars,106
2026-09-02T19:22:14+00:00,8f68612bf47c3193e7fa2d8783e79373,2026-09-05,Fulham,Crystal Palace,btts,no,DraftKings,120
2026-09-02T19:22:14+00:00,8f68612bf47c3193e7fa2d8783e79373,2026-09-05,Fulham,Crystal Palace,btts,no,FanDuel,116
2026-09-02T19:22:14+00:00,8f68612bf47c3193e7fa2d8783e79373,2026-09-05,Fulham,Crystal Palace,btts,no,Fanatics,115
2026-09-02T19:22:14+00:00,8f68612bf47c3193e7fa2d8783e79373,2026-09-05,Fulham,Crystal Palace,btts,no,MyBookie.ag,108
2026-09-02T19:22:14+00:00,8f68612bf47c3193e7fa2d8783e79373,2026-09-05,Fulham,Crystal Palace,btts,yes,BetMGM,-160
2026-09-02T19:22:14+00:00,8f68612bf47c3193e7fa2d8783e79373,2026-09-05,Fulham,Crystal Palace,btts,yes,BetOnline.ag,-147
2026-09-02T19:22:14+00:00,8f68612bf47c3193e7fa2d8783e79373,2026-09-05,Fulham,Crystal Palace,btts,yes,BetRivers,-150
2026-09-02T19:22:14+00:00,8f68612bf47c3193e7fa2d8783e79373,2026-09-05,Fulham,Crystal Palace,btts,yes,Bovada,-145
2026-09-02T19:22:14+00:00,8f68612bf47c3193e7fa2d8783e79373,2026-09-05,Fulham,Crystal Palace,btts,yes,Caesars,-136
2026-09-02T19:22:14+00:00,8f68612bf47c3193e7fa2d8783e79373,2026-09-05,Fulham,Crystal Palace,btts,yes,DraftKings,-150
2026-09-02T19:22:14+00:00,8f68612bf47c3193e7fa2d8783e79373,2026-09-05,Fulham,Crystal Palace,btts,yes,FanDuel,-146
2026-09-02T19:22:14+00:00,8f68612bf47c3193e7fa2d8783e79373,2026-09-05,Fulham,Crystal Palace,btts,yes,Fanatics,-150
2026-09-02T19:22:14+00:00,8f68612bf47c3193e7fa2d8783e79373,2026-09-05,Fulham,Crystal Palace,btts,yes,MyBookie.ag,-150
2026-09-02T19:22:14+00:00,8f68612bf47c3193e7fa2d8783e79373,2026-09-05,Fulham,Crystal Palace,corners_1x2,away,BetMGM,210
2026-09-02T19:22:14+00:00,8f68612bf47c3193e7fa2d8783e79373,2026-09-05,Fulham,Crystal Palace,corners_1x2,away,BetRivers,170
2026-09-02T19:22:14+00:00,8f68612bf47c3193e7fa2d8783e79373,2026-09-05,Fulham,Crystal Palace,corners_1x2,away,Bovada,210
2026-09-02T19:22:14+00:00,8f68612bf47c3193e7fa2d8783e79373,2026-09-05,Fulham,Crystal Palace,corners_1x2,away,DraftKings,240
2026-09-02T19:22:14+00:00,8f68612bf47c3193e7fa2d8783e79373,2026-09-05,Fulham,Crystal Palace,corners_1x2,away,FanDuel,210
2026-09-02T19:22:14+00:00,8f68612bf47c3193e7fa2d8783e79373,2026-09-05,Fulham,Crystal Palace,corners_1x2,draw,BetMGM,725
2026-09-02T19:22:14+00:00,8f68612bf47c3193e7fa2d8783e79373,2026-09-05,Fulham,Crystal Palace,corners_1x2,draw,BetRivers,650
2026-09-02T19:22:14+00:00,8f68612bf47c3193e7fa2d8783e79373,2026-09-05,Fulham,Crystal Palace,corners_1x2,draw,Bovada,725
2026-09-02T19:22:14+00:00,8f68612bf47c3193e7fa2d8783e79373,2026-09-05,Fulham,Crystal Palace,corners_1x2,draw,DraftKings,700
2026-09-02T19:22:14+00:00,8f68612bf47c3193e7fa2d8783e79373,2026-09-05,Fulham,Crystal Palace,corners_1x2,draw,FanDuel,700
2026-09-02T19:22:14+00:00,8f68612bf47c3193e7fa2d8783e79373,2026-09-05,Fulham,Crystal Palace,corners_1x2,home,BetMGM,-200
2026-09-02T19:22:14+00:00,8f68612bf47c3193e7fa2d8783e79373,2026-09-05,Fulham,Crystal Palace,corners_1x2,home,BetRivers,-175
2026-09-02T19:22:14+00:00,8f68612bf47c3193e7fa2d8783e79373,2026-09-05,Fulham,Crystal Palace,corners_1x2,home,Bovada,-197
2026-09-02T19:22:14+00:00,8f68612bf47c3193e7fa2d8783e79373,2026-09-05,Fulham,Crystal Palace,corners_1x2,home,DraftKings,-205
2026-09-02T19:22:14+00:00,8f68612bf47c3193e7fa2d8783e79373,2026-09-05,Fulham,Crystal Palace,corners_1x2,home,FanDuel,-180
2026-09-02T19:22:14+00:00,8f68612bf47c3193e7fa2d8783e79373,2026-09-05,Fulham,Crystal Palace,corners_total_10_5,over,BetMGM,100
2026-09-02T19:22:14+00:00,8f68612bf47c3193e7fa2d8783e79373,2026-09-05,Fulham,Crystal Palace,corners_total_10_5,over,BetRivers,105
2026-09-02T19:22:14+00:00,8f68612bf47c3193e7fa2d8783e79373,2026-09-05,Fulham,Crystal Palace,corners_total_10_5,over,Bovada,108
2026-09-02T19:22:14+00:00,8f68612bf47c3193e7fa2d8783e79373,2026-09-05,Fulham,Crystal Palace,corners_total_10_5,over,Caesars,113
2026-09-02T19:22:14+00:00,8f68612bf47c3193e7fa2d8783e79373,2026-09-05,Fulham,Crystal Palace,corners_total_10_5,over,DraftKings,115
2026-09-02T19:22:14+00:00,8f68612bf47c3193e7fa2d8783e79373,2026-09-05,Fulham,Crystal Palace,corners_total_10_5,over,FanDuel,134
2026-09-02T19:22:14+00:00,8f68612bf47c3193e7fa2d8783e79373,2026-09-05,Fulham,Crystal Palace,corners_total_10_5,under,BetMGM,-145
2026-09-02T19:22:14+00:00,8f68612bf47c3193e7fa2d8783e79373,2026-09-05,Fulham,Crystal Palace,corners_total_10_5,under,BetRivers,-155
2026-09-02T19:22:14+00:00,8f68612bf47c3193e7fa2d8783e79373,2026-09-05,Fulham,Crystal Palace,corners_total_10_5,under,Bovada,-140
2026-09-02T19:22:14+00:00,8f68612bf47c3193e7fa2d8783e79373,2026-09-05,Fulham,Crystal Palace,corners_total_10_5,under,Caesars,-145
2026-09-02T19:22:14+00:00,8f68612bf47c3193e7fa2d8783e79373,2026-09-05,Fulham,Crystal Palace,corners_total_10_5,under,DraftKings,-160
2026-09-02T19:22:14+00:00,8f68612bf47c3193e7fa2d8783e79373,2026-09-05,Fulham,Crystal Palace,corners_total_10_5,under,FanDuel,-180
2026-09-02T19:22:14+00:00,8f68612bf47c3193e7fa2d8783e79373,2026-09-05,Fulham,Crystal Palace,corners_total_9_5,over,BetMGM,-160
2026-09-02T19:22:14+00:00,8f68612bf47c3193e7fa2d8783e79373,2026-09-05,Fulham,Crystal Palace,corners_total_9_5,over,BetRivers,-150
2026-09-02T19:22:14+00:00,8f68612bf47c3193e7fa2d8783e79373,2026-09-05,Fulham,Crystal Palace,corners_total_9_5,over,Bovada,-148
2026-09-02T19:22:14+00:00,8f68612bf47c3193e7fa2d8783e79373,2026-09-05,Fulham,Crystal Palace,corners_total_9_5,over,DraftKings,-155
2026-09-02T19:22:14+00:00,8f68612bf47c3193e7fa2d8783e79373,2026-09-05,Fulham,Crystal Palace,corners_total_9_5,over,FanDuel,-128
2026-09-02T19:22:14+00:00,8f68612bf47c3193e7fa2d8783e79373,2026-09-05,Fulham,Crystal Palace,corners_total_9_5,over,MyBookie.ag,-138
2026-09-02T19:22:14+00:00,8f68612bf47c3193e7fa2d8783e79373,2026-09-05,Fulham,Crystal Palace,corners_total_9_5,under,BetMGM,115
2026-09-02T19:22:14+00:00,8f68612bf47c3193e7fa2d8783e79373,2026-09-05,Fulham,Crystal Palace,corners_total_9_5,under,BetRivers,104
2026-09-02T19:22:14+00:00,8f68612bf47c3193e7fa2d8783e79373,2026-09-05,Fulham,Crystal Palace,corners_total_9_5,under,Bovada,113
2026-09-02T19:22:14+00:00,8f68612bf47c3193e7fa2d8783e79373,2026-09-05,Fulham,Crystal Palace,corners_total_9_5,under,DraftKings,110
2026-09-02T19:22:14+00:00,8f68612bf47c3193e7fa2d8783e79373,2026-09-05,Fulham,Crystal Palace,corners_total_9_5,under,FanDuel,-104
2026-09-02T19:22:14+00:00,8f68612bf47c3193e7fa2d8783e79373,2026-09-05,Fulham,Crystal Palace,corners_total_9_5,under,MyBookie.ag,100
2026-09-02T19:22:14+00:00,8f68612bf47c3193e7fa2d8783e79373,2026-09-05,Fulham,Crystal Palace,double_chance,draw_or_away,BetOnline.ag,-161
2026-09-02T19:22:14+00:00,8f68612bf47c3193e7fa2d8783e79373,2026-09-05,Fulham,Crystal Palace,double_chance,draw_or_away,BetRivers,-167
2026-09-02T19:22:14+00:00,8f68612bf47c3193e7fa2d8783e79373,2026-09-05,Fulham,Crystal Palace,double_chance,draw_or_away,Bovada,-168
2026-09-02T19:22:14+00:00,8f68612bf47c3193e7fa2d8783e79373,2026-09-05,Fulham,Crystal Palace,double_chance,draw_or_away,DraftKings,-160
2026-09-02T19:22:14+00:00,8f68612bf47c3193e7fa2d8783e79373,2026-09-05,Fulham,Crystal Palace,double_chance,draw_or_away,FanDuel,-175
2026-09-02T19:22:14+00:00,8f68612bf47c3193e7fa2d8783e79373,2026-09-05,Fulham,Crystal Palace,double_chance,draw_or_away,Fanatics,-160
2026-09-02T19:22:14+00:00,8f68612bf47c3193e7fa2d8783e79373,2026-09-05,Fulham,Crystal Palace,double_chance,draw_or_away,MyBookie.ag,-218
2026-09-02T19:22:14+00:00,8f68612bf47c3193e7fa2d8783e79373,2026-09-05,Fulham,Crystal Palace,double_chance,home_or_away,BetOnline.ag,-323
2026-09-02T19:22:14+00:00,8f68612bf47c3193e7fa2d8783e79373,2026-09-05,Fulham,Crystal Palace,double_chance,home_or_away,BetRivers,-335
2026-09-02T19:22:14+00:00,8f68612bf47c3193e7fa2d8783e79373,2026-09-05,Fulham,Crystal Palace,double_chance,home_or_away,Bovada,-325
2026-09-02T19:22:14+00:00,8f68612bf47c3193e7fa2d8783e79373,2026-09-05,Fulham,Crystal Palace,double_chance,home_or_away,DraftKings,-320
2026-09-02T19:22:14+00:00,8f68612bf47c3193e7fa2d8783e79373,2026-09-05,Fulham,Crystal Palace,double_chance,home_or_away,FanDuel,-340
2026-09-02T19:22:14+00:00,8f68612bf47c3193e7fa2d8783e79373,2026-09-05,Fulham,Crystal Palace,double_chance,home_or_away,Fanatics,-325
2026-09-02T19:22:14+00:00,8f68612bf47c3193e7fa2d8783e79373,2026-09-05,Fulham,Crystal Palace,double_chance,home_or_away,MyBookie.ag,-380
2026-09-02T19:22:14+00:00,8f68612bf47c3193e7fa2d8783e79373,2026-09-05,Fulham,Crystal Palace,double_chance,home_or_draw,BetOnline.ag,-278
2026-09-02T19:22:14+00:00,8f68612bf47c3193e7fa2d8783e79373,2026-09-05,Fulham,Crystal Palace,double_chance,home_or_draw,BetRivers,-278
2026-09-02T19:22:14+00:00,8f68612bf47c3193e7fa2d8783e79373,2026-09-05,Fulham,Crystal Palace,double_chance,home_or_draw,Bovada,-275
2026-09-02T19:22:14+00:00,8f68612bf47c3193e7fa2d8783e79373,2026-09-05,Fulham,Crystal Palace,double_chance,home_or_draw,DraftKings,-275
2026-09-02T19:22:14+00:00,8f68612bf47c3193e7fa2d8783e79373,2026-09-05,Fulham,Crystal Palace,double_chance,home_or_draw,FanDuel,-270
2026-09-02T19:22:14+00:00,8f68612bf47c3193e7fa2d8783e79373,2026-09-05,Fulham,Crystal Palace,double_chance,home_or_draw,Fanatics,-275
2026-09-02T19:22:14+00:00,8f68612bf47c3193e7fa2d8783e79373,2026-09-05,Fulham,Crystal Palace,double_chance,home_or_draw,MyBookie.ag,-340
2026-09-02T19:22:14+00:00,8f68612bf47c3193e7fa2d8783e79373,2026-09-05,Fulham,Crystal Palace,draw_no_bet,away,BetMGM,110
2026-09-02T19:22:14+00:00,8f68612bf47c3193e7fa2d8783e79373,2026-09-05,Fulham,Crystal Palace,draw_no_bet,away,BetOnline.ag,122
2026-09-02T19:22:14+00:00,8f68612bf47c3193e7fa2d8783e79373,2026-09-05,Fulham,Crystal Palace,draw_no_bet,away,BetRivers,112
2026-09-02T19:22:14+00:00,8f68612bf47c3193e7fa2d8783e79373,2026-09-05,Fulham,Crystal Palace,draw_no_bet,away,Bovada,122
2026-09-02T19:22:14+00:00,8f68612bf47c3193e7fa2d8783e79373,2026-09-05,Fulham,Crystal Palace,draw_no_bet,away,Caesars,110
2026-09-02T19:22:14+00:00,8f68612bf47c3193e7fa2d8783e79373,2026-09-05,Fulham,Crystal Palace,draw_no_bet,away,DraftKings,120
2026-09-02T19:22:14+00:00,8f68612bf47c3193e7fa2d8783e79373,2026-09-05,Fulham,Crystal Palace,draw_no_bet,away,FanDuel,122
2026-09-02T19:22:14+00:00,8f68612bf47c3193e7fa2d8783e79373,2026-09-05,Fulham,Crystal Palace,draw_no_bet,away,Fanatics,120
2026-09-02T19:22:14+00:00,8f68612bf47c3193e7fa2d8783e79373,2026-09-05,Fulham,Crystal Palace,draw_no_bet,away,MyBookie.ag,117
2026-09-02T19:22:14+00:00,8f68612bf47c3193e7fa2d8783e79373,2026-09-05,Fulham,Crystal Palace,draw_no_bet,home,BetMGM,-160
2026-09-02T19:22:14+00:00,8f68612bf47c3193e7fa2d8783e79373,2026-09-05,Fulham,Crystal Palace,draw_no_bet,home,BetOnline.ag,-154
2026-09-02T19:22:14+00:00,8f68612bf47c3193e7fa2d8783e79373,2026-09-05,Fulham,Crystal Palace,draw_no_bet,home,BetRivers,-165
2026-09-02T19:22:14+00:00,8f68612bf47c3193e7fa2d8783e79373,2026-09-05,Fulham,Crystal Palace,draw_no_bet,home,Bovada,-148
2026-09-02T19:22:14+00:00,8f68612bf47c3193e7fa2d8783e79373,2026-09-05,Fulham,Crystal Palace,draw_no_bet,home,Caesars,-141
2026-09-02T19:22:14+00:00,8f68612bf47c3193e7fa2d8783e79373,2026-09-05,Fulham,Crystal Palace,draw_no_bet,home,DraftKings,-150
2026-09-02T19:22:14+00:00,8f68612bf47c3193e7fa2d8783e79373,2026-09-05,Fulham,Crystal Palace,draw_no_bet,home,FanDuel,-144
2026-09-02T19:22:14+00:00,8f68612bf47c3193e7fa2d8783e79373,2026-09-05,Fulham,Crystal Palace,draw_no_bet,home,Fanatics,-160
2026-09-02T19:22:14+00:00,8f68612bf47c3193e7fa2d8783e79373,2026-09-05,Fulham,Crystal Palace,draw_no_bet,home,MyBookie.ag,-149
2026-09-02T19:22:14+00:00,8f68612bf47c3193e7fa2d8783e79373,2026-09-05,Fulham,Crystal Palace,total_2_5,over,BetMGM,-120
2026-09-02T19:22:14+00:00,8f68612bf47c3193e7fa2d8783e79373,2026-09-05,Fulham,Crystal Palace,total_2_5,over,BetOnline.ag,-115
2026-09-02T19:22:14+00:00,8f68612bf47c3193e7fa2d8783e79373,2026-09-05,Fulham,Crystal Palace,total_2_5,over,BetRivers,-117
2026-09-02T19:22:14+00:00,8f68612bf47c3193e7fa2d8783e79373,2026-09-05,Fulham,Crystal Palace,total_2_5,over,BetUS,-115
2026-09-02T19:22:14+00:00,8f68612bf47c3193e7fa2d8783e79373,2026-09-05,Fulham,Crystal Palace,total_2_5,over,Bovada,-112
2026-09-02T19:22:14+00:00,8f68612bf47c3193e7fa2d8783e79373,2026-09-05,Fulham,Crystal Palace,total_2_5,over,Caesars,-117
2026-09-02T19:22:14+00:00,8f68612bf47c3193e7fa2d8783e79373,2026-09-05,Fulham,Crystal Palace,total_2_5,over,DraftKings,-115
2026-09-02T19:22:14+00:00,8f68612bf47c3193e7fa2d8783e79373,2026-09-05,Fulham,Crystal Palace,total_2_5,over,FanDuel,-115
2026-09-02T19:22:14+00:00,8f68612bf47c3193e7fa2d8783e79373,2026-09-05,Fulham,Crystal Palace,total_2_5,over,Fanatics,-120
2026-09-02T19:22:14+00:00,8f68612bf47c3193e7fa2d8783e79373,2026-09-05,Fulham,Crystal Palace,total_2_5,over,LowVig.ag,-115
2026-09-02T19:22:14+00:00,8f68612bf47c3193e7fa2d8783e79373,2026-09-05,Fulham,Crystal Palace,total_2_5,over,MyBookie.ag,-121
2026-09-02T19:22:14+00:00,8f68612bf47c3193e7fa2d8783e79373,2026-09-05,Fulham,Crystal Palace,total_2_5,under,BetMGM,-112
2026-09-02T19:22:14+00:00,8f68612bf47c3193e7fa2d8783e79373,2026-09-05,Fulham,Crystal Palace,total_2_5,under,BetOnline.ag,-105
2026-09-02T19:22:14+00:00,8f68612bf47c3193e7fa2d8783e79373,2026-09-05,Fulham,Crystal Palace,total_2_5,under,BetRivers,-109
2026-09-02T19:22:14+00:00,8f68612bf47c3193e7fa2d8783e79373,2026-09-05,Fulham,Crystal Palace,total_2_5,under,BetUS,-105
2026-09-02T19:22:14+00:00,8f68612bf47c3193e7fa2d8783e79373,2026-09-05,Fulham,Crystal Palace,total_2_5,under,Bovada,-108
2026-09-02T19:22:14+00:00,8f68612bf47c3193e7fa2d8783e79373,2026-09-05,Fulham,Crystal Palace,total_2_5,under,Caesars,-110
2026-09-02T19:22:14+00:00,8f68612bf47c3193e7fa2d8783e79373,2026-09-05,Fulham,Crystal Palace,total_2_5,under,DraftKings,-110
2026-09-02T19:22:14+00:00,8f68612bf47c3193e7fa2d8783e79373,2026-09-05,Fulham,Crystal Palace,total_2_5,under,FanDuel,-105
2026-09-02T19:22:14+00:00,8f68612bf47c3193e7fa2d8783e79373,2026-09-05,Fulham,Crystal Palace,total_2_5,under,Fanatics,-110
2026-09-02T19:22:14+00:00,8f68612bf47c3193e7fa2d8783e79373,2026-09-05,Fulham,Crystal Palace,total_2_5,under,LowVig.ag,-105
2026-09-02T19:22:14+00:00,8f68612bf47c3193e7fa2d8783e79373,2026-09-05,Fulham,Crystal Palace,total_2_5,under,MyBookie.ag,-114
2026-09-02T19:22:14+00:00,a6f2622727548c33369cc15c88b2aabd,2026-09-05,Nott'm Forest,Tottenham,1x2,away,BetMGM,165
2026-09-02T19:22:14+00:00,a6f2622727548c33369cc15c88b2aabd,2026-09-05,Nott'm Forest,Tottenham,1x2,away,BetOnline.ag,188
2026-09-02T19:22:14+00:00,a6f2622727548c33369cc15c88b2aabd,2026-09-05,Nott'm Forest,Tottenham,1x2,away,BetRivers,175
2026-09-02T19:22:14+00:00,a6f2622727548c33369cc15c88b2aabd,2026-09-05,Nott'm Forest,Tottenham,1x2,away,BetUS,188
2026-09-02T19:22:14+00:00,a6f2622727548c33369cc15c88b2aabd,2026-09-05,Nott'm Forest,Tottenham,1x2,away,Bovada,185
2026-09-02T19:22:14+00:00,a6f2622727548c33369cc15c88b2aabd,2026-09-05,Nott'm Forest,Tottenham,1x2,away,Caesars,179
2026-09-02T19:22:14+00:00,a6f2622727548c33369cc15c88b2aabd,2026-09-05,Nott'm Forest,Tottenham,1x2,away,DraftKings,185
2026-09-02T19:22:14+00:00,a6f2622727548c33369cc15c88b2aabd,2026-09-05,Nott'm Forest,Tottenham,1x2,away,FanDuel,180
2026-09-02T19:22:14+00:00,a6f2622727548c33369cc15c88b2aabd,2026-09-05,Nott'm Forest,Tottenham,1x2,away,Fanatics,185
2026-09-02T19:22:14+00:00,a6f2622727548c33369cc15c88b2aabd,2026-09-05,Nott'm Forest,Tottenham,1x2,away,LowVig.ag,188
2026-09-02T19:22:14+00:00,a6f2622727548c33369cc15c88b2aabd,2026-09-05,Nott'm Forest,Tottenham,1x2,away,MyBookie.ag,177
2026-09-02T19:22:14+00:00,a6f2622727548c33369cc15c88b2aabd,2026-09-05,Nott'm Forest,Tottenham,1x2,draw,BetMGM,220
2026-09-02T19:22:14+00:00,a6f2622727548c33369cc15c88b2aabd,2026-09-05,Nott'm Forest,Tottenham,1x2,draw,BetOnline.ag,251
2026-09-02T19:22:14+00:00,a6f2622727548c33369cc15c88b2aabd,2026-09-05,Nott'm Forest,Tottenham,1x2,draw,BetRivers,235
2026-09-02T19:22:14+00:00,a6f2622727548c33369cc15c88b2aabd,2026-09-05,Nott'm Forest,Tottenham,1x2,draw,BetUS,251
2026-09-02T19:22:14+00:00,a6f2622727548c33369cc15c88b2aabd,2026-09-05,Nott'm Forest,Tottenham,1x2,draw,Bovada,245
2026-09-02T19:22:14+00:00,a6f2622727548c33369cc15c88b2aabd,2026-09-05,Nott'm Forest,Tottenham,1x2,draw,Caesars,235
2026-09-02T19:22:14+00:00,a6f2622727548c33369cc15c88b2aabd,2026-09-05,Nott'm Forest,Tottenham,1x2,draw,DraftKings,245
2026-09-02T19:22:14+00:00,a6f2622727548c33369cc15c88b2aabd,2026-09-05,Nott'm Forest,Tottenham,1x2,draw,FanDuel,230
2026-09-02T19:22:14+00:00,a6f2622727548c33369cc15c88b2aabd,2026-09-05,Nott'm Forest,Tottenham,1x2,draw,Fanatics,240
2026-09-02T19:22:14+00:00,a6f2622727548c33369cc15c88b2aabd,2026-09-05,Nott'm Forest,Tottenham,1x2,draw,LowVig.ag,251
2026-09-02T19:22:14+00:00,a6f2622727548c33369cc15c88b2aabd,2026-09-05,Nott'm Forest,Tottenham,1x2,draw,MyBookie.ag,234
2026-09-02T19:22:14+00:00,a6f2622727548c33369cc15c88b2aabd,2026-09-05,Nott'm Forest,Tottenham,1x2,home,BetMGM,135
2026-09-02T19:22:14+00:00,a6f2622727548c33369cc15c88b2aabd,2026-09-05,Nott'm Forest,Tottenham,1x2,home,BetOnline.ag,148
2026-09-02T19:22:14+00:00,a6f2622727548c33369cc15c88b2aabd,2026-09-05,Nott'm Forest,Tottenham,1x2,home,BetRivers,155
2026-09-02T19:22:14+00:00,a6f2622727548c33369cc15c88b2aabd,2026-09-05,Nott'm Forest,Tottenham,1x2,home,BetUS,148
2026-09-02T19:22:14+00:00,a6f2622727548c33369cc15c88b2aabd,2026-09-05,Nott'm Forest,Tottenham,1x2,home,Bovada,145
2026-09-02T19:22:14+00:00,a6f2622727548c33369cc15c88b2aabd,2026-09-05,Nott'm Forest,Tottenham,1x2,home,Caesars,147
2026-09-02T19:22:14+00:00,a6f2622727548c33369cc15c88b2aabd,2026-09-05,Nott'm Forest,Tottenham,1x2,home,DraftKings,145
2026-09-02T19:22:14+00:00,a6f2622727548c33369cc15c88b2aabd,2026-09-05,Nott'm Forest,Tottenham,1x2,home,FanDuel,145
2026-09-02T19:22:14+00:00,a6f2622727548c33369cc15c88b2aabd,2026-09-05,Nott'm Forest,Tottenham,1x2,home,Fanatics,140
2026-09-02T19:22:14+00:00,a6f2622727548c33369cc15c88b2aabd,2026-09-05,Nott'm Forest,Tottenham,1x2,home,LowVig.ag,148
2026-09-02T19:22:14+00:00,a6f2622727548c33369cc15c88b2aabd,2026-09-05,Nott'm Forest,Tottenham,1x2,home,MyBookie.ag,139
2026-09-02T19:22:14+00:00,a6f2622727548c33369cc15c88b2aabd,2026-09-05,Nott'm Forest,Tottenham,btts,no,BetMGM,100
2026-09-02T19:22:14+00:00,a6f2622727548c33369cc15c88b2aabd,2026-09-05,Nott'm Forest,Tottenham,btts,no,BetOnline.ag,101
2026-09-02T19:22:14+00:00,a6f2622727548c33369cc15c88b2aabd,2026-09-05,Nott'm Forest,Tottenham,btts,no,BetRivers,102
2026-09-02T19:22:14+00:00,a6f2622727548c33369cc15c88b2aabd,2026-09-05,Nott'm Forest,Tottenham,btts,no,Bovada,108
2026-09-02T19:22:14+00:00,a6f2622727548c33369cc15c88b2aabd,2026-09-05,Nott'm Forest,Tottenham,btts,no,Caesars,101
2026-09-02T19:22:14+00:00,a6f2622727548c33369cc15c88b2aabd,2026-09-05,Nott'm Forest,Tottenham,btts,no,DraftKings,115
2026-09-02T19:22:14+00:00,a6f2622727548c33369cc15c88b2aabd,2026-09-05,Nott'm Forest,Tottenham,btts,no,FanDuel,108
2026-09-02T19:22:14+00:00,a6f2622727548c33369cc15c88b2aabd,2026-09-05,Nott'm Forest,Tottenham,btts,no,Fanatics,110
2026-09-02T19:22:14+00:00,a6f2622727548c33369cc15c88b2aabd,2026-09-05,Nott'm Forest,Tottenham,btts,no,MyBookie.ag,103
2026-09-02T19:22:14+00:00,a6f2622727548c33369cc15c88b2aabd,2026-09-05,Nott'm Forest,Tottenham,btts,yes,BetMGM,-145
2026-09-02T19:22:14+00:00,a6f2622727548c33369cc15c88b2aabd,2026-09-05,Nott'm Forest,Tottenham,btts,yes,BetOnline.ag,-132
2026-09-02T19:22:14+00:00,a6f2622727548c33369cc15c88b2aabd,2026-09-05,Nott'm Forest,Tottenham,btts,yes,BetRivers,-137
2026-09-02T19:22:14+00:00,a6f2622727548c33369cc15c88b2aabd,2026-09-05,Nott'm Forest,Tottenham,btts,yes,Bovada,-140
2026-09-02T19:22:14+00:00,a6f2622727548c33369cc15c88b2aabd,2026-09-05,Nott'm Forest,Tottenham,btts,yes,Caesars,-129
2026-09-02T19:22:14+00:00,a6f2622727548c33369cc15c88b2aabd,2026-09-05,Nott'm Forest,Tottenham,btts,yes,DraftKings,-145
2026-09-02T19:22:14+00:00,a6f2622727548c33369cc15c88b2aabd,2026-09-05,Nott'm Forest,Tottenham,btts,yes,FanDuel,-136
2026-09-02T19:22:14+00:00,a6f2622727548c33369cc15c88b2aabd,2026-09-05,Nott'm Forest,Tottenham,btts,yes,Fanatics,-145
2026-09-02T19:22:14+00:00,a6f2622727548c33369cc15c88b2aabd,2026-09-05,Nott'm Forest,Tottenham,btts,yes,MyBookie.ag,-142
2026-09-02T19:22:14+00:00,a6f2622727548c33369cc15c88b2aabd,2026-09-05,Nott'm Forest,Tottenham,corners_1x2,away,BetMGM,110
2026-09-02T19:22:14+00:00,a6f2622727548c33369cc15c88b2aabd,2026-09-05,Nott'm Forest,Tottenham,corners_1x2,away,BetRivers,-110
2026-09-02T19:22:14+00:00,a6f2622727548c33369cc15c88b2aabd,2026-09-05,Nott'm Forest,Tottenham,corners_1x2,away,Bovada,110
2026-09-02T19:22:14+00:00,a6f2622727548c33369cc15c88b2aabd,2026-09-05,Nott'm Forest,Tottenham,corners_1x2,away,DraftKings,110
2026-09-02T19:22:14+00:00,a6f2622727548c33369cc15c88b2aabd,2026-09-05,Nott'm Forest,Tottenham,corners_1x2,draw,BetMGM,675
2026-09-02T19:22:14+00:00,a6f2622727548c33369cc15c88b2aabd,2026-09-05,Nott'm Forest,Tottenham,corners_1x2,draw,BetRivers,650
2026-09-02T19:22:14+00:00,a6f2622727548c33369cc15c88b2aabd,2026-09-05,Nott'm Forest,Tottenham,corners_1x2,draw,Bovada,675
2026-09-02T19:22:14+00:00,a6f2622727548c33369cc15c88b2aabd,2026-09-05,Nott'm Forest,Tottenham,corners_1x2,draw,DraftKings,600
2026-09-02T19:22:14+00:00,a6f2622727548c33369cc15c88b2aabd,2026-09-05,Nott'm Forest,Tottenham,corners_1x2,home,BetMGM,-105
2026-09-02T19:22:14+00:00,a6f2622727548c33369cc15c88b2aabd,2026-09-05,Nott'm Forest,Tottenham,corners_1x2,home,BetRivers,110
2026-09-02T19:22:14+00:00,a6f2622727548c33369cc15c88b2aabd,2026-09-05,Nott'm Forest,Tottenham,corners_1x2,home,Bovada,-106
2026-09-02T19:22:14+00:00,a6f2622727548c33369cc15c88b2aabd,2026-09-05,Nott'm Forest,Tottenham,corners_1x2,home,DraftKings,105
2026-09-02T19:22:14+00:00,a6f2622727548c33369cc15c88b2aabd,2026-09-05,Nott'm Forest,Tottenham,corners_total_10_5,over,BetMGM,100
2026-09-02T19:22:14+00:00,a6f2622727548c33369cc15c88b2aabd,2026-09-05,Nott'm Forest,Tottenham,corners_total_10_5,over,BetRivers,-104
2026-09-02T19:22:14+00:00,a6f2622727548c33369cc15c88b2aabd,2026-09-05,Nott'm Forest,Tottenham,corners_total_10_5,over,Bovada,105
2026-09-02T19:22:14+00:00,a6f2622727548c33369cc15c88b2aabd,2026-09-05,Nott'm Forest,Tottenham,corners_total_10_5,over,Caesars,105
2026-09-02T19:22:14+00:00,a6f2622727548c33369cc15c88b2aabd,2026-09-05,Nott'm Forest,Tottenham,corners_total_10_5,over,DraftKings,100
2026-09-02T19:22:14+00:00,a6f2622727548c33369cc15c88b2aabd,2026-09-05,Nott'm Forest,Tottenham,corners_total_10_5,over,MyBookie.ag,100
2026-09-02T19:22:14+00:00,a6f2622727548c33369cc15c88b2aabd,2026-09-05,Nott'm Forest,Tottenham,corners_total_10_5,under,BetMGM,-145
2026-09-02T19:22:14+00:00,a6f2622727548c33369cc15c88b2aabd,2026-09-05,Nott'm Forest,Tottenham,corners_total_10_5,under,BetRivers,-141
2026-09-02T19:22:14+00:00,a6f2622727548c33369cc15c88b2aabd,2026-09-05,Nott'm Forest,Tottenham,corners_total_10_5,under,Bovada,-135
2026-09-02T19:22:14+00:00,a6f2622727548c33369cc15c88b2aabd,2026-09-05,Nott'm Forest,Tottenham,corners_total_10_5,under,Caesars,-134
2026-09-02T19:22:14+00:00,a6f2622727548c33369cc15c88b2aabd,2026-09-05,Nott'm Forest,Tottenham,corners_total_10_5,under,DraftKings,-140
2026-09-02T19:22:14+00:00,a6f2622727548c33369cc15c88b2aabd,2026-09-05,Nott'm Forest,Tottenham,corners_total_10_5,under,MyBookie.ag,-138
2026-09-02T19:22:14+00:00,a6f2622727548c33369cc15c88b2aabd,2026-09-05,Nott'm Forest,Tottenham,corners_total_9_5,over,BetMGM,-160
2026-09-02T19:22:14+00:00,a6f2622727548c33369cc15c88b2aabd,2026-09-05,Nott'm Forest,Tottenham,corners_total_9_5,over,BetRivers,-167
2026-09-02T19:22:14+00:00,a6f2622727548c33369cc15c88b2aabd,2026-09-05,Nott'm Forest,Tottenham,corners_total_9_5,over,Bovada,-155
2026-09-02T19:22:14+00:00,a6f2622727548c33369cc15c88b2aabd,2026-09-05,Nott'm Forest,Tottenham,corners_total_9_5,over,DraftKings,-155
2026-09-02T19:22:14+00:00,a6f2622727548c33369cc15c88b2aabd,2026-09-05,Nott'm Forest,Tottenham,corners_total_9_5,under,BetMGM,110
2026-09-02T19:22:14+00:00,a6f2622727548c33369cc15c88b2aabd,2026-09-05,Nott'm Forest,Tottenham,corners_total_9_5,under,BetRivers,114
2026-09-02T19:22:14+00:00,a6f2622727548c33369cc15c88b2aabd,2026-09-05,Nott'm Forest,Tottenham,corners_total_9_5,under,Bovada,118
2026-09-02T19:22:14+00:00,a6f2622727548c33369cc15c88b2aabd,2026-09-05,Nott'm Forest,Tottenham,corners_total_9_5,under,DraftKings,115
2026-09-02T19:22:14+00:00,a6f2622727548c33369cc15c88b2aabd,2026-09-05,Nott'm Forest,Tottenham,double_chance,draw_or_away,BetOnline.ag,-172
2026-09-02T19:22:14+00:00,a6f2622727548c33369cc15c88b2aabd,2026-09-05,Nott'm Forest,Tottenham,double_chance,draw_or_away,BetRivers,-200
2026-09-02T19:22:14+00:00,a6f2622727548c33369cc15c88b2aabd,2026-09-05,Nott'm Forest,Tottenham,double_chance,draw_or_away,Bovada,-190
2026-09-02T19:22:14+00:00,a6f2622727548c33369cc15c88b2aabd,2026-09-05,Nott'm Forest,Tottenham,double_chance,draw_or_away,DraftKings,-185
2026-09-02T19:22:14+00:00,a6f2622727548c33369cc15c88b2aabd,2026-09-05,Nott'm Forest,Tottenham,double_chance,draw_or_away,FanDuel,-190
2026-09-02T19:22:14+00:00,a6f2622727548c33369cc15c88b2aabd,2026-09-05,Nott'm Forest,Tottenham,double_chance,draw_or_away,Fanatics,-175
2026-09-02T19:22:14+00:00,a6f2622727548c33369cc15c88b2aabd,2026-09-05,Nott'm Forest,Tottenham,double_chance,draw_or_away,MyBookie.ag,-236
2026-09-02T19:22:14+00:00,a6f2622727548c33369cc15c88b2aabd,2026-09-05,Nott'm Forest,Tottenham,double_chance,home_or_away,BetOnline.ag,-323
2026-09-02T19:22:14+00:00,a6f2622727548c33369cc15c88b2aabd,2026-09-05,Nott'm Forest,Tottenham,double_chance,home_or_away,BetRivers,-315
2026-09-02T19:22:14+00:00,a6f2622727548c33369cc15c88b2aabd,2026-09-05,Nott'm Forest,Tottenham,double_chance,home_or_away,Bovada,-315
2026-09-02T19:22:14+00:00,a6f2622727548c33369cc15c88b2aabd,2026-09-05,Nott'm Forest,Tottenham,double_chance,home_or_away,DraftKings,-320
2026-09-02T19:22:14+00:00,a6f2622727548c33369cc15c88b2aabd,2026-09-05,Nott'm Forest,Tottenham,double_chance,home_or_away,FanDuel,-320
2026-09-02T19:22:14+00:00,a6f2622727548c33369cc15c88b2aabd,2026-09-05,Nott'm Forest,Tottenham,double_chance,home_or_away,Fanatics,-325
2026-09-02T19:22:14+00:00,a6f2622727548c33369cc15c88b2aabd,2026-09-05,Nott'm Forest,Tottenham,double_chance,home_or_away,MyBookie.ag,-391
2026-09-02T19:22:14+00:00,a6f2622727548c33369cc15c88b2aabd,2026-09-05,Nott'm Forest,Tottenham,double_chance,home_or_draw,BetOnline.ag,-244
2026-09-02T19:22:14+00:00,a6f2622727548c33369cc15c88b2aabd,2026-09-05,Nott'm Forest,Tottenham,double_chance,home_or_draw,BetRivers,-235
2026-09-02T19:22:14+00:00,a6f2622727548c33369cc15c88b2aabd,2026-09-05,Nott'm Forest,Tottenham,double_chance,home_or_draw,Bovada,-245
2026-09-02T19:22:14+00:00,a6f2622727548c33369cc15c88b2aabd,2026-09-05,Nott'm Forest,Tottenham,double_chance,home_or_draw,DraftKings,-235
2026-09-02T19:22:14+00:00,a6f2622727548c33369cc15c88b2aabd,2026-09-05,Nott'm Forest,Tottenham,double_chance,home_or_draw,FanDuel,-250
2026-09-02T19:22:14+00:00,a6f2622727548c33369cc15c88b2aabd,2026-09-05,Nott'm Forest,Tottenham,double_chance,home_or_draw,Fanatics,-240
2026-09-02T19:22:14+00:00,a6f2622727548c33369cc15c88b2aabd,2026-09-05,Nott'm Forest,Tottenham,double_chance,home_or_draw,MyBookie.ag,-300
2026-09-02T19:22:14+00:00,a6f2622727548c33369cc15c88b2aabd,2026-09-05,Nott'm Forest,Tottenham,draw_no_bet,away,BetMGM,-102
2026-09-02T19:22:14+00:00,a6f2622727548c33369cc15c88b2aabd,2026-09-05,Nott'm Forest,Tottenham,draw_no_bet,away,BetOnline.ag,111
2026-09-02T19:22:14+00:00,a6f2622727548c33369cc15c88b2aabd,2026-09-05,Nott'm Forest,Tottenham,draw_no_bet,away,BetRivers,-110
2026-09-02T19:22:14+00:00,a6f2622727548c33369cc15c88b2aabd,2026-09-05,Nott'm Forest,Tottenham,draw_no_bet,away,Bovada,108
2026-09-02T19:22:14+00:00,a6f2622727548c33369cc15c88b2aabd,2026-09-05,Nott'm Forest,Tottenham,draw_no_bet,away,Caesars,-106
2026-09-02T19:22:14+00:00,a6f2622727548c33369cc15c88b2aabd,2026-09-05,Nott'm Forest,Tottenham,draw_no_bet,away,DraftKings,105
2026-09-02T19:22:14+00:00,a6f2622727548c33369cc15c88b2aabd,2026-09-05,Nott'm Forest,Tottenham,draw_no_bet,away,FanDuel,110
2026-09-02T19:22:14+00:00,a6f2622727548c33369cc15c88b2aabd,2026-09-05,Nott'm Forest,Tottenham,draw_no_bet,away,Fanatics,105
2026-09-02T19:22:14+00:00,a6f2622727548c33369cc15c88b2aabd,2026-09-05,Nott'm Forest,Tottenham,draw_no_bet,away,MyBookie.ag,104
2026-09-02T19:22:14+00:00,a6f2622727548c33369cc15c88b2aabd,2026-09-05,Nott'm Forest,Tottenham,draw_no_bet,home,BetMGM,-135
2026-09-02T19:22:14+00:00,a6f2622727548c33369cc15c88b2aabd,2026-09-05,Nott'm Forest,Tottenham,draw_no_bet,home,BetOnline.ag,-135
2026-09-02T19:22:14+00:00,a6f2622727548c33369cc15c88b2aabd,2026-09-05,Nott'm Forest,Tottenham,draw_no_bet,home,BetRivers,-130
2026-09-02T19:22:14+00:00,a6f2622727548c33369cc15c88b2aabd,2026-09-05,Nott'm Forest,Tottenham,draw_no_bet,home,Bovada,-128
2026-09-02T19:22:14+00:00,a6f2622727548c33369cc15c88b2aabd,2026-09-05,Nott'm Forest,Tottenham,draw_no_bet,home,Caesars,-121
2026-09-02T19:22:14+00:00,a6f2622727548c33369cc15c88b2aabd,2026-09-05,Nott'm Forest,Tottenham,draw_no_bet,home,DraftKings,-135
2026-09-02T19:22:14+00:00,a6f2622727548c33369cc15c88b2aabd,2026-09-05,Nott'm Forest,Tottenham,draw_no_bet,home,FanDuel,-128
2026-09-02T19:22:14+00:00,a6f2622727548c33369cc15c88b2aabd,2026-09-05,Nott'm Forest,Tottenham,draw_no_bet,home,Fanatics,-140
2026-09-02T19:22:14+00:00,a6f2622727548c33369cc15c88b2aabd,2026-09-05,Nott'm Forest,Tottenham,draw_no_bet,home,MyBookie.ag,-132
2026-09-02T19:22:14+00:00,a6f2622727548c33369cc15c88b2aabd,2026-09-05,Nott'm Forest,Tottenham,total_2_5,over,BetMGM,-112
2026-09-02T19:22:14+00:00,a6f2622727548c33369cc15c88b2aabd,2026-09-05,Nott'm Forest,Tottenham,total_2_5,over,BetOnline.ag,-111
2026-09-02T19:22:14+00:00,a6f2622727548c33369cc15c88b2aabd,2026-09-05,Nott'm Forest,Tottenham,total_2_5,over,BetRivers,-103
2026-09-02T19:22:14+00:00,a6f2622727548c33369cc15c88b2aabd,2026-09-05,Nott'm Forest,Tottenham,total_2_5,over,BetUS,-110
2026-09-02T19:22:14+00:00,a6f2622727548c33369cc15c88b2aabd,2026-09-05,Nott'm Forest,Tottenham,total_2_5,over,Bovada,-110
2026-09-02T19:22:14+00:00,a6f2622727548c33369cc15c88b2aabd,2026-09-05,Nott'm Forest,Tottenham,total_2_5,over,Caesars,-108
2026-09-02T19:22:14+00:00,a6f2622727548c33369cc15c88b2aabd,2026-09-05,Nott'm Forest,Tottenham,total_2_5,over,DraftKings,-110
2026-09-02T19:22:14+00:00,a6f2622727548c33369cc15c88b2aabd,2026-09-05,Nott'm Forest,Tottenham,total_2_5,over,FanDuel,-102
2026-09-02T19:22:14+00:00,a6f2622727548c33369cc15c88b2aabd,2026-09-05,Nott'm Forest,Tottenham,total_2_5,over,Fanatics,-115
2026-09-02T19:22:14+00:00,a6f2622727548c33369cc15c88b2aabd,2026-09-05,Nott'm Forest,Tottenham,total_2_5,over,LowVig.ag,-111
2026-09-02T19:22:14+00:00,a6f2622727548c33369cc15c88b2aabd,2026-09-05,Nott'm Forest,Tottenham,total_2_5,over,MyBookie.ag,-115
2026-09-02T19:22:14+00:00,a6f2622727548c33369cc15c88b2aabd,2026-09-05,Nott'm Forest,Tottenham,total_2_5,under,BetMGM,-120
2026-09-02T19:22:14+00:00,a6f2622727548c33369cc15c88b2aabd,2026-09-05,Nott'm Forest,Tottenham,total_2_5,under,BetOnline.ag,-109
2026-09-02T19:22:14+00:00,a6f2622727548c33369cc15c88b2aabd,2026-09-05,Nott'm Forest,Tottenham,total_2_5,under,BetRivers,-124
2026-09-02T19:22:14+00:00,a6f2622727548c33369cc15c88b2aabd,2026-09-05,Nott'm Forest,Tottenham,total_2_5,under,BetUS,-110
2026-09-02T19:22:14+00:00,a6f2622727548c33369cc15c88b2aabd,2026-09-05,Nott'm Forest,Tottenham,total_2_5,under,Bovada,-110
2026-09-02T19:22:14+00:00,a6f2622727548c33369cc15c88b2aabd,2026-09-05,Nott'm Forest,Tottenham,total_2_5,under,Caesars,-118
2026-09-02T19:22:14+00:00,a6f2622727548c33369cc15c88b2aabd,2026-09-05,Nott'm Forest,Tottenham,total_2_5,under,DraftKings,-110
2026-09-02T19:22:14+00:00,a6f2622727548c33369cc15c88b2aabd,2026-09-05,Nott'm Forest,Tottenham,total_2_5,under,FanDuel,-120
2026-09-02T19:22:14+00:00,a6f2622727548c33369cc15c88b2aabd,2026-09-05,Nott'm Forest,Tottenham,total_2_5,under,Fanatics,-115
2026-09-02T19:22:14+00:00,a6f2622727548c33369cc15c88b2aabd,2026-09-05,Nott'm Forest,Tottenham,total_2_5,under,LowVig.ag,-109
2026-09-02T19:22:14+00:00,a6f2622727548c33369cc15c88b2aabd,2026-09-05,Nott'm Forest,Tottenham,total_2_5,under,MyBookie.ag,-120
2026-09-02T19:22:14+00:00,b7a2cad26d908a943a27340b4b607068,2026-09-14,Leeds,Newcastle,1x2,away,BetRivers,165
2026-09-02T19:22:14+00:00,b7a2cad26d908a943a27340b4b607068,2026-09-14,Leeds,Newcastle,1x2,away,Bovada,175
2026-09-02T19:22:14+00:00,b7a2cad26d908a943a27340b4b607068,2026-09-14,Leeds,Newcastle,1x2,away,DraftKings,170
2026-09-02T19:22:14+00:00,b7a2cad26d908a943a27340b4b607068,2026-09-14,Leeds,Newcastle,1x2,away,FanDuel,170
2026-09-02T19:22:14+00:00,b7a2cad26d908a943a27340b4b607068,2026-09-14,Leeds,Newcastle,1x2,away,Fanatics,165
2026-09-02T19:22:14+00:00,b7a2cad26d908a943a27340b4b607068,2026-09-14,Leeds,Newcastle,1x2,away,MyBookie.ag,168
2026-09-02T19:22:14+00:00,b7a2cad26d908a943a27340b4b607068,2026-09-14,Leeds,Newcastle,1x2,draw,BetRivers,250
2026-09-02T19:22:14+00:00,b7a2cad26d908a943a27340b4b607068,2026-09-14,Leeds,Newcastle,1x2,draw,Bovada,260
2026-09-02T19:22:14+00:00,b7a2cad26d908a943a27340b4b607068,2026-09-14,Leeds,Newcastle,1x2,draw,DraftKings,250
2026-09-02T19:22:14+00:00,b7a2cad26d908a943a27340b4b607068,2026-09-14,Leeds,Newcastle,1x2,draw,FanDuel,260
2026-09-02T19:22:14+00:00,b7a2cad26d908a943a27340b4b607068,2026-09-14,Leeds,Newcastle,1x2,draw,Fanatics,250
2026-09-02T19:22:14+00:00,b7a2cad26d908a943a27340b4b607068,2026-09-14,Leeds,Newcastle,1x2,draw,MyBookie.ag,236
2026-09-02T19:22:14+00:00,b7a2cad26d908a943a27340b4b607068,2026-09-14,Leeds,Newcastle,1x2,home,BetRivers,148
2026-09-02T19:22:14+00:00,b7a2cad26d908a943a27340b4b607068,2026-09-14,Leeds,Newcastle,1x2,home,Bovada,145
2026-09-02T19:22:14+00:00,b7a2cad26d908a943a27340b4b607068,2026-09-14,Leeds,Newcastle,1x2,home,DraftKings,145
2026-09-02T19:22:14+00:00,b7a2cad26d908a943a27340b4b607068,2026-09-14,Leeds,Newcastle,1x2,home,FanDuel,140
2026-09-02T19:22:14+00:00,b7a2cad26d908a943a27340b4b607068,2026-09-14,Leeds,Newcastle,1x2,home,Fanatics,150
2026-09-02T19:22:14+00:00,b7a2cad26d908a943a27340b4b607068,2026-09-14,Leeds,Newcastle,1x2,home,MyBookie.ag,145
2026-09-02T19:22:14+00:00,b7a2cad26d908a943a27340b4b607068,2026-09-14,Leeds,Newcastle,btts,no,BetRivers,128
2026-09-02T19:22:14+00:00,b7a2cad26d908a943a27340b4b607068,2026-09-14,Leeds,Newcastle,btts,no,Bovada,132
2026-09-02T19:22:14+00:00,b7a2cad26d908a943a27340b4b607068,2026-09-14,Leeds,Newcastle,btts,no,DraftKings,135
2026-09-02T19:22:14+00:00,b7a2cad26d908a943a27340b4b607068,2026-09-14,Leeds,Newcastle,btts,no,FanDuel,130
2026-09-02T19:22:14+00:00,b7a2cad26d908a943a27340b4b607068,2026-09-14,Leeds,Newcastle,btts,no,Fanatics,125
2026-09-02T19:22:14+00:00,b7a2cad26d908a943a27340b4b607068,2026-09-14,Leeds,Newcastle,btts,yes,BetRivers,-186
2026-09-02T19:22:14+00:00,b7a2cad26d908a943a27340b4b607068,2026-09-14,Leeds,Newcastle,btts,yes,Bovada,-175
2026-09-02T19:22:14+00:00,b7a2cad26d908a943a27340b4b607068,2026-09-14,Leeds,Newcastle,btts,yes,DraftKings,-185
2026-09-02T19:22:14+00:00,b7a2cad26d908a943a27340b4b607068,2026-09-14,Leeds,Newcastle,btts,yes,FanDuel,-166
2026-09-02T19:22:14+00:00,b7a2cad26d908a943a27340b4b607068,2026-09-14,Leeds,Newcastle,btts,yes,Fanatics,-165
2026-09-02T19:22:14+00:00,b7a2cad26d908a943a27340b4b607068,2026-09-14,Leeds,Newcastle,corners_1x2,away,BetRivers,-113
2026-09-02T19:22:14+00:00,b7a2cad26d908a943a27340b4b607068,2026-09-14,Leeds,Newcastle,corners_1x2,away,Fanatics,140
2026-09-02T19:22:14+00:00,b7a2cad26d908a943a27340b4b607068,2026-09-14,Leeds,Newcastle,corners_1x2,draw,BetRivers,650
2026-09-02T19:22:14+00:00,b7a2cad26d908a943a27340b4b607068,2026-09-14,Leeds,Newcastle,corners_1x2,draw,Fanatics,650
2026-09-02T19:22:14+00:00,b7a2cad26d908a943a27340b4b607068,2026-09-14,Leeds,Newcastle,corners_1x2,home,BetRivers,110
2026-09-02T19:22:14+00:00,b7a2cad26d908a943a27340b4b607068,2026-09-14,Leeds,Newcastle,corners_1x2,home,Fanatics,-130
2026-09-02T19:22:14+00:00,b7a2cad26d908a943a27340b4b607068,2026-09-14,Leeds,Newcastle,corners_total_10_5,over,BetRivers,-109
2026-09-02T19:22:14+00:00,b7a2cad26d908a943a27340b4b607068,2026-09-14,Leeds,Newcastle,corners_total_10_5,under,BetRivers,-134
2026-09-02T19:22:14+00:00,b7a2cad26d908a943a27340b4b607068,2026-09-14,Leeds,Newcastle,corners_total_9_5,over,BetRivers,-175
2026-09-02T19:22:14+00:00,b7a2cad26d908a943a27340b4b607068,2026-09-14,Leeds,Newcastle,corners_total_9_5,over,Fanatics,-160
2026-09-02T19:22:14+00:00,b7a2cad26d908a943a27340b4b607068,2026-09-14,Leeds,Newcastle,corners_total_9_5,under,BetRivers,118
2026-09-02T19:22:14+00:00,b7a2cad26d908a943a27340b4b607068,2026-09-14,Leeds,Newcastle,corners_total_9_5,under,Fanatics,115
2026-09-02T19:22:14+00:00,b7a2cad26d908a943a27340b4b607068,2026-09-14,Leeds,Newcastle,double_chance,draw_or_away,BetRivers,-215
2026-09-02T19:22:14+00:00,b7a2cad26d908a943a27340b4b607068,2026-09-14,Leeds,Newcastle,double_chance,draw_or_away,Bovada,-193
2026-09-02T19:22:14+00:00,b7a2cad26d908a943a27340b4b607068,2026-09-14,Leeds,Newcastle,double_chance,draw_or_away,DraftKings,-205
2026-09-02T19:22:14+00:00,b7a2cad26d908a943a27340b4b607068,2026-09-14,Leeds,Newcastle,double_chance,draw_or_away,FanDuel,-190
2026-09-02T19:22:14+00:00,b7a2cad26d908a943a27340b4b607068,2026-09-14,Leeds,Newcastle,double_chance,draw_or_away,Fanatics,-190
2026-09-02T19:22:14+00:00,b7a2cad26d908a943a27340b4b607068,2026-09-14,Leeds,Newcastle,double_chance,home_or_away,BetRivers,-400
2026-09-02T19:22:14+00:00,b7a2cad26d908a943a27340b4b607068,2026-09-14,Leeds,Newcastle,double_chance,home_or_away,Bovada,-335
2026-09-02T19:22:14+00:00,b7a2cad26d908a943a27340b4b607068,2026-09-14,Leeds,Newcastle,double_chance,home_or_away,DraftKings,-360
2026-09-02T19:22:14+00:00,b7a2cad26d908a943a27340b4b607068,2026-09-14,Leeds,Newcastle,double_chance,home_or_away,FanDuel,-360
2026-09-02T19:22:14+00:00,b7a2cad26d908a943a27340b4b607068,2026-09-14,Leeds,Newcastle,double_chance,home_or_away,Fanatics,-325
2026-09-02T19:22:14+00:00,b7a2cad26d908a943a27340b4b607068,2026-09-14,Leeds,Newcastle,double_chance,home_or_draw,BetRivers,-245
2026-09-02T19:22:14+00:00,b7a2cad26d908a943a27340b4b607068,2026-09-14,Leeds,Newcastle,double_chance,home_or_draw,Bovada,-225
2026-09-02T19:22:14+00:00,b7a2cad26d908a943a27340b4b607068,2026-09-14,Leeds,Newcastle,double_chance,home_or_draw,DraftKings,-235
2026-09-02T19:22:14+00:00,b7a2cad26d908a943a27340b4b607068,2026-09-14,Leeds,Newcastle,double_chance,home_or_draw,FanDuel,-230
2026-09-02T19:22:14+00:00,b7a2cad26d908a943a27340b4b607068,2026-09-14,Leeds,Newcastle,double_chance,home_or_draw,Fanatics,-210
2026-09-02T19:22:14+00:00,b7a2cad26d908a943a27340b4b607068,2026-09-14,Leeds,Newcastle,draw_no_bet,away,BetRivers,-113
2026-09-02T19:22:14+00:00,b7a2cad26d908a943a27340b4b607068,2026-09-14,Leeds,Newcastle,draw_no_bet,away,Bovada,100
2026-09-02T19:22:14+00:00,b7a2cad26d908a943a27340b4b607068,2026-09-14,Leeds,Newcastle,draw_no_bet,away,DraftKings,-105
2026-09-02T19:22:14+00:00,b7a2cad26d908a943a27340b4b607068,2026-09-14,Leeds,Newcastle,draw_no_bet,away,FanDuel,102
2026-09-02T19:22:14+00:00,b7a2cad26d908a943a27340b4b607068,2026-09-14,Leeds,Newcastle,draw_no_bet,away,Fanatics,-110
2026-09-02T19:22:14+00:00,b7a2cad26d908a943a27340b4b607068,2026-09-14,Leeds,Newcastle,draw_no_bet,home,BetRivers,-129
2026-09-02T19:22:14+00:00,b7a2cad26d908a943a27340b4b607068,2026-09-14,Leeds,Newcastle,draw_no_bet,home,Bovada,-120
2026-09-02T19:22:14+00:00,b7a2cad26d908a943a27340b4b607068,2026-09-14,Leeds,Newcastle,draw_no_bet,home,DraftKings,-130
2026-09-02T19:22:14+00:00,b7a2cad26d908a943a27340b4b607068,2026-09-14,Leeds,Newcastle,draw_no_bet,home,FanDuel,-120
2026-09-02T19:22:14+00:00,b7a2cad26d908a943a27340b4b607068,2026-09-14,Leeds,Newcastle,draw_no_bet,home,Fanatics,-120
2026-09-02T19:22:14+00:00,b7a2cad26d908a943a27340b4b607068,2026-09-14,Leeds,Newcastle,total_2_5,over,BetRivers,-141
2026-09-02T19:22:14+00:00,b7a2cad26d908a943a27340b4b607068,2026-09-14,Leeds,Newcastle,total_2_5,over,Bovada,-138
2026-09-02T19:22:14+00:00,b7a2cad26d908a943a27340b4b607068,2026-09-14,Leeds,Newcastle,total_2_5,over,DraftKings,-140
2026-09-02T19:22:14+00:00,b7a2cad26d908a943a27340b4b607068,2026-09-14,Leeds,Newcastle,total_2_5,over,FanDuel,-140
2026-09-02T19:22:14+00:00,b7a2cad26d908a943a27340b4b607068,2026-09-14,Leeds,Newcastle,total_2_5,over,Fanatics,-140
2026-09-02T19:22:14+00:00,b7a2cad26d908a943a27340b4b607068,2026-09-14,Leeds,Newcastle,total_2_5,over,MyBookie.ag,-139
2026-09-02T19:22:14+00:00,b7a2cad26d908a943a27340b4b607068,2026-09-14,Leeds,Newcastle,total_2_5,under,BetRivers,112
2026-09-02T19:22:14+00:00,b7a2cad26d908a943a27340b4b607068,2026-09-14,Leeds,Newcastle,total_2_5,under,Bovada,114
2026-09-02T19:22:14+00:00,b7a2cad26d908a943a27340b4b607068,2026-09-14,Leeds,Newcastle,total_2_5,under,DraftKings,105
2026-09-02T19:22:14+00:00,b7a2cad26d908a943a27340b4b607068,2026-09-14,Leeds,Newcastle,total_2_5,under,FanDuel,112
2026-09-02T19:22:14+00:00,b7a2cad26d908a943a27340b4b607068,2026-09-14,Leeds,Newcastle,total_2_5,under,Fanatics,105
2026-09-02T19:22:14+00:00,b7a2cad26d908a943a27340b4b607068,2026-09-14,Leeds,Newcastle,total_2_5,under,MyBookie.ag,101
2026-09-02T19:22:14+00:00,c97a93b915115f2b4659fb88262b71f8,2026-09-13,Coventry,Brighton,1x2,away,BetRivers,-124
2026-09-02T19:22:14+00:00,c97a93b915115f2b4659fb88262b71f8,2026-09-13,Coventry,Brighton,1x2,away,Bovada,-122
2026-09-02T19:22:14+00:00,c97a93b915115f2b4659fb88262b71f8,2026-09-13,Coventry,Brighton,1x2,away,DraftKings,-125
2026-09-02T19:22:14+00:00,c97a93b915115f2b4659fb88262b71f8,2026-09-13,Coventry,Brighton,1x2,away,FanDuel,-140
2026-09-02T19:22:14+00:00,c97a93b915115f2b4659fb88262b71f8,2026-09-13,Coventry,Brighton,1x2,away,Fanatics,-125
2026-09-02T19:22:14+00:00,c97a93b915115f2b4659fb88262b71f8,2026-09-13,Coventry,Brighton,1x2,away,MyBookie.ag,-135
2026-09-02T19:22:14+00:00,c97a93b915115f2b4659fb88262b71f8,2026-09-13,Coventry,Brighton,1x2,draw,BetRivers,275
2026-09-02T19:22:14+00:00,c97a93b915115f2b4659fb88262b71f8,2026-09-13,Coventry,Brighton,1x2,draw,Bovada,280
2026-09-02T19:22:14+00:00,c97a93b915115f2b4659fb88262b71f8,2026-09-13,Coventry,Brighton,1x2,draw,DraftKings,265
2026-09-02T19:22:14+00:00,c97a93b915115f2b4659fb88262b71f8,2026-09-13,Coventry,Brighton,1x2,draw,FanDuel,290
2026-09-02T19:22:14+00:00,c97a93b915115f2b4659fb88262b71f8,2026-09-13,Coventry,Brighton,1x2,draw,Fanatics,280
2026-09-02T19:22:14+00:00,c97a93b915115f2b4659fb88262b71f8,2026-09-13,Coventry,Brighton,1x2,draw,MyBookie.ag,270
2026-09-02T19:22:14+00:00,c97a93b915115f2b4659fb88262b71f8,2026-09-13,Coventry,Brighton,1x2,home,BetRivers,310
2026-09-02T19:22:14+00:00,c97a93b915115f2b4659fb88262b71f8,2026-09-13,Coventry,Brighton,1x2,home,Bovada,330
2026-09-02T19:22:14+00:00,c97a93b915115f2b4659fb88262b71f8,2026-09-13,Coventry,Brighton,1x2,home,DraftKings,320
2026-09-02T19:22:14+00:00,c97a93b915115f2b4659fb88262b71f8,2026-09-13,Coventry,Brighton,1x2,home,FanDuel,330
2026-09-02T19:22:14+00:00,c97a93b915115f2b4659fb88262b71f8,2026-09-13,Coventry,Brighton,1x2,home,Fanatics,350
2026-09-02T19:22:14+00:00,c97a93b915115f2b4659fb88262b71f8,2026-09-13,Coventry,Brighton,1x2,home,MyBookie.ag,330
2026-09-02T19:22:14+00:00,c97a93b915115f2b4659fb88262b71f8,2026-09-13,Coventry,Brighton,btts,no,BetRivers,110
2026-09-02T19:22:14+00:00,c97a93b915115f2b4659fb88262b71f8,2026-09-13,Coventry,Brighton,btts,no,Bovada,113
2026-09-02T19:22:14+00:00,c97a93b915115f2b4659fb88262b71f8,2026-09-13,Coventry,Brighton,btts,no,DraftKings,110
2026-09-02T19:22:14+00:00,c97a93b915115f2b4659fb88262b71f8,2026-09-13,Coventry,Brighton,btts,no,FanDuel,112
2026-09-02T19:22:14+00:00,c97a93b915115f2b4659fb88262b71f8,2026-09-13,Coventry,Brighton,btts,no,Fanatics,115
2026-09-02T19:22:14+00:00,c97a93b915115f2b4659fb88262b71f8,2026-09-13,Coventry,Brighton,btts,yes,BetRivers,-159
2026-09-02T19:22:14+00:00,c97a93b915115f2b4659fb88262b71f8,2026-09-13,Coventry,Brighton,btts,yes,Bovada,-148
2026-09-02T19:22:14+00:00,c97a93b915115f2b4659fb88262b71f8,2026-09-13,Coventry,Brighton,btts,yes,DraftKings,-155
2026-09-02T19:22:14+00:00,c97a93b915115f2b4659fb88262b71f8,2026-09-13,Coventry,Brighton,btts,yes,FanDuel,-142
2026-09-02T19:22:14+00:00,c97a93b915115f2b4659fb88262b71f8,2026-09-13,Coventry,Brighton,btts,yes,Fanatics,-150
2026-09-02T19:22:14+00:00,c97a93b915115f2b4659fb88262b71f8,2026-09-13,Coventry,Brighton,corners_1x2,away,BetRivers,-220
2026-09-02T19:22:14+00:00,c97a93b915115f2b4659fb88262b71f8,2026-09-13,Coventry,Brighton,corners_1x2,away,Fanatics,-140
2026-09-02T19:22:14+00:00,c97a93b915115f2b4659fb88262b71f8,2026-09-13,Coventry,Brighton,corners_1x2,draw,BetRivers,650
2026-09-02T19:22:14+00:00,c97a93b915115f2b4659fb88262b71f8,2026-09-13,Coventry,Brighton,corners_1x2,draw,Fanatics,600
2026-09-02T19:22:14+00:00,c97a93b915115f2b4659fb88262b71f8,2026-09-13,Coventry,Brighton,corners_1x2,home,BetRivers,210
2026-09-02T19:22:14+00:00,c97a93b915115f2b4659fb88262b71f8,2026-09-13,Coventry,Brighton,corners_1x2,home,Fanatics,155
2026-09-02T19:22:14+00:00,c97a93b915115f2b4659fb88262b71f8,2026-09-13,Coventry,Brighton,corners_total_10_5,over,BetRivers,130
2026-09-02T19:22:14+00:00,c97a93b915115f2b4659fb88262b71f8,2026-09-13,Coventry,Brighton,corners_total_10_5,under,BetRivers,-195
2026-09-02T19:22:14+00:00,c97a93b915115f2b4659fb88262b71f8,2026-09-13,Coventry,Brighton,corners_total_9_5,over,BetRivers,-121
2026-09-02T19:22:14+00:00,c97a93b915115f2b4659fb88262b71f8,2026-09-13,Coventry,Brighton,corners_total_9_5,over,Fanatics,-115
2026-09-02T19:22:14+00:00,c97a93b915115f2b4659fb88262b71f8,2026-09-13,Coventry,Brighton,corners_total_9_5,under,BetRivers,-121
2026-09-02T19:22:14+00:00,c97a93b915115f2b4659fb88262b71f8,2026-09-13,Coventry,Brighton,corners_total_9_5,under,Fanatics,-125
2026-09-02T19:22:14+00:00,c97a93b915115f2b4659fb88262b71f8,2026-09-13,Coventry,Brighton,double_chance,draw_or_away,BetRivers,-530
2026-09-02T19:22:14+00:00,c97a93b915115f2b4659fb88262b71f8,2026-09-13,Coventry,Brighton,double_chance,draw_or_away,Bovada,-480
2026-09-02T19:22:14+00:00,c97a93b915115f2b4659fb88262b71f8,2026-09-13,Coventry,Brighton,double_chance,draw_or_away,DraftKings,-500
2026-09-02T19:22:14+00:00,c97a93b915115f2b4659fb88262b71f8,2026-09-13,Coventry,Brighton,double_chance,draw_or_away,FanDuel,-450
2026-09-02T19:22:14+00:00,c97a93b915115f2b4659fb88262b71f8,2026-09-13,Coventry,Brighton,double_chance,draw_or_away,Fanatics,-450
2026-09-02T19:22:14+00:00,c97a93b915115f2b4659fb88262b71f8,2026-09-13,Coventry,Brighton,double_chance,home_or_away,BetRivers,-455
2026-09-02T19:22:14+00:00,c97a93b915115f2b4659fb88262b71f8,2026-09-13,Coventry,Brighton,double_chance,home_or_away,Bovada,-375
2026-09-02T19:22:14+00:00,c97a93b915115f2b4659fb88262b71f8,2026-09-13,Coventry,Brighton,double_chance,home_or_away,DraftKings,-390
2026-09-02T19:22:14+00:00,c97a93b915115f2b4659fb88262b71f8,2026-09-13,Coventry,Brighton,double_chance,home_or_away,FanDuel,-400
2026-09-02T19:22:14+00:00,c97a93b915115f2b4659fb88262b71f8,2026-09-13,Coventry,Brighton,double_chance,home_or_away,Fanatics,-350
2026-09-02T19:22:14+00:00,c97a93b915115f2b4659fb88262b71f8,2026-09-13,Coventry,Brighton,double_chance,home_or_draw,BetRivers,-112
2026-09-02T19:22:14+00:00,c97a93b915115f2b4659fb88262b71f8,2026-09-13,Coventry,Brighton,double_chance,home_or_draw,Bovada,-103
2026-09-02T19:22:14+00:00,c97a93b915115f2b4659fb88262b71f8,2026-09-13,Coventry,Brighton,double_chance,home_or_draw,DraftKings,-110
2026-09-02T19:22:14+00:00,c97a93b915115f2b4659fb88262b71f8,2026-09-13,Coventry,Brighton,double_chance,home_or_draw,FanDuel,-105
2026-09-02T19:22:14+00:00,c97a93b915115f2b4659fb88262b71f8,2026-09-13,Coventry,Brighton,double_chance,home_or_draw,Fanatics,105
2026-09-02T19:22:14+00:00,c97a93b915115f2b4659fb88262b71f8,2026-09-13,Coventry,Brighton,draw_no_bet,away,BetRivers,-295
2026-09-02T19:22:14+00:00,c97a93b915115f2b4659fb88262b71f8,2026-09-13,Coventry,Brighton,draw_no_bet,away,Bovada,-285
2026-09-02T19:22:14+00:00,c97a93b915115f2b4659fb88262b71f8,2026-09-13,Coventry,Brighton,draw_no_bet,away,DraftKings,-310
2026-09-02T19:22:14+00:00,c97a93b915115f2b4659fb88262b71f8,2026-09-13,Coventry,Brighton,draw_no_bet,away,FanDuel,-280
2026-09-02T19:22:14+00:00,c97a93b915115f2b4659fb88262b71f8,2026-09-13,Coventry,Brighton,draw_no_bet,away,Fanatics,-300
2026-09-02T19:22:14+00:00,c97a93b915115f2b4659fb88262b71f8,2026-09-13,Coventry,Brighton,draw_no_bet,home,BetRivers,190
2026-09-02T19:22:14+00:00,c97a93b915115f2b4659fb88262b71f8,2026-09-13,Coventry,Brighton,draw_no_bet,home,Bovada,225
2026-09-02T19:22:14+00:00,c97a93b915115f2b4659fb88262b71f8,2026-09-13,Coventry,Brighton,draw_no_bet,home,DraftKings,210
2026-09-02T19:22:14+00:00,c97a93b915115f2b4659fb88262b71f8,2026-09-13,Coventry,Brighton,draw_no_bet,home,FanDuel,230
2026-09-02T19:22:14+00:00,c97a93b915115f2b4659fb88262b71f8,2026-09-13,Coventry,Brighton,draw_no_bet,home,Fanatics,220
2026-09-02T19:22:14+00:00,c97a93b915115f2b4659fb88262b71f8,2026-09-13,Coventry,Brighton,total_2_5,over,BetRivers,-137
2026-09-02T19:22:14+00:00,c97a93b915115f2b4659fb88262b71f8,2026-09-13,Coventry,Brighton,total_2_5,over,Bovada,-130
2026-09-02T19:22:14+00:00,c97a93b915115f2b4659fb88262b71f8,2026-09-13,Coventry,Brighton,total_2_5,over,DraftKings,-135
2026-09-02T19:22:14+00:00,c97a93b915115f2b4659fb88262b71f8,2026-09-13,Coventry,Brighton,total_2_5,over,FanDuel,-140
2026-09-02T19:22:14+00:00,c97a93b915115f2b4659fb88262b71f8,2026-09-13,Coventry,Brighton,total_2_5,over,Fanatics,-140
2026-09-02T19:22:14+00:00,c97a93b915115f2b4659fb88262b71f8,2026-09-13,Coventry,Brighton,total_2_5,over,MyBookie.ag,-142
2026-09-02T19:22:14+00:00,c97a93b915115f2b4659fb88262b71f8,2026-09-13,Coventry,Brighton,total_2_5,under,BetRivers,108
2026-09-02T19:22:14+00:00,c97a93b915115f2b4659fb88262b71f8,2026-09-13,Coventry,Brighton,total_2_5,under,Bovada,110
2026-09-02T19:22:14+00:00,c97a93b915115f2b4659fb88262b71f8,2026-09-13,Coventry,Brighton,total_2_5,under,DraftKings,100
2026-09-02T19:22:14+00:00,c97a93b915115f2b4659fb88262b71f8,2026-09-13,Coventry,Brighton,total_2_5,under,FanDuel,112
2026-09-02T19:22:14+00:00,c97a93b915115f2b4659fb88262b71f8,2026-09-13,Coventry,Brighton,total_2_5,under,Fanatics,105
2026-09-02T19:22:14+00:00,c97a93b915115f2b4659fb88262b71f8,2026-09-13,Coventry,Brighton,total_2_5,under,MyBookie.ag,103
2026-09-02T19:22:14+00:00,cbbc88759fe3e2f1677a0c6ee40955af,2026-09-12,Tottenham,Everton,1x2,away,BetRivers,265
2026-09-02T19:22:14+00:00,cbbc88759fe3e2f1677a0c6ee40955af,2026-09-12,Tottenham,Everton,1x2,away,Bovada,265
2026-09-02T19:22:14+00:00,cbbc88759fe3e2f1677a0c6ee40955af,2026-09-12,Tottenham,Everton,1x2,away,DraftKings,260
2026-09-02T19:22:14+00:00,cbbc88759fe3e2f1677a0c6ee40955af,2026-09-12,Tottenham,Everton,1x2,away,FanDuel,260
2026-09-02T19:22:14+00:00,cbbc88759fe3e2f1677a0c6ee40955af,2026-09-12,Tottenham,Everton,1x2,away,Fanatics,260
2026-09-02T19:22:14+00:00,cbbc88759fe3e2f1677a0c6ee40955af,2026-09-12,Tottenham,Everton,1x2,away,MyBookie.ag,265
2026-09-02T19:22:14+00:00,cbbc88759fe3e2f1677a0c6ee40955af,2026-09-12,Tottenham,Everton,1x2,draw,BetRivers,245
2026-09-02T19:22:14+00:00,cbbc88759fe3e2f1677a0c6ee40955af,2026-09-12,Tottenham,Everton,1x2,draw,Bovada,255
2026-09-02T19:22:14+00:00,cbbc88759fe3e2f1677a0c6ee40955af,2026-09-12,Tottenham,Everton,1x2,draw,DraftKings,250
2026-09-02T19:22:14+00:00,cbbc88759fe3e2f1677a0c6ee40955af,2026-09-12,Tottenham,Everton,1x2,draw,FanDuel,250
2026-09-02T19:22:14+00:00,cbbc88759fe3e2f1677a0c6ee40955af,2026-09-12,Tottenham,Everton,1x2,draw,Fanatics,250
2026-09-02T19:22:14+00:00,cbbc88759fe3e2f1677a0c6ee40955af,2026-09-12,Tottenham,Everton,1x2,draw,MyBookie.ag,242
2026-09-02T19:22:14+00:00,cbbc88759fe3e2f1677a0c6ee40955af,2026-09-12,Tottenham,Everton,1x2,home,BetRivers,-103
2026-09-02T19:22:14+00:00,cbbc88759fe3e2f1677a0c6ee40955af,2026-09-12,Tottenham,Everton,1x2,home,Bovada,100
2026-09-02T19:22:14+00:00,cbbc88759fe3e2f1677a0c6ee40955af,2026-09-12,Tottenham,Everton,1x2,home,DraftKings,100
2026-09-02T19:22:14+00:00,cbbc88759fe3e2f1677a0c6ee40955af,2026-09-12,Tottenham,Everton,1x2,home,FanDuel,100
2026-09-02T19:22:14+00:00,cbbc88759fe3e2f1677a0c6ee40955af,2026-09-12,Tottenham,Everton,1x2,home,Fanatics,100
2026-09-02T19:22:14+00:00,cbbc88759fe3e2f1677a0c6ee40955af,2026-09-12,Tottenham,Everton,1x2,home,MyBookie.ag,-105
2026-09-02T19:22:14+00:00,cbbc88759fe3e2f1677a0c6ee40955af,2026-09-12,Tottenham,Everton,btts,no,BetRivers,-103
2026-09-02T19:22:14+00:00,cbbc88759fe3e2f1677a0c6ee40955af,2026-09-12,Tottenham,Everton,btts,no,Bovada,105
2026-09-02T19:22:14+00:00,cbbc88759fe3e2f1677a0c6ee40955af,2026-09-12,Tottenham,Everton,btts,no,DraftKings,105
2026-09-02T19:22:14+00:00,cbbc88759fe3e2f1677a0c6ee40955af,2026-09-12,Tottenham,Everton,btts,no,FanDuel,106
2026-09-02T19:22:14+00:00,cbbc88759fe3e2f1677a0c6ee40955af,2026-09-12,Tottenham,Everton,btts,no,Fanatics,-105
2026-09-02T19:22:14+00:00,cbbc88759fe3e2f1677a0c6ee40955af,2026-09-12,Tottenham,Everton,btts,yes,BetRivers,-143
2026-09-02T19:22:14+00:00,cbbc88759fe3e2f1677a0c6ee40955af,2026-09-12,Tottenham,Everton,btts,yes,Bovada,-135
2026-09-02T19:22:14+00:00,cbbc88759fe3e2f1677a0c6ee40955af,2026-09-12,Tottenham,Everton,btts,yes,DraftKings,-145
2026-09-02T19:22:14+00:00,cbbc88759fe3e2f1677a0c6ee40955af,2026-09-12,Tottenham,Everton,btts,yes,FanDuel,-134
2026-09-02T19:22:14+00:00,cbbc88759fe3e2f1677a0c6ee40955af,2026-09-12,Tottenham,Everton,btts,yes,Fanatics,-125
2026-09-02T19:22:14+00:00,cbbc88759fe3e2f1677a0c6ee40955af,2026-09-12,Tottenham,Everton,corners_1x2,away,BetRivers,205
2026-09-02T19:22:14+00:00,cbbc88759fe3e2f1677a0c6ee40955af,2026-09-12,Tottenham,Everton,corners_1x2,draw,BetRivers,700
2026-09-02T19:22:14+00:00,cbbc88759fe3e2f1677a0c6ee40955af,2026-09-12,Tottenham,Everton,corners_1x2,home,BetRivers,-215
2026-09-02T19:22:14+00:00,cbbc88759fe3e2f1677a0c6ee40955af,2026-09-12,Tottenham,Everton,corners_total_10_5,over,BetRivers,-107
2026-09-02T19:22:14+00:00,cbbc88759fe3e2f1677a0c6ee40955af,2026-09-12,Tottenham,Everton,corners_total_10_5,under,BetRivers,-136
2026-09-02T19:22:14+00:00,cbbc88759fe3e2f1677a0c6ee40955af,2026-09-12,Tottenham,Everton,corners_total_9_5,over,BetRivers,-175
2026-09-02T19:22:14+00:00,cbbc88759fe3e2f1677a0c6ee40955af,2026-09-12,Tottenham,Everton,corners_total_9_5,under,BetRivers,116
2026-09-02T19:22:14+00:00,cbbc88759fe3e2f1677a0c6ee40955af,2026-09-12,Tottenham,Everton,double_chance,draw_or_away,BetRivers,-137
2026-09-02T19:22:14+00:00,cbbc88759fe3e2f1677a0c6ee40955af,2026-09-12,Tottenham,Everton,double_chance,draw_or_away,Bovada,-130
2026-09-02T19:22:14+00:00,cbbc88759fe3e2f1677a0c6ee40955af,2026-09-12,Tottenham,Everton,double_chance,draw_or_away,DraftKings,-140
2026-09-02T19:22:14+00:00,cbbc88759fe3e2f1677a0c6ee40955af,2026-09-12,Tottenham,Everton,double_chance,draw_or_away,FanDuel,-135
2026-09-02T19:22:14+00:00,cbbc88759fe3e2f1677a0c6ee40955af,2026-09-12,Tottenham,Everton,double_chance,draw_or_away,Fanatics,-125
2026-09-02T19:22:14+00:00,cbbc88759fe3e2f1677a0c6ee40955af,2026-09-12,Tottenham,Everton,double_chance,home_or_away,BetRivers,-385
2026-09-02T19:22:14+00:00,cbbc88759fe3e2f1677a0c6ee40955af,2026-09-12,Tottenham,Everton,double_chance,home_or_away,Bovada,-335
2026-09-02T19:22:14+00:00,cbbc88759fe3e2f1677a0c6ee40955af,2026-09-12,Tottenham,Everton,double_chance,home_or_away,DraftKings,-360
2026-09-02T19:22:14+00:00,cbbc88759fe3e2f1677a0c6ee40955af,2026-09-12,Tottenham,Everton,double_chance,home_or_away,FanDuel,-350
2026-09-02T19:22:14+00:00,cbbc88759fe3e2f1677a0c6ee40955af,2026-09-12,Tottenham,Everton,double_chance,home_or_away,Fanatics,-325
2026-09-02T19:22:14+00:00,cbbc88759fe3e2f1677a0c6ee40955af,2026-09-12,Tottenham,Everton,double_chance,home_or_draw,BetRivers,-435
2026-09-02T19:22:14+00:00,cbbc88759fe3e2f1677a0c6ee40955af,2026-09-12,Tottenham,Everton,double_chance,home_or_draw,Bovada,-375
2026-09-02T19:22:14+00:00,cbbc88759fe3e2f1677a0c6ee40955af,2026-09-12,Tottenham,Everton,double_chance,home_or_draw,DraftKings,-380
2026-09-02T19:22:14+00:00,cbbc88759fe3e2f1677a0c6ee40955af,2026-09-12,Tottenham,Everton,double_chance,home_or_draw,FanDuel,-350
2026-09-02T19:22:14+00:00,cbbc88759fe3e2f1677a0c6ee40955af,2026-09-12,Tottenham,Everton,double_chance,home_or_draw,Fanatics,-350
2026-09-02T19:22:14+00:00,cbbc88759fe3e2f1677a0c6ee40955af,2026-09-12,Tottenham,Everton,draw_no_bet,away,BetRivers,155
2026-09-02T19:22:14+00:00,cbbc88759fe3e2f1677a0c6ee40955af,2026-09-12,Tottenham,Everton,draw_no_bet,away,Bovada,169
2026-09-02T19:22:14+00:00,cbbc88759fe3e2f1677a0c6ee40955af,2026-09-12,Tottenham,Everton,draw_no_bet,away,DraftKings,160
2026-09-02T19:22:14+00:00,cbbc88759fe3e2f1677a0c6ee40955af,2026-09-12,Tottenham,Everton,draw_no_bet,away,FanDuel,170
2026-09-02T19:22:14+00:00,cbbc88759fe3e2f1677a0c6ee40955af,2026-09-12,Tottenham,Everton,draw_no_bet,away,Fanatics,160
2026-09-02T19:22:14+00:00,cbbc88759fe3e2f1677a0c6ee40955af,2026-09-12,Tottenham,Everton,draw_no_bet,home,BetRivers,-235
2026-09-02T19:22:14+00:00,cbbc88759fe3e2f1677a0c6ee40955af,2026-09-12,Tottenham,Everton,draw_no_bet,home,Bovada,-210
2026-09-02T19:22:14+00:00,cbbc88759fe3e2f1677a0c6ee40955af,2026-09-12,Tottenham,Everton,draw_no_bet,home,DraftKings,-225
2026-09-02T19:22:14+00:00,cbbc88759fe3e2f1677a0c6ee40955af,2026-09-12,Tottenham,Everton,draw_no_bet,home,FanDuel,-200
2026-09-02T19:22:14+00:00,cbbc88759fe3e2f1677a0c6ee40955af,2026-09-12,Tottenham,Everton,draw_no_bet,home,Fanatics,-210
2026-09-02T19:22:14+00:00,cbbc88759fe3e2f1677a0c6ee40955af,2026-09-12,Tottenham,Everton,total_2_5,over,BetRivers,-113
2026-09-02T19:22:14+00:00,cbbc88759fe3e2f1677a0c6ee40955af,2026-09-12,Tottenham,Everton,total_2_5,over,Bovada,-110
2026-09-02T19:22:14+00:00,cbbc88759fe3e2f1677a0c6ee40955af,2026-09-12,Tottenham,Everton,total_2_5,over,DraftKings,-115
2026-09-02T19:22:14+00:00,cbbc88759fe3e2f1677a0c6ee40955af,2026-09-12,Tottenham,Everton,total_2_5,over,FanDuel,-110
2026-09-02T19:22:14+00:00,cbbc88759fe3e2f1677a0c6ee40955af,2026-09-12,Tottenham,Everton,total_2_5,over,Fanatics,-110
2026-09-02T19:22:14+00:00,cbbc88759fe3e2f1677a0c6ee40955af,2026-09-12,Tottenham,Everton,total_2_5,over,MyBookie.ag,-114
2026-09-02T19:22:14+00:00,cbbc88759fe3e2f1677a0c6ee40955af,2026-09-12,Tottenham,Everton,total_2_5,under,BetRivers,-113
2026-09-02T19:22:14+00:00,cbbc88759fe3e2f1677a0c6ee40955af,2026-09-12,Tottenham,Everton,total_2_5,under,Bovada,-110
2026-09-02T19:22:14+00:00,cbbc88759fe3e2f1677a0c6ee40955af,2026-09-12,Tottenham,Everton,total_2_5,under,DraftKings,-120
2026-09-02T19:22:14+00:00,cbbc88759fe3e2f1677a0c6ee40955af,2026-09-12,Tottenham,Everton,total_2_5,under,FanDuel,-110
2026-09-02T19:22:14+00:00,cbbc88759fe3e2f1677a0c6ee40955af,2026-09-12,Tottenham,Everton,total_2_5,under,Fanatics,-120
2026-09-02T19:22:14+00:00,cbbc88759fe3e2f1677a0c6ee40955af,2026-09-12,Tottenham,Everton,total_2_5,under,MyBookie.ag,-121
2026-09-02T19:22:14+00:00,d09677edcf1fb82ad75a8df58bb26eab,2026-09-12,Aston Villa,Nott'm Forest,1x2,away,BetRivers,265
2026-09-02T19:22:14+00:00,d09677edcf1fb82ad75a8df58bb26eab,2026-09-12,Aston Villa,Nott'm Forest,1x2,away,Bovada,275
2026-09-02T19:22:14+00:00,d09677edcf1fb82ad75a8df58bb26eab,2026-09-12,Aston Villa,Nott'm Forest,1x2,away,DraftKings,265
2026-09-02T19:22:14+00:00,d09677edcf1fb82ad75a8df58bb26eab,2026-09-12,Aston Villa,Nott'm Forest,1x2,away,FanDuel,280
2026-09-02T19:22:14+00:00,d09677edcf1fb82ad75a8df58bb26eab,2026-09-12,Aston Villa,Nott'm Forest,1x2,away,Fanatics,280
2026-09-02T19:22:14+00:00,d09677edcf1fb82ad75a8df58bb26eab,2026-09-12,Aston Villa,Nott'm Forest,1x2,away,MyBookie.ag,270
2026-09-02T19:22:14+00:00,d09677edcf1fb82ad75a8df58bb26eab,2026-09-12,Aston Villa,Nott'm Forest,1x2,draw,BetRivers,260
2026-09-02T19:22:14+00:00,d09677edcf1fb82ad75a8df58bb26eab,2026-09-12,Aston Villa,Nott'm Forest,1x2,draw,Bovada,265
2026-09-02T19:22:14+00:00,d09677edcf1fb82ad75a8df58bb26eab,2026-09-12,Aston Villa,Nott'm Forest,1x2,draw,DraftKings,260
2026-09-02T19:22:14+00:00,d09677edcf1fb82ad75a8df58bb26eab,2026-09-12,Aston Villa,Nott'm Forest,1x2,draw,FanDuel,260
2026-09-02T19:22:14+00:00,d09677edcf1fb82ad75a8df58bb26eab,2026-09-12,Aston Villa,Nott'm Forest,1x2,draw,Fanatics,260
2026-09-02T19:22:14+00:00,d09677edcf1fb82ad75a8df58bb26eab,2026-09-12,Aston Villa,Nott'm Forest,1x2,draw,MyBookie.ag,248
2026-09-02T19:22:14+00:00,d09677edcf1fb82ad75a8df58bb26eab,2026-09-12,Aston Villa,Nott'm Forest,1x2,home,BetRivers,-105
2026-09-02T19:22:14+00:00,d09677edcf1fb82ad75a8df58bb26eab,2026-09-12,Aston Villa,Nott'm Forest,1x2,home,Bovada,-105
2026-09-02T19:22:14+00:00,d09677edcf1fb82ad75a8df58bb26eab,2026-09-12,Aston Villa,Nott'm Forest,1x2,home,DraftKings,-105
2026-09-02T19:22:14+00:00,d09677edcf1fb82ad75a8df58bb26eab,2026-09-12,Aston Villa,Nott'm Forest,1x2,home,FanDuel,-120
2026-09-02T19:22:14+00:00,d09677edcf1fb82ad75a8df58bb26eab,2026-09-12,Aston Villa,Nott'm Forest,1x2,home,Fanatics,-105
2026-09-02T19:22:14+00:00,d09677edcf1fb82ad75a8df58bb26eab,2026-09-12,Aston Villa,Nott'm Forest,1x2,home,MyBookie.ag,-109
2026-09-02T19:22:14+00:00,d09677edcf1fb82ad75a8df58bb26eab,2026-09-12,Aston Villa,Nott'm Forest,btts,no,BetRivers,-103
2026-09-02T19:22:14+00:00,d09677edcf1fb82ad75a8df58bb26eab,2026-09-12,Aston Villa,Nott'm Forest,btts,no,Bovada,102
2026-09-02T19:22:14+00:00,d09677edcf1fb82ad75a8df58bb26eab,2026-09-12,Aston Villa,Nott'm Forest,btts,no,DraftKings,100
2026-09-02T19:22:14+00:00,d09677edcf1fb82ad75a8df58bb26eab,2026-09-12,Aston Villa,Nott'm Forest,btts,no,FanDuel,108
2026-09-02T19:22:14+00:00,d09677edcf1fb82ad75a8df58bb26eab,2026-09-12,Aston Villa,Nott'm Forest,btts,no,Fanatics,105
2026-09-02T19:22:14+00:00,d09677edcf1fb82ad75a8df58bb26eab,2026-09-12,Aston Villa,Nott'm Forest,btts,yes,BetRivers,-143
2026-09-02T19:22:14+00:00,d09677edcf1fb82ad75a8df58bb26eab,2026-09-12,Aston Villa,Nott'm Forest,btts,yes,Bovada,-132
2026-09-02T19:22:14+00:00,d09677edcf1fb82ad75a8df58bb26eab,2026-09-12,Aston Villa,Nott'm Forest,btts,yes,DraftKings,-140
2026-09-02T19:22:14+00:00,d09677edcf1fb82ad75a8df58bb26eab,2026-09-12,Aston Villa,Nott'm Forest,btts,yes,FanDuel,-136
2026-09-02T19:22:14+00:00,d09677edcf1fb82ad75a8df58bb26eab,2026-09-12,Aston Villa,Nott'm Forest,btts,yes,Fanatics,-140
2026-09-02T19:22:14+00:00,d09677edcf1fb82ad75a8df58bb26eab,2026-09-12,Aston Villa,Nott'm Forest,corners_1x2,away,BetRivers,240
2026-09-02T19:22:14+00:00,d09677edcf1fb82ad75a8df58bb26eab,2026-09-12,Aston Villa,Nott'm Forest,corners_1x2,draw,BetRivers,700
2026-09-02T19:22:14+00:00,d09677edcf1fb82ad75a8df58bb26eab,2026-09-12,Aston Villa,Nott'm Forest,corners_1x2,home,BetRivers,-265
2026-09-02T19:22:14+00:00,d09677edcf1fb82ad75a8df58bb26eab,2026-09-12,Aston Villa,Nott'm Forest,corners_total_10_5,over,BetRivers,-103
2026-09-02T19:22:14+00:00,d09677edcf1fb82ad75a8df58bb26eab,2026-09-12,Aston Villa,Nott'm Forest,corners_total_10_5,under,BetRivers,-141
2026-09-02T19:22:14+00:00,d09677edcf1fb82ad75a8df58bb26eab,2026-09-12,Aston Villa,Nott'm Forest,corners_total_9_5,over,BetRivers,-159
2026-09-02T19:22:14+00:00,d09677edcf1fb82ad75a8df58bb26eab,2026-09-12,Aston Villa,Nott'm Forest,corners_total_9_5,under,BetRivers,110
2026-09-02T19:22:14+00:00,d09677edcf1fb82ad75a8df58bb26eab,2026-09-12,Aston Villa,Nott'm Forest,double_chance,draw_or_away,BetRivers,-132
2026-09-02T19:22:14+00:00,d09677edcf1fb82ad75a8df58bb26eab,2026-09-12,Aston Villa,Nott'm Forest,double_chance,draw_or_away,Bovada,-124
2026-09-02T19:22:14+00:00,d09677edcf1fb82ad75a8df58bb26eab,2026-09-12,Aston Villa,Nott'm Forest,double_chance,draw_or_away,DraftKings,-135
2026-09-02T19:22:14+00:00,d09677edcf1fb82ad75a8df58bb26eab,2026-09-12,Aston Villa,Nott'm Forest,double_chance,draw_or_away,FanDuel,-120
2026-09-02T19:22:14+00:00,d09677edcf1fb82ad75a8df58bb26eab,2026-09-12,Aston Villa,Nott'm Forest,double_chance,draw_or_away,Fanatics,-115
2026-09-02T19:22:14+00:00,d09677edcf1fb82ad75a8df58bb26eab,2026-09-12,Aston Villa,Nott'm Forest,double_chance,home_or_away,BetRivers,-420
2026-09-02T19:22:14+00:00,d09677edcf1fb82ad75a8df58bb26eab,2026-09-12,Aston Villa,Nott'm Forest,double_chance,home_or_away,Bovada,-335
2026-09-02T19:22:14+00:00,d09677edcf1fb82ad75a8df58bb26eab,2026-09-12,Aston Villa,Nott'm Forest,double_chance,home_or_away,DraftKings,-380
2026-09-02T19:22:14+00:00,d09677edcf1fb82ad75a8df58bb26eab,2026-09-12,Aston Villa,Nott'm Forest,double_chance,home_or_away,FanDuel,-360
2026-09-02T19:22:14+00:00,d09677edcf1fb82ad75a8df58bb26eab,2026-09-12,Aston Villa,Nott'm Forest,double_chance,home_or_away,Fanatics,-350
2026-09-02T19:22:14+00:00,d09677edcf1fb82ad75a8df58bb26eab,2026-09-12,Aston Villa,Nott'm Forest,double_chance,home_or_draw,BetRivers,-420
2026-09-02T19:22:14+00:00,d09677edcf1fb82ad75a8df58bb26eab,2026-09-12,Aston Villa,Nott'm Forest,double_chance,home_or_draw,Bovada,-385
2026-09-02T19:22:14+00:00,d09677edcf1fb82ad75a8df58bb26eab,2026-09-12,Aston Villa,Nott'm Forest,double_chance,home_or_draw,DraftKings,-390
2026-09-02T19:22:14+00:00,d09677edcf1fb82ad75a8df58bb26eab,2026-09-12,Aston Villa,Nott'm Forest,double_chance,home_or_draw,FanDuel,-390
2026-09-02T19:22:14+00:00,d09677edcf1fb82ad75a8df58bb26eab,2026-09-12,Aston Villa,Nott'm Forest,double_chance,home_or_draw,Fanatics,-375
2026-09-02T19:22:14+00:00,d09677edcf1fb82ad75a8df58bb26eab,2026-09-12,Aston Villa,Nott'm Forest,draw_no_bet,away,BetRivers,155
2026-09-02T19:22:14+00:00,d09677edcf1fb82ad75a8df58bb26eab,2026-09-12,Aston Villa,Nott'm Forest,draw_no_bet,away,Bovada,180
2026-09-02T19:22:14+00:00,d09677edcf1fb82ad75a8df58bb26eab,2026-09-12,Aston Villa,Nott'm Forest,draw_no_bet,away,DraftKings,165
2026-09-02T19:22:14+00:00,d09677edcf1fb82ad75a8df58bb26eab,2026-09-12,Aston Villa,Nott'm Forest,draw_no_bet,away,FanDuel,194
2026-09-02T19:22:14+00:00,d09677edcf1fb82ad75a8df58bb26eab,2026-09-12,Aston Villa,Nott'm Forest,draw_no_bet,away,Fanatics,175
2026-09-02T19:22:14+00:00,d09677edcf1fb82ad75a8df58bb26eab,2026-09-12,Aston Villa,Nott'm Forest,draw_no_bet,home,BetRivers,-235
2026-09-02T19:22:14+00:00,d09677edcf1fb82ad75a8df58bb26eab,2026-09-12,Aston Villa,Nott'm Forest,draw_no_bet,home,Bovada,-222
2026-09-02T19:22:14+00:00,d09677edcf1fb82ad75a8df58bb26eab,2026-09-12,Aston Villa,Nott'm Forest,draw_no_bet,home,DraftKings,-235
2026-09-02T19:22:14+00:00,d09677edcf1fb82ad75a8df58bb26eab,2026-09-12,Aston Villa,Nott'm Forest,draw_no_bet,home,FanDuel,-235
2026-09-02T19:22:14+00:00,d09677edcf1fb82ad75a8df58bb26eab,2026-09-12,Aston Villa,Nott'm Forest,draw_no_bet,home,Fanatics,-240
2026-09-02T19:22:14+00:00,d09677edcf1fb82ad75a8df58bb26eab,2026-09-12,Aston Villa,Nott'm Forest,total_2_5,over,BetRivers,-115
2026-09-02T19:22:14+00:00,d09677edcf1fb82ad75a8df58bb26eab,2026-09-12,Aston Villa,Nott'm Forest,total_2_5,over,Bovada,-110
2026-09-02T19:22:14+00:00,d09677edcf1fb82ad75a8df58bb26eab,2026-09-12,Aston Villa,Nott'm Forest,total_2_5,over,DraftKings,-120
2026-09-02T19:22:14+00:00,d09677edcf1fb82ad75a8df58bb26eab,2026-09-12,Aston Villa,Nott'm Forest,total_2_5,over,FanDuel,-115
2026-09-02T19:22:14+00:00,d09677edcf1fb82ad75a8df58bb26eab,2026-09-12,Aston Villa,Nott'm Forest,total_2_5,over,Fanatics,-120
2026-09-02T19:22:14+00:00,d09677edcf1fb82ad75a8df58bb26eab,2026-09-12,Aston Villa,Nott'm Forest,total_2_5,over,MyBookie.ag,-120
2026-09-02T19:22:14+00:00,d09677edcf1fb82ad75a8df58bb26eab,2026-09-12,Aston Villa,Nott'm Forest,total_2_5,under,BetRivers,-109
2026-09-02T19:22:14+00:00,d09677edcf1fb82ad75a8df58bb26eab,2026-09-12,Aston Villa,Nott'm Forest,total_2_5,under,Bovada,-110
2026-09-02T19:22:14+00:00,d09677edcf1fb82ad75a8df58bb26eab,2026-09-12,Aston Villa,Nott'm Forest,total_2_5,under,DraftKings,-115
2026-09-02T19:22:14+00:00,d09677edcf1fb82ad75a8df58bb26eab,2026-09-12,Aston Villa,Nott'm Forest,total_2_5,under,FanDuel,-105
2026-09-02T19:22:14+00:00,d09677edcf1fb82ad75a8df58bb26eab,2026-09-12,Aston Villa,Nott'm Forest,total_2_5,under,Fanatics,-110
2026-09-02T19:22:14+00:00,d09677edcf1fb82ad75a8df58bb26eab,2026-09-12,Aston Villa,Nott'm Forest,total_2_5,under,MyBookie.ag,-115
2026-09-02T19:22:14+00:00,d856d4353db0b4cca2a49b96dfd19c92,2026-09-12,Bournemouth,Brentford,1x2,away,BetRivers,160
2026-09-02T19:22:14+00:00,d856d4353db0b4cca2a49b96dfd19c92,2026-09-12,Bournemouth,Brentford,1x2,away,Bovada,160
2026-09-02T19:22:14+00:00,d856d4353db0b4cca2a49b96dfd19c92,2026-09-12,Bournemouth,Brentford,1x2,away,DraftKings,160
2026-09-02T19:22:14+00:00,d856d4353db0b4cca2a49b96dfd19c92,2026-09-12,Bournemouth,Brentford,1x2,away,FanDuel,150
2026-09-02T19:22:14+00:00,d856d4353db0b4cca2a49b96dfd19c92,2026-09-12,Bournemouth,Brentford,1x2,away,Fanatics,150
2026-09-02T19:22:14+00:00,d856d4353db0b4cca2a49b96dfd19c92,2026-09-12,Bournemouth,Brentford,1x2,away,MyBookie.ag,156
2026-09-02T19:22:14+00:00,d856d4353db0b4cca2a49b96dfd19c92,2026-09-12,Bournemouth,Brentford,1x2,draw,BetRivers,250
2026-09-02T19:22:14+00:00,d856d4353db0b4cca2a49b96dfd19c92,2026-09-12,Bournemouth,Brentford,1x2,draw,Bovada,260
2026-09-02T19:22:14+00:00,d856d4353db0b4cca2a49b96dfd19c92,2026-09-12,Bournemouth,Brentford,1x2,draw,DraftKings,250
2026-09-02T19:22:14+00:00,d856d4353db0b4cca2a49b96dfd19c92,2026-09-12,Bournemouth,Brentford,1x2,draw,FanDuel,260
2026-09-02T19:22:14+00:00,d856d4353db0b4cca2a49b96dfd19c92,2026-09-12,Bournemouth,Brentford,1x2,draw,Fanatics,250
2026-09-02T19:22:14+00:00,d856d4353db0b4cca2a49b96dfd19c92,2026-09-12,Bournemouth,Brentford,1x2,draw,MyBookie.ag,242
2026-09-02T19:22:14+00:00,d856d4353db0b4cca2a49b96dfd19c92,2026-09-12,Bournemouth,Brentford,1x2,home,BetRivers,155
2026-09-02T19:22:14+00:00,d856d4353db0b4cca2a49b96dfd19c92,2026-09-12,Bournemouth,Brentford,1x2,home,Bovada,160
2026-09-02T19:22:14+00:00,d856d4353db0b4cca2a49b96dfd19c92,2026-09-12,Bournemouth,Brentford,1x2,home,DraftKings,155
2026-09-02T19:22:14+00:00,d856d4353db0b4cca2a49b96dfd19c92,2026-09-12,Bournemouth,Brentford,1x2,home,FanDuel,160
2026-09-02T19:22:14+00:00,d856d4353db0b4cca2a49b96dfd19c92,2026-09-12,Bournemouth,Brentford,1x2,home,Fanatics,160
2026-09-02T19:22:14+00:00,d856d4353db0b4cca2a49b96dfd19c92,2026-09-12,Bournemouth,Brentford,1x2,home,MyBookie.ag,152
2026-09-02T19:22:14+00:00,d856d4353db0b4cca2a49b96dfd19c92,2026-09-12,Bournemouth,Brentford,btts,no,BetRivers,133
2026-09-02T19:22:14+00:00,d856d4353db0b4cca2a49b96dfd19c92,2026-09-12,Bournemouth,Brentford,btts,no,Bovada,145
2026-09-02T19:22:14+00:00,d856d4353db0b4cca2a49b96dfd19c92,2026-09-12,Bournemouth,Brentford,btts,no,DraftKings,145
2026-09-02T19:22:14+00:00,d856d4353db0b4cca2a49b96dfd19c92,2026-09-12,Bournemouth,Brentford,btts,no,FanDuel,140
2026-09-02T19:22:14+00:00,d856d4353db0b4cca2a49b96dfd19c92,2026-09-12,Bournemouth,Brentford,btts,no,Fanatics,145
2026-09-02T19:22:14+00:00,d856d4353db0b4cca2a49b96dfd19c92,2026-09-12,Bournemouth,Brentford,btts,yes,BetRivers,-200
2026-09-02T19:22:14+00:00,d856d4353db0b4cca2a49b96dfd19c92,2026-09-12,Bournemouth,Brentford,btts,yes,Bovada,-190
2026-09-02T19:22:14+00:00,d856d4353db0b4cca2a49b96dfd19c92,2026-09-12,Bournemouth,Brentford,btts,yes,DraftKings,-200
2026-09-02T19:22:14+00:00,d856d4353db0b4cca2a49b96dfd19c92,2026-09-12,Bournemouth,Brentford,btts,yes,FanDuel,-180
2026-09-02T19:22:14+00:00,d856d4353db0b4cca2a49b96dfd19c92,2026-09-12,Bournemouth,Brentford,btts,yes,Fanatics,-190
2026-09-02T19:22:14+00:00,d856d4353db0b4cca2a49b96dfd19c92,2026-09-12,Bournemouth,Brentford,corners_1x2,away,BetRivers,155
2026-09-02T19:22:14+00:00,d856d4353db0b4cca2a49b96dfd19c92,2026-09-12,Bournemouth,Brentford,corners_1x2,draw,BetRivers,650
2026-09-02T19:22:14+00:00,d856d4353db0b4cca2a49b96dfd19c92,2026-09-12,Bournemouth,Brentford,corners_1x2,home,BetRivers,-162
2026-09-02T19:22:14+00:00,d856d4353db0b4cca2a49b96dfd19c92,2026-09-12,Bournemouth,Brentford,corners_total_10_5,over,BetRivers,-137
2026-09-02T19:22:14+00:00,d856d4353db0b4cca2a49b96dfd19c92,2026-09-12,Bournemouth,Brentford,corners_total_10_5,under,BetRivers,-106
2026-09-02T19:22:14+00:00,d856d4353db0b4cca2a49b96dfd19c92,2026-09-12,Bournemouth,Brentford,corners_total_9_5,over,BetRivers,-230
2026-09-02T19:22:14+00:00,d856d4353db0b4cca2a49b96dfd19c92,2026-09-12,Bournemouth,Brentford,corners_total_9_5,under,BetRivers,148
2026-09-02T19:22:14+00:00,d856d4353db0b4cca2a49b96dfd19c92,2026-09-12,Bournemouth,Brentford,double_chance,draw_or_away,BetRivers,-225
2026-09-02T19:22:14+00:00,d856d4353db0b4cca2a49b96dfd19c92,2026-09-12,Bournemouth,Brentford,double_chance,draw_or_away,Bovada,-205
2026-09-02T19:22:14+00:00,d856d4353db0b4cca2a49b96dfd19c92,2026-09-12,Bournemouth,Brentford,double_chance,draw_or_away,DraftKings,-215
2026-09-02T19:22:14+00:00,d856d4353db0b4cca2a49b96dfd19c92,2026-09-12,Bournemouth,Brentford,double_chance,draw_or_away,FanDuel,-220
2026-09-02T19:22:14+00:00,d856d4353db0b4cca2a49b96dfd19c92,2026-09-12,Bournemouth,Brentford,double_chance,draw_or_away,Fanatics,-200
2026-09-02T19:22:14+00:00,d856d4353db0b4cca2a49b96dfd19c92,2026-09-12,Bournemouth,Brentford,double_chance,home_or_away,BetRivers,-400
2026-09-02T19:22:14+00:00,d856d4353db0b4cca2a49b96dfd19c92,2026-09-12,Bournemouth,Brentford,double_chance,home_or_away,Bovada,-345
2026-09-02T19:22:14+00:00,d856d4353db0b4cca2a49b96dfd19c92,2026-09-12,Bournemouth,Brentford,double_chance,home_or_away,DraftKings,-360
2026-09-02T19:22:14+00:00,d856d4353db0b4cca2a49b96dfd19c92,2026-09-12,Bournemouth,Brentford,double_chance,home_or_away,FanDuel,-360
2026-09-02T19:22:14+00:00,d856d4353db0b4cca2a49b96dfd19c92,2026-09-12,Bournemouth,Brentford,double_chance,home_or_away,Fanatics,-350
2026-09-02T19:22:14+00:00,d856d4353db0b4cca2a49b96dfd19c92,2026-09-12,Bournemouth,Brentford,double_chance,home_or_draw,BetRivers,-235
2026-09-02T19:22:14+00:00,d856d4353db0b4cca2a49b96dfd19c92,2026-09-12,Bournemouth,Brentford,double_chance,home_or_draw,Bovada,-210
2026-09-02T19:22:14+00:00,d856d4353db0b4cca2a49b96dfd19c92,2026-09-12,Bournemouth,Brentford,double_chance,home_or_draw,DraftKings,-225
2026-09-02T19:22:14+00:00,d856d4353db0b4cca2a49b96dfd19c92,2026-09-12,Bournemouth,Brentford,double_chance,home_or_draw,FanDuel,-200
2026-09-02T19:22:14+00:00,d856d4353db0b4cca2a49b96dfd19c92,2026-09-12,Bournemouth,Brentford,double_chance,home_or_draw,Fanatics,-190
2026-09-02T19:22:14+00:00,d856d4353db0b4cca2a49b96dfd19c92,2026-09-12,Bournemouth,Brentford,draw_no_bet,away,BetRivers,-117
2026-09-02T19:22:14+00:00,d856d4353db0b4cca2a49b96dfd19c92,2026-09-12,Bournemouth,Brentford,draw_no_bet,away,Bovada,-108
2026-09-02T19:22:14+00:00,d856d4353db0b4cca2a49b96dfd19c92,2026-09-12,Bournemouth,Brentford,draw_no_bet,away,DraftKings,-115
2026-09-02T19:22:14+00:00,d856d4353db0b4cca2a49b96dfd19c92,2026-09-12,Bournemouth,Brentford,draw_no_bet,away,FanDuel,-114
2026-09-02T19:22:14+00:00,d856d4353db0b4cca2a49b96dfd19c92,2026-09-12,Bournemouth,Brentford,draw_no_bet,away,Fanatics,-115
2026-09-02T19:22:14+00:00,d856d4353db0b4cca2a49b96dfd19c92,2026-09-12,Bournemouth,Brentford,draw_no_bet,home,BetRivers,-124
2026-09-02T19:22:14+00:00,d856d4353db0b4cca2a49b96dfd19c92,2026-09-12,Bournemouth,Brentford,draw_no_bet,home,Bovada,-112
2026-09-02T19:22:14+00:00,d856d4353db0b4cca2a49b96dfd19c92,2026-09-12,Bournemouth,Brentford,draw_no_bet,home,DraftKings,-120
2026-09-02T19:22:14+00:00,d856d4353db0b4cca2a49b96dfd19c92,2026-09-12,Bournemouth,Brentford,draw_no_bet,home,FanDuel,-102
2026-09-02T19:22:14+00:00,d856d4353db0b4cca2a49b96dfd19c92,2026-09-12,Bournemouth,Brentford,draw_no_bet,home,Fanatics,-115
2026-09-02T19:22:14+00:00,d856d4353db0b4cca2a49b96dfd19c92,2026-09-12,Bournemouth,Brentford,total_2_5,over,BetRivers,-155
2026-09-02T19:22:14+00:00,d856d4353db0b4cca2a49b96dfd19c92,2026-09-12,Bournemouth,Brentford,total_2_5,over,Bovada,-150
2026-09-02T19:22:14+00:00,d856d4353db0b4cca2a49b96dfd19c92,2026-09-12,Bournemouth,Brentford,total_2_5,over,DraftKings,-155
2026-09-02T19:22:14+00:00,d856d4353db0b4cca2a49b96dfd19c92,2026-09-12,Bournemouth,Brentford,total_2_5,over,FanDuel,-148
2026-09-02T19:22:14+00:00,d856d4353db0b4cca2a49b96dfd19c92,2026-09-12,Bournemouth,Brentford,total_2_5,over,Fanatics,-150
2026-09-02T19:22:14+00:00,d856d4353db0b4cca2a49b96dfd19c92,2026-09-12,Bournemouth,Brentford,total_2_5,over,MyBookie.ag,-159
2026-09-02T19:22:14+00:00,d856d4353db0b4cca2a49b96dfd19c92,2026-09-12,Bournemouth,Brentford,total_2_5,under,BetRivers,123
2026-09-02T19:22:14+00:00,d856d4353db0b4cca2a49b96dfd19c92,2026-09-12,Bournemouth,Brentford,total_2_5,under,Bovada,125
2026-09-02T19:22:14+00:00,d856d4353db0b4cca2a49b96dfd19c92,2026-09-12,Bournemouth,Brentford,total_2_5,under,DraftKings,115
2026-09-02T19:22:14+00:00,d856d4353db0b4cca2a49b96dfd19c92,2026-09-12,Bournemouth,Brentford,total_2_5,under,FanDuel,120
2026-09-02T19:22:14+00:00,d856d4353db0b4cca2a49b96dfd19c92,2026-09-12,Bournemouth,Brentford,total_2_5,under,Fanatics,115
2026-09-02T19:22:14+00:00,d856d4353db0b4cca2a49b96dfd19c92,2026-09-12,Bournemouth,Brentford,total_2_5,under,MyBookie.ag,114
2026-09-02T19:22:14+00:00,e40d0fb44319f7bd0ebe1ffbc61fa661,2026-09-13,Man United,Man City,1x2,away,BetRivers,112
2026-09-02T19:22:14+00:00,e40d0fb44319f7bd0ebe1ffbc61fa661,2026-09-13,Man United,Man City,1x2,away,Bovada,115
2026-09-02T19:22:14+00:00,e40d0fb44319f7bd0ebe1ffbc61fa661,2026-09-13,Man United,Man City,1x2,away,DraftKings,110
2026-09-02T19:22:14+00:00,e40d0fb44319f7bd0ebe1ffbc61fa661,2026-09-13,Man United,Man City,1x2,away,FanDuel,110
2026-09-02T19:22:14+00:00,e40d0fb44319f7bd0ebe1ffbc61fa661,2026-09-13,Man United,Man City,1x2,away,Fanatics,110
2026-09-02T19:22:14+00:00,e40d0fb44319f7bd0ebe1ffbc61fa661,2026-09-13,Man United,Man City,1x2,away,MyBookie.ag,111
2026-09-02T19:22:14+00:00,e40d0fb44319f7bd0ebe1ffbc61fa661,2026-09-13,Man United,Man City,1x2,draw,BetRivers,285
2026-09-02T19:22:14+00:00,e40d0fb44319f7bd0ebe1ffbc61fa661,2026-09-13,Man United,Man City,1x2,draw,Bovada,290
2026-09-02T19:22:14+00:00,e40d0fb44319f7bd0ebe1ffbc61fa661,2026-09-13,Man United,Man City,1x2,draw,DraftKings,285
2026-09-02T19:22:14+00:00,e40d0fb44319f7bd0ebe1ffbc61fa661,2026-09-13,Man United,Man City,1x2,draw,FanDuel,280
2026-09-02T19:22:14+00:00,e40d0fb44319f7bd0ebe1ffbc61fa661,2026-09-13,Man United,Man City,1x2,draw,Fanatics,280
2026-09-02T19:22:14+00:00,e40d0fb44319f7bd0ebe1ffbc61fa661,2026-09-13,Man United,Man City,1x2,draw,MyBookie.ag,270
2026-09-02T19:22:14+00:00,e40d0fb44319f7bd0ebe1ffbc61fa661,2026-09-13,Man United,Man City,1x2,home,BetRivers,200
2026-09-02T19:22:14+00:00,e40d0fb44319f7bd0ebe1ffbc61fa661,2026-09-13,Man United,Man City,1x2,home,Bovada,205
2026-09-02T19:22:14+00:00,e40d0fb44319f7bd0ebe1ffbc61fa661,2026-09-13,Man United,Man City,1x2,home,DraftKings,200
2026-09-02T19:22:14+00:00,e40d0fb44319f7bd0ebe1ffbc61fa661,2026-09-13,Man United,Man City,1x2,home,FanDuel,210
2026-09-02T19:22:14+00:00,e40d0fb44319f7bd0ebe1ffbc61fa661,2026-09-13,Man United,Man City,1x2,home,Fanatics,210
2026-09-02T19:22:14+00:00,e40d0fb44319f7bd0ebe1ffbc61fa661,2026-09-13,Man United,Man City,1x2,home,MyBookie.ag,200
2026-09-02T19:22:14+00:00,e40d0fb44319f7bd0ebe1ffbc61fa661,2026-09-13,Man United,Man City,btts,no,BetRivers,150
2026-09-02T19:22:14+00:00,e40d0fb44319f7bd0ebe1ffbc61fa661,2026-09-13,Man United,Man City,btts,no,Bovada,168
2026-09-02T19:22:14+00:00,e40d0fb44319f7bd0ebe1ffbc61fa661,2026-09-13,Man United,Man City,btts,no,DraftKings,170
2026-09-02T19:22:14+00:00,e40d0fb44319f7bd0ebe1ffbc61fa661,2026-09-13,Man United,Man City,btts,no,FanDuel,164
2026-09-02T19:22:14+00:00,e40d0fb44319f7bd0ebe1ffbc61fa661,2026-09-13,Man United,Man City,btts,no,Fanatics,165
2026-09-02T19:22:14+00:00,e40d0fb44319f7bd0ebe1ffbc61fa661,2026-09-13,Man United,Man City,btts,yes,BetRivers,-230
2026-09-02T19:22:14+00:00,e40d0fb44319f7bd0ebe1ffbc61fa661,2026-09-13,Man United,Man City,btts,yes,Bovada,-225
2026-09-02T19:22:14+00:00,e40d0fb44319f7bd0ebe1ffbc61fa661,2026-09-13,Man United,Man City,btts,yes,DraftKings,-240
2026-09-02T19:22:14+00:00,e40d0fb44319f7bd0ebe1ffbc61fa661,2026-09-13,Man United,Man City,btts,yes,FanDuel,-215
2026-09-02T19:22:14+00:00,e40d0fb44319f7bd0ebe1ffbc61fa661,2026-09-13,Man United,Man City,btts,yes,Fanatics,-225
2026-09-02T19:22:14+00:00,e40d0fb44319f7bd0ebe1ffbc61fa661,2026-09-13,Man United,Man City,corners_1x2,away,BetRivers,-159
2026-09-02T19:22:14+00:00,e40d0fb44319f7bd0ebe1ffbc61fa661,2026-09-13,Man United,Man City,corners_1x2,away,Fanatics,-150
2026-09-02T19:22:14+00:00,e40d0fb44319f7bd0ebe1ffbc61fa661,2026-09-13,Man United,Man City,corners_1x2,draw,BetRivers,650
2026-09-02T19:22:14+00:00,e40d0fb44319f7bd0ebe1ffbc61fa661,2026-09-13,Man United,Man City,corners_1x2,draw,Fanatics,600
2026-09-02T19:22:14+00:00,e40d0fb44319f7bd0ebe1ffbc61fa661,2026-09-13,Man United,Man City,corners_1x2,home,BetRivers,160
2026-09-02T19:22:14+00:00,e40d0fb44319f7bd0ebe1ffbc61fa661,2026-09-13,Man United,Man City,corners_1x2,home,Fanatics,160
2026-09-02T19:22:14+00:00,e40d0fb44319f7bd0ebe1ffbc61fa661,2026-09-13,Man United,Man City,corners_total_10_5,over,BetRivers,114
2026-09-02T19:22:14+00:00,e40d0fb44319f7bd0ebe1ffbc61fa661,2026-09-13,Man United,Man City,corners_total_10_5,under,BetRivers,-167
2026-09-02T19:22:14+00:00,e40d0fb44319f7bd0ebe1ffbc61fa661,2026-09-13,Man United,Man City,corners_total_9_5,over,BetRivers,-139
2026-09-02T19:22:14+00:00,e40d0fb44319f7bd0ebe1ffbc61fa661,2026-09-13,Man United,Man City,corners_total_9_5,over,Fanatics,-130
2026-09-02T19:22:14+00:00,e40d0fb44319f7bd0ebe1ffbc61fa661,2026-09-13,Man United,Man City,corners_total_9_5,under,BetRivers,-105
2026-09-02T19:22:14+00:00,e40d0fb44319f7bd0ebe1ffbc61fa661,2026-09-13,Man United,Man City,corners_total_9_5,under,Fanatics,-110
2026-09-02T19:22:14+00:00,e40d0fb44319f7bd0ebe1ffbc61fa661,2026-09-13,Man United,Man City,double_chance,draw_or_away,BetRivers,-305
2026-09-02T19:22:14+00:00,e40d0fb44319f7bd0ebe1ffbc61fa661,2026-09-13,Man United,Man City,double_chance,draw_or_away,Bovada,-280
2026-09-02T19:22:14+00:00,e40d0fb44319f7bd0ebe1ffbc61fa661,2026-09-13,Man United,Man City,double_chance,draw_or_away,DraftKings,-285
2026-09-02T19:22:14+00:00,e40d0fb44319f7bd0ebe1ffbc61fa661,2026-09-13,Man United,Man City,double_chance,draw_or_away,FanDuel,-280
2026-09-02T19:22:14+00:00,e40d0fb44319f7bd0ebe1ffbc61fa661,2026-09-13,Man United,Man City,double_chance,draw_or_away,Fanatics,-260
2026-09-02T19:22:14+00:00,e40d0fb44319f7bd0ebe1ffbc61fa661,2026-09-13,Man United,Man City,double_chance,home_or_away,BetRivers,-455
2026-09-02T19:22:14+00:00,e40d0fb44319f7bd0ebe1ffbc61fa661,2026-09-13,Man United,Man City,double_chance,home_or_away,Bovada,-375
2026-09-02T19:22:14+00:00,e40d0fb44319f7bd0ebe1ffbc61fa661,2026-09-13,Man United,Man City,double_chance,home_or_away,DraftKings,-425
2026-09-02T19:22:14+00:00,e40d0fb44319f7bd0ebe1ffbc61fa661,2026-09-13,Man United,Man City,double_chance,home_or_away,FanDuel,-390
2026-09-02T19:22:14+00:00,e40d0fb44319f7bd0ebe1ffbc61fa661,2026-09-13,Man United,Man City,double_chance,home_or_away,Fanatics,-375
2026-09-02T19:22:14+00:00,e40d0fb44319f7bd0ebe1ffbc61fa661,2026-09-13,Man United,Man City,double_chance,home_or_draw,BetRivers,-157
2026-09-02T19:22:14+00:00,e40d0fb44319f7bd0ebe1ffbc61fa661,2026-09-13,Man United,Man City,double_chance,home_or_draw,Bovada,-148
2026-09-02T19:22:14+00:00,e40d0fb44319f7bd0ebe1ffbc61fa661,2026-09-13,Man United,Man City,double_chance,home_or_draw,DraftKings,-155
2026-09-02T19:22:14+00:00,e40d0fb44319f7bd0ebe1ffbc61fa661,2026-09-13,Man United,Man City,double_chance,home_or_draw,FanDuel,-150
2026-09-02T19:22:14+00:00,e40d0fb44319f7bd0ebe1ffbc61fa661,2026-09-13,Man United,Man City,double_chance,home_or_draw,Fanatics,-140
2026-09-02T19:22:14+00:00,e40d0fb44319f7bd0ebe1ffbc61fa661,2026-09-13,Man United,Man City,draw_no_bet,away,BetRivers,-177
2026-09-02T19:22:14+00:00,e40d0fb44319f7bd0ebe1ffbc61fa661,2026-09-13,Man United,Man City,draw_no_bet,away,Bovada,-162
2026-09-02T19:22:14+00:00,e40d0fb44319f7bd0ebe1ffbc61fa661,2026-09-13,Man United,Man City,draw_no_bet,away,DraftKings,-175
2026-09-02T19:22:14+00:00,e40d0fb44319f7bd0ebe1ffbc61fa661,2026-09-13,Man United,Man City,draw_no_bet,away,FanDuel,-162
2026-09-02T19:22:14+00:00,e40d0fb44319f7bd0ebe1ffbc61fa661,2026-09-13,Man United,Man City,draw_no_bet,away,Fanatics,-165
2026-09-02T19:22:14+00:00,e40d0fb44319f7bd0ebe1ffbc61fa661,2026-09-13,Man United,Man City,draw_no_bet,home,BetRivers,120
2026-09-02T19:22:14+00:00,e40d0fb44319f7bd0ebe1ffbc61fa661,2026-09-13,Man United,Man City,draw_no_bet,home,Bovada,134
2026-09-02T19:22:14+00:00,e40d0fb44319f7bd0ebe1ffbc61fa661,2026-09-13,Man United,Man City,draw_no_bet,home,DraftKings,125
2026-09-02T19:22:14+00:00,e40d0fb44319f7bd0ebe1ffbc61fa661,2026-09-13,Man United,Man City,draw_no_bet,home,FanDuel,138
2026-09-02T19:22:14+00:00,e40d0fb44319f7bd0ebe1ffbc61fa661,2026-09-13,Man United,Man City,draw_no_bet,home,Fanatics,125
2026-09-02T19:22:14+00:00,e40d0fb44319f7bd0ebe1ffbc61fa661,2026-09-13,Man United,Man City,total_2_5,over,BetRivers,-195
2026-09-02T19:22:14+00:00,e40d0fb44319f7bd0ebe1ffbc61fa661,2026-09-13,Man United,Man City,total_2_5,over,Bovada,-188
2026-09-02T19:22:14+00:00,e40d0fb44319f7bd0ebe1ffbc61fa661,2026-09-13,Man United,Man City,total_2_5,over,DraftKings,-215
2026-09-02T19:22:14+00:00,e40d0fb44319f7bd0ebe1ffbc61fa661,2026-09-13,Man United,Man City,total_2_5,over,FanDuel,-188
2026-09-02T19:22:14+00:00,e40d0fb44319f7bd0ebe1ffbc61fa661,2026-09-13,Man United,Man City,total_2_5,over,Fanatics,-200
2026-09-02T19:22:14+00:00,e40d0fb44319f7bd0ebe1ffbc61fa661,2026-09-13,Man United,Man City,total_2_5,under,BetRivers,150
2026-09-02T19:22:14+00:00,e40d0fb44319f7bd0ebe1ffbc61fa661,2026-09-13,Man United,Man City,total_2_5,under,Bovada,155
2026-09-02T19:22:14+00:00,e40d0fb44319f7bd0ebe1ffbc61fa661,2026-09-13,Man United,Man City,total_2_5,under,DraftKings,155
2026-09-02T19:22:14+00:00,e40d0fb44319f7bd0ebe1ffbc61fa661,2026-09-13,Man United,Man City,total_2_5,under,FanDuel,152
2026-09-02T19:22:14+00:00,e40d0fb44319f7bd0ebe1ffbc61fa661,2026-09-13,Man United,Man City,total_2_5,under,Fanatics,150
